object_id,score_name,score_value
3,Ground subsidence (InSAR),1.0
7,Ground subsidence (InSAR),0.5535
51,Ground subsidence (InSAR),0.0785
91,Ground subsidence (InSAR),0.1486
92,Ground subsidence (InSAR),0.1511
94,Ground subsidence (InSAR),0.2644
95,Ground subsidence (InSAR),0.2644
97,Ground subsidence (InSAR),0.2021
120,Ground subsidence (InSAR),0.0305
121,Ground subsidence (InSAR),0.0305
122,Ground subsidence (InSAR),0.0305
127,Ground subsidence (InSAR),1.0
128,Ground subsidence (InSAR),1.0
129,Ground subsidence (InSAR),1.0
130,Ground subsidence (InSAR),1.0
131,Ground subsidence (InSAR),0.084
132,Ground subsidence (InSAR),0.084
134,Ground subsidence (InSAR),0.084
136,Ground subsidence (InSAR),0.084
137,Ground subsidence (InSAR),0.084
138,Ground subsidence (InSAR),0.084
139,Ground subsidence (InSAR),0.1091
145,Ground subsidence (InSAR),0.0749
146,Ground subsidence (InSAR),0.0749
147,Ground subsidence (InSAR),0.0749
148,Ground subsidence (InSAR),0.0749
149,Ground subsidence (InSAR),0.0749
150,Ground subsidence (InSAR),0.0749
152,Ground subsidence (InSAR),0.0749
153,Ground subsidence (InSAR),0.1626
155,Ground subsidence (InSAR),0.1626
158,Ground subsidence (InSAR),0.1626
161,Ground subsidence (InSAR),0.1076
162,Ground subsidence (InSAR),0.1076
163,Ground subsidence (InSAR),0.1076
182,Ground subsidence (InSAR),0.1346
183,Ground subsidence (InSAR),0.1076
184,Ground subsidence (InSAR),0.1346
185,Ground subsidence (InSAR),0.1346
186,Ground subsidence (InSAR),0.1346
187,Ground subsidence (InSAR),0.0759
188,Ground subsidence (InSAR),0.0759
189,Ground subsidence (InSAR),0.0462
190,Ground subsidence (InSAR),0.0462
191,Ground subsidence (InSAR),0.0462
192,Ground subsidence (InSAR),0.0462
193,Ground subsidence (InSAR),0.0462
194,Ground subsidence (InSAR),0.1345
195,Ground subsidence (InSAR),0.0305
196,Ground subsidence (InSAR),0.0305
197,Ground subsidence (InSAR),0.0305
198,Ground subsidence (InSAR),0.0305
199,Ground subsidence (InSAR),0.0305
200,Ground subsidence (InSAR),0.0305
201,Ground subsidence (InSAR),0.1018
202,Ground subsidence (InSAR),0.1018
203,Ground subsidence (InSAR),0.2485
204,Ground subsidence (InSAR),0.2485
205,Ground subsidence (InSAR),0.2485
206,Ground subsidence (InSAR),0.2485
207,Ground subsidence (InSAR),0.2485
208,Ground subsidence (InSAR),0.2485
209,Ground subsidence (InSAR),0.2485
210,Ground subsidence (InSAR),0.2485
211,Ground subsidence (InSAR),0.2485
212,Ground subsidence (InSAR),0.1347
213,Ground subsidence (InSAR),0.2277
214,Ground subsidence (InSAR),0.2277
215,Ground subsidence (InSAR),0.2277
222,Ground subsidence (InSAR),0.2277
230,Ground subsidence (InSAR),0.2277
233,Ground subsidence (InSAR),0.255
235,Ground subsidence (InSAR),0.2282
237,Ground subsidence (InSAR),0.2282
239,Ground subsidence (InSAR),0.2282
249,Ground subsidence (InSAR),0.1539
250,Ground subsidence (InSAR),0.0749
251,Ground subsidence (InSAR),0.0749
252,Ground subsidence (InSAR),0.0749
253,Ground subsidence (InSAR),0.0749
254,Ground subsidence (InSAR),0.0749
255,Ground subsidence (InSAR),0.0912
256,Ground subsidence (InSAR),0.0912
257,Ground subsidence (InSAR),0.1076
258,Ground subsidence (InSAR),0.1076
259,Ground subsidence (InSAR),0.1076
260,Ground subsidence (InSAR),0.1076
261,Ground subsidence (InSAR),0.1076
262,Ground subsidence (InSAR),0.1076
263,Ground subsidence (InSAR),0.1076
264,Ground subsidence (InSAR),0.0759
265,Ground subsidence (InSAR),0.0759
266,Ground subsidence (InSAR),0.0759
267,Ground subsidence (InSAR),0.0759
268,Ground subsidence (InSAR),0.0759
269,Ground subsidence (InSAR),0.0759
270,Ground subsidence (InSAR),0.0759
271,Ground subsidence (InSAR),0.0759
272,Ground subsidence (InSAR),0.0759
273,Ground subsidence (InSAR),0.0462
274,Ground subsidence (InSAR),0.0462
275,Ground subsidence (InSAR),0.1345
276,Ground subsidence (InSAR),0.1345
277,Ground subsidence (InSAR),0.0305
278,Ground subsidence (InSAR),0.0305
279,Ground subsidence (InSAR),0.0671
280,Ground subsidence (InSAR),0.0671
281,Ground subsidence (InSAR),0.0671
282,Ground subsidence (InSAR),0.0671
283,Ground subsidence (InSAR),0.0671
284,Ground subsidence (InSAR),0.2485
285,Ground subsidence (InSAR),0.2485
286,Ground subsidence (InSAR),0.2485
287,Ground subsidence (InSAR),0.2485
288,Ground subsidence (InSAR),0.2485
289,Ground subsidence (InSAR),0.2485
290,Ground subsidence (InSAR),0.2485
291,Ground subsidence (InSAR),0.2485
292,Ground subsidence (InSAR),0.2485
293,Ground subsidence (InSAR),0.2277
295,Ground subsidence (InSAR),0.2349
296,Ground subsidence (InSAR),0.2277
297,Ground subsidence (InSAR),0.2277
298,Ground subsidence (InSAR),0.2277
299,Ground subsidence (InSAR),0.2277
301,Ground subsidence (InSAR),0.2282
303,Ground subsidence (InSAR),0.2282
304,Ground subsidence (InSAR),0.2282
305,Ground subsidence (InSAR),0.2282
306,Ground subsidence (InSAR),0.2282
307,Ground subsidence (InSAR),0.2282
308,Ground subsidence (InSAR),0.1829
309,Ground subsidence (InSAR),0.1829
310,Ground subsidence (InSAR),0.1829
311,Ground subsidence (InSAR),1.0
312,Ground subsidence (InSAR),1.0
408,Ground subsidence (InSAR),0.0601
410,Ground subsidence (InSAR),0.0601
411,Ground subsidence (InSAR),0.0601
414,Ground subsidence (InSAR),0.2052
417,Ground subsidence (InSAR),0.2052
418,Ground subsidence (InSAR),0.2528
419,Ground subsidence (InSAR),0.3453
420,Ground subsidence (InSAR),0.3884
422,Ground subsidence (InSAR),0.182
424,Ground subsidence (InSAR),0.182
426,Ground subsidence (InSAR),0.1498
428,Ground subsidence (InSAR),0.1498
429,Ground subsidence (InSAR),0.1498
430,Ground subsidence (InSAR),0.1498
431,Ground subsidence (InSAR),0.1498
432,Ground subsidence (InSAR),0.1498
434,Ground subsidence (InSAR),0.1498
436,Ground subsidence (InSAR),0.182
437,Ground subsidence (InSAR),0.182
438,Ground subsidence (InSAR),0.182
439,Ground subsidence (InSAR),0.182
440,Ground subsidence (InSAR),0.182
441,Ground subsidence (InSAR),0.182
443,Ground subsidence (InSAR),0.182
444,Ground subsidence (InSAR),0.182
445,Ground subsidence (InSAR),0.182
446,Ground subsidence (InSAR),0.2501
449,Ground subsidence (InSAR),0.2501
451,Ground subsidence (InSAR),0.2501
452,Ground subsidence (InSAR),0.3453
461,Ground subsidence (InSAR),0.0464
462,Ground subsidence (InSAR),0.0464
463,Ground subsidence (InSAR),0.0464
465,Ground subsidence (InSAR),0.0464
466,Ground subsidence (InSAR),1.0
467,Ground subsidence (InSAR),1.0
469,Ground subsidence (InSAR),1.0
470,Ground subsidence (InSAR),1.0
471,Ground subsidence (InSAR),1.0
472,Ground subsidence (InSAR),1.0
480,Ground subsidence (InSAR),1.0
481,Ground subsidence (InSAR),1.0
492,Ground subsidence (InSAR),0.1105
493,Ground subsidence (InSAR),0.1103
494,Ground subsidence (InSAR),0.1103
495,Ground subsidence (InSAR),0.1587
499,Ground subsidence (InSAR),0.2029
501,Ground subsidence (InSAR),0.1409
509,Ground subsidence (InSAR),0.1409
517,Ground subsidence (InSAR),0.1409
519,Ground subsidence (InSAR),0.1034
521,Ground subsidence (InSAR),0.1781
522,Ground subsidence (InSAR),0.1034
525,Ground subsidence (InSAR),0.1034
527,Ground subsidence (InSAR),0.1781
529,Ground subsidence (InSAR),0.1781
530,Ground subsidence (InSAR),0.1781
531,Ground subsidence (InSAR),0.1781
540,Ground subsidence (InSAR),0.071
541,Ground subsidence (InSAR),0.1781
542,Ground subsidence (InSAR),0.1781
544,Ground subsidence (InSAR),0.071
546,Ground subsidence (InSAR),0.0984
549,Ground subsidence (InSAR),0.071
551,Ground subsidence (InSAR),0.071
552,Ground subsidence (InSAR),0.1249
555,Ground subsidence (InSAR),0.1249
559,Ground subsidence (InSAR),0.2349
562,Ground subsidence (InSAR),0.2349
563,Ground subsidence (InSAR),0.2836
564,Ground subsidence (InSAR),0.2836
565,Ground subsidence (InSAR),0.1426
566,Ground subsidence (InSAR),0.1801
568,Ground subsidence (InSAR),0.3813
570,Ground subsidence (InSAR),0.1426
571,Ground subsidence (InSAR),0.3813
572,Ground subsidence (InSAR),0.3813
574,Ground subsidence (InSAR),0.1801
576,Ground subsidence (InSAR),0.2668
578,Ground subsidence (InSAR),0.1801
580,Ground subsidence (InSAR),0.2668
581,Ground subsidence (InSAR),0.199
583,Ground subsidence (InSAR),0.218
588,Ground subsidence (InSAR),0.0837
590,Ground subsidence (InSAR),0.0837
595,Ground subsidence (InSAR),0.0837
597,Ground subsidence (InSAR),0.2349
598,Ground subsidence (InSAR),0.2349
599,Ground subsidence (InSAR),0.8598
600,Ground subsidence (InSAR),0.8598
602,Ground subsidence (InSAR),0.1426
604,Ground subsidence (InSAR),0.1426
607,Ground subsidence (InSAR),0.1426
608,Ground subsidence (InSAR),0.1801
609,Ground subsidence (InSAR),0.1426
610,Ground subsidence (InSAR),0.1801
611,Ground subsidence (InSAR),0.1801
612,Ground subsidence (InSAR),0.1801
613,Ground subsidence (InSAR),0.199
614,Ground subsidence (InSAR),0.199
615,Ground subsidence (InSAR),0.199
616,Ground subsidence (InSAR),0.199
617,Ground subsidence (InSAR),0.8598
618,Ground subsidence (InSAR),0.8598
619,Ground subsidence (InSAR),0.8598
632,Ground subsidence (InSAR),0.0653
633,Ground subsidence (InSAR),0.0653
635,Ground subsidence (InSAR),0.0653
636,Ground subsidence (InSAR),0.0653
637,Ground subsidence (InSAR),0.0653
639,Ground subsidence (InSAR),0.0653
640,Ground subsidence (InSAR),0.0653
642,Ground subsidence (InSAR),0.0653
643,Ground subsidence (InSAR),0.0653
644,Ground subsidence (InSAR),0.0653
647,Ground subsidence (InSAR),0.0653
649,Ground subsidence (InSAR),0.0233
652,Ground subsidence (InSAR),0.0233
654,Ground subsidence (InSAR),0.156
655,Ground subsidence (InSAR),0.156
657,Ground subsidence (InSAR),0.1496
659,Ground subsidence (InSAR),0.1496
661,Ground subsidence (InSAR),0.1496
662,Ground subsidence (InSAR),0.1103
664,Ground subsidence (InSAR),0.1103
736,Ground subsidence (InSAR),0.1894
739,Ground subsidence (InSAR),0.1894
740,Ground subsidence (InSAR),0.1894
741,Ground subsidence (InSAR),0.0794
744,Ground subsidence (InSAR),0.0794
745,Ground subsidence (InSAR),0.0794
746,Ground subsidence (InSAR),0.0794
747,Ground subsidence (InSAR),0.0794
793,Ground subsidence (InSAR),0.0794
794,Ground subsidence (InSAR),0.0794
795,Ground subsidence (InSAR),0.0794
811,Ground subsidence (InSAR),0.2349
812,Ground subsidence (InSAR),0.218
813,Ground subsidence (InSAR),0.0928
815,Ground subsidence (InSAR),0.0928
816,Ground subsidence (InSAR),0.0928
817,Ground subsidence (InSAR),0.0928
818,Ground subsidence (InSAR),0.071
870,Ground subsidence (InSAR),0.0793
871,Ground subsidence (InSAR),0.0793
872,Ground subsidence (InSAR),0.0793
873,Ground subsidence (InSAR),0.0793
874,Ground subsidence (InSAR),0.0793
875,Ground subsidence (InSAR),0.0793
876,Ground subsidence (InSAR),0.1111
877,Ground subsidence (InSAR),0.1111
878,Ground subsidence (InSAR),0.1111
879,Ground subsidence (InSAR),0.1111
880,Ground subsidence (InSAR),0.2942
921,Ground subsidence (InSAR),0.2942
937,Ground subsidence (InSAR),0.1629
948,Ground subsidence (InSAR),0.0631
950,Ground subsidence (InSAR),1.0
951,Ground subsidence (InSAR),0.0631
952,Ground subsidence (InSAR),0.0631
953,Ground subsidence (InSAR),0.3443
956,Ground subsidence (InSAR),0.3443
957,Ground subsidence (InSAR),0.1629
958,Ground subsidence (InSAR),0.0631
1020,Ground subsidence (InSAR),1.0
1029,Ground subsidence (InSAR),0.218
1030,Ground subsidence (InSAR),0.218
1031,Ground subsidence (InSAR),0.9281
1034,Ground subsidence (InSAR),0.1168
1035,Ground subsidence (InSAR),0.1168
1036,Ground subsidence (InSAR),0.26
1038,Ground subsidence (InSAR),0.6892
1039,Ground subsidence (InSAR),1.0
1041,Ground subsidence (InSAR),0.244
1043,Ground subsidence (InSAR),0.218
1044,Ground subsidence (InSAR),0.9281
1045,Ground subsidence (InSAR),1.0
1050,Ground subsidence (InSAR),0.1168
1051,Ground subsidence (InSAR),0.26
1054,Ground subsidence (InSAR),0.26
1055,Ground subsidence (InSAR),0.26
1058,Ground subsidence (InSAR),0.797
1059,Ground subsidence (InSAR),0.7855
1060,Ground subsidence (InSAR),0.797
1063,Ground subsidence (InSAR),0.797
1064,Ground subsidence (InSAR),0.7674
1065,Ground subsidence (InSAR),0.7674
1070,Ground subsidence (InSAR),0.7318
1073,Ground subsidence (InSAR),0.7318
1074,Ground subsidence (InSAR),0.7318
1079,Ground subsidence (InSAR),1.0
1080,Ground subsidence (InSAR),0.7318
1082,Ground subsidence (InSAR),0.1049
1084,Ground subsidence (InSAR),0.1049
1087,Ground subsidence (InSAR),0.1049
1089,Ground subsidence (InSAR),0.2052
1092,Ground subsidence (InSAR),0.2052
1094,Ground subsidence (InSAR),0.021
1112,Ground subsidence (InSAR),0.7318
1114,Ground subsidence (InSAR),0.7318
1120,Ground subsidence (InSAR),0.1585
1121,Ground subsidence (InSAR),0.1585
1122,Ground subsidence (InSAR),0.1585
1123,Ground subsidence (InSAR),0.1585
1125,Ground subsidence (InSAR),0.3016
1127,Ground subsidence (InSAR),0.3016
1128,Ground subsidence (InSAR),0.3016
1129,Ground subsidence (InSAR),0.3016
1131,Ground subsidence (InSAR),0.0962
1134,Ground subsidence (InSAR),0.1001
1136,Ground subsidence (InSAR),0.5937
1137,Ground subsidence (InSAR),0.2018
1138,Ground subsidence (InSAR),0.1001
1140,Ground subsidence (InSAR),1.0
1143,Ground subsidence (InSAR),0.2402
1144,Ground subsidence (InSAR),0.2402
1146,Ground subsidence (InSAR),0.244
1147,Ground subsidence (InSAR),0.2402
1148,Ground subsidence (InSAR),0.2402
1150,Ground subsidence (InSAR),0.244
1155,Ground subsidence (InSAR),0.1597
1156,Ground subsidence (InSAR),1.0
1157,Ground subsidence (InSAR),0.3359
1158,Ground subsidence (InSAR),0.3359
1161,Ground subsidence (InSAR),0.2018
1163,Ground subsidence (InSAR),0.2018
1164,Ground subsidence (InSAR),0.9916
1165,Ground subsidence (InSAR),0.9916
1166,Ground subsidence (InSAR),0.2522
1167,Ground subsidence (InSAR),0.9916
1168,Ground subsidence (InSAR),0.9916
1169,Ground subsidence (InSAR),0.3013
1170,Ground subsidence (InSAR),0.9916
1172,Ground subsidence (InSAR),0.9916
1173,Ground subsidence (InSAR),0.0616
1174,Ground subsidence (InSAR),1.0
1178,Ground subsidence (InSAR),1.0
1182,Ground subsidence (InSAR),1.0
1188,Ground subsidence (InSAR),0.2839
1189,Ground subsidence (InSAR),0.2836
1190,Ground subsidence (InSAR),0.8009
1191,Ground subsidence (InSAR),0.4471
1192,Ground subsidence (InSAR),0.1486
1193,Ground subsidence (InSAR),0.8009
1194,Ground subsidence (InSAR),0.8009
1195,Ground subsidence (InSAR),0.7735
1196,Ground subsidence (InSAR),1.0
1197,Ground subsidence (InSAR),0.7735
1200,Ground subsidence (InSAR),0.174
1201,Ground subsidence (InSAR),0.174
1202,Ground subsidence (InSAR),0.1507
1203,Ground subsidence (InSAR),0.1507
1204,Ground subsidence (InSAR),0.2552
1205,Ground subsidence (InSAR),0.2552
1206,Ground subsidence (InSAR),0.0962
1207,Ground subsidence (InSAR),0.0962
1208,Ground subsidence (InSAR),0.0962
1209,Ground subsidence (InSAR),0.2429
1210,Ground subsidence (InSAR),0.199
1212,Ground subsidence (InSAR),0.2552
1213,Ground subsidence (InSAR),0.3013
1214,Ground subsidence (InSAR),0.1603
1215,Ground subsidence (InSAR),0.3013
1216,Ground subsidence (InSAR),0.2552
1217,Ground subsidence (InSAR),0.0868
1218,Ground subsidence (InSAR),0.1603
1219,Ground subsidence (InSAR),0.1149
1220,Ground subsidence (InSAR),0.3013
1221,Ground subsidence (InSAR),0.1603
1222,Ground subsidence (InSAR),0.1467
1223,Ground subsidence (InSAR),0.1467
1224,Ground subsidence (InSAR),0.3813
1225,Ground subsidence (InSAR),0.1695
1226,Ground subsidence (InSAR),0.1695
1227,Ground subsidence (InSAR),0.1695
1228,Ground subsidence (InSAR),0.1526
1229,Ground subsidence (InSAR),0.1467
1230,Ground subsidence (InSAR),0.1467
1231,Ground subsidence (InSAR),0.0616
1232,Ground subsidence (InSAR),0.0616
1233,Ground subsidence (InSAR),0.2969
1236,Ground subsidence (InSAR),0.1643
1237,Ground subsidence (InSAR),0.2429
1239,Ground subsidence (InSAR),0.2429
1241,Ground subsidence (InSAR),0.2429
1246,Ground subsidence (InSAR),0.0601
1247,Ground subsidence (InSAR),0.0601
1248,Ground subsidence (InSAR),1.0
1250,Ground subsidence (InSAR),0.8728
1251,Ground subsidence (InSAR),0.8728
1261,Ground subsidence (InSAR),0.4577
1263,Ground subsidence (InSAR),0.9428
1265,Ground subsidence (InSAR),0.9428
1266,Ground subsidence (InSAR),0.4577
1267,Ground subsidence (InSAR),0.1824
1269,Ground subsidence (InSAR),0.0625
1270,Ground subsidence (InSAR),0.3475
1271,Ground subsidence (InSAR),0.3475
1272,Ground subsidence (InSAR),0.3475
1274,Ground subsidence (InSAR),0.1699
1275,Ground subsidence (InSAR),1.0
1276,Ground subsidence (InSAR),0.1699
1277,Ground subsidence (InSAR),0.3359
1278,Ground subsidence (InSAR),0.3359
1279,Ground subsidence (InSAR),1.0
1281,Ground subsidence (InSAR),0.1887
1283,Ground subsidence (InSAR),0.8728
1286,Ground subsidence (InSAR),0.6347
1289,Ground subsidence (InSAR),0.8728
1292,Ground subsidence (InSAR),0.1887
1293,Ground subsidence (InSAR),0.1887
1294,Ground subsidence (InSAR),0.1887
1295,Ground subsidence (InSAR),0.0601
1296,Ground subsidence (InSAR),0.0601
1297,Ground subsidence (InSAR),0.0601
1298,Ground subsidence (InSAR),0.1339
1299,Ground subsidence (InSAR),0.1887
1300,Ground subsidence (InSAR),0.1887
1302,Ground subsidence (InSAR),0.9916
1303,Ground subsidence (InSAR),0.9916
1304,Ground subsidence (InSAR),0.9916
1305,Ground subsidence (InSAR),0.9916
1306,Ground subsidence (InSAR),0.9916
1307,Ground subsidence (InSAR),0.2457
1308,Ground subsidence (InSAR),0.2457
1309,Ground subsidence (InSAR),0.2457
1310,Ground subsidence (InSAR),0.2457
1311,Ground subsidence (InSAR),0.1928
1312,Ground subsidence (InSAR),0.1928
1335,Ground subsidence (InSAR),0.1643
1345,Ground subsidence (InSAR),0.3259
1347,Ground subsidence (InSAR),0.1149
1350,Ground subsidence (InSAR),0.05
1351,Ground subsidence (InSAR),0.05
1352,Ground subsidence (InSAR),1.0
1353,Ground subsidence (InSAR),1.0
1354,Ground subsidence (InSAR),0.05
1355,Ground subsidence (InSAR),1.0
1356,Ground subsidence (InSAR),0.05
1357,Ground subsidence (InSAR),0.8009
1358,Ground subsidence (InSAR),0.1695
1359,Ground subsidence (InSAR),0.0616
1360,Ground subsidence (InSAR),0.0616
1361,Ground subsidence (InSAR),0.0616
1362,Ground subsidence (InSAR),0.0616
1373,Ground subsidence (InSAR),0.3307
1375,Ground subsidence (InSAR),0.3307
1376,Ground subsidence (InSAR),0.1903
1377,Ground subsidence (InSAR),0.2839
1378,Ground subsidence (InSAR),0.2839
1379,Ground subsidence (InSAR),0.1339
1380,Ground subsidence (InSAR),0.6347
1381,Ground subsidence (InSAR),0.1903
1382,Ground subsidence (InSAR),0.2132
1383,Ground subsidence (InSAR),0.2132
1384,Ground subsidence (InSAR),0.05
1423,Ground subsidence (InSAR),0.294
1424,Ground subsidence (InSAR),0.294
1448,Ground subsidence (InSAR),0.2519
1450,Ground subsidence (InSAR),0.2519
1451,Ground subsidence (InSAR),0.2519
1452,Ground subsidence (InSAR),0.2519
1453,Ground subsidence (InSAR),1.0
1454,Ground subsidence (InSAR),0.1288
1456,Ground subsidence (InSAR),1.0
1457,Ground subsidence (InSAR),0.1288
1458,Ground subsidence (InSAR),0.1288
1459,Ground subsidence (InSAR),0.0758
1461,Ground subsidence (InSAR),0.0758
1462,Ground subsidence (InSAR),0.0758
1475,Ground subsidence (InSAR),1.0
1477,Ground subsidence (InSAR),0.8636
1479,Ground subsidence (InSAR),0.8636
1480,Ground subsidence (InSAR),0.8636
1481,Ground subsidence (InSAR),0.8636
1487,Ground subsidence (InSAR),1.0
1489,Ground subsidence (InSAR),0.1699
1490,Ground subsidence (InSAR),0.1699
1491,Ground subsidence (InSAR),0.1699
1492,Ground subsidence (InSAR),0.1699
1494,Ground subsidence (InSAR),0.1699
1496,Ground subsidence (InSAR),0.3359
1497,Ground subsidence (InSAR),1.0
1498,Ground subsidence (InSAR),0.2522
1499,Ground subsidence (InSAR),0.2522
1500,Ground subsidence (InSAR),1.0
1505,Ground subsidence (InSAR),0.1999
1508,Ground subsidence (InSAR),0.2519
1510,Ground subsidence (InSAR),0.2519
1516,Ground subsidence (InSAR),0.1288
1519,Ground subsidence (InSAR),0.1288
1522,Ground subsidence (InSAR),0.228
1524,Ground subsidence (InSAR),0.228
1527,Ground subsidence (InSAR),0.228
1528,Ground subsidence (InSAR),0.228
1529,Ground subsidence (InSAR),0.228
1544,Ground subsidence (InSAR),0.1507
1554,Ground subsidence (InSAR),0.1467
1556,Ground subsidence (InSAR),0.1467
1557,Ground subsidence (InSAR),0.1699
1558,Ground subsidence (InSAR),0.1699
1560,Ground subsidence (InSAR),0.1699
1562,Ground subsidence (InSAR),0.1699
1563,Ground subsidence (InSAR),0.1699
1564,Ground subsidence (InSAR),0.1699
1565,Ground subsidence (InSAR),0.1259
1566,Ground subsidence (InSAR),0.3359
1567,Ground subsidence (InSAR),0.1259
1568,Ground subsidence (InSAR),0.3359
1569,Ground subsidence (InSAR),0.3359
1570,Ground subsidence (InSAR),0.1259
1572,Ground subsidence (InSAR),0.3359
1574,Ground subsidence (InSAR),0.3359
1577,Ground subsidence (InSAR),0.3359
1579,Ground subsidence (InSAR),0.216
1581,Ground subsidence (InSAR),0.216
1583,Ground subsidence (InSAR),0.9428
1585,Ground subsidence (InSAR),0.216
1587,Ground subsidence (InSAR),0.216
1591,Ground subsidence (InSAR),0.216
1595,Ground subsidence (InSAR),0.2836
1596,Ground subsidence (InSAR),0.111
1644,Ground subsidence (InSAR),1.0
1660,Ground subsidence (InSAR),0.2519
1661,Ground subsidence (InSAR),0.1824
1662,Ground subsidence (InSAR),0.1824
1663,Ground subsidence (InSAR),0.093
1670,Ground subsidence (InSAR),0.2522
1671,Ground subsidence (InSAR),0.2522
1673,Ground subsidence (InSAR),0.1999
1674,Ground subsidence (InSAR),0.2349
1675,Ground subsidence (InSAR),0.2349
1676,Ground subsidence (InSAR),0.4522
1677,Ground subsidence (InSAR),0.2349
1678,Ground subsidence (InSAR),0.1288
1679,Ground subsidence (InSAR),0.1288
1680,Ground subsidence (InSAR),0.5479
1683,Ground subsidence (InSAR),0.2826
1703,Ground subsidence (InSAR),0.294
1900,Ground subsidence (InSAR),0.0631
1907,Ground subsidence (InSAR),1.0
1916,Ground subsidence (InSAR),0.1594
1936,Ground subsidence (InSAR),0.1848
1948,Ground subsidence (InSAR),0.1848
1951,Ground subsidence (InSAR),1.0
1952,Ground subsidence (InSAR),0.1288
1958,Ground subsidence (InSAR),0.2519
1962,Ground subsidence (InSAR),0.0369
1963,Ground subsidence (InSAR),0.4577
1964,Ground subsidence (InSAR),0.2132
1965,Ground subsidence (InSAR),1.0
1966,Ground subsidence (InSAR),0.162
1967,Ground subsidence (InSAR),0.1821
1968,Ground subsidence (InSAR),1.0
1972,Ground subsidence (InSAR),0.1135
1975,Ground subsidence (InSAR),0.3584
1976,Ground subsidence (InSAR),0.1135
1977,Ground subsidence (InSAR),0.1135
1978,Ground subsidence (InSAR),0.0785
1979,Ground subsidence (InSAR),0.1135
1980,Ground subsidence (InSAR),0.2057
1982,Ground subsidence (InSAR),1.0
1984,Ground subsidence (InSAR),0.3411
1985,Ground subsidence (InSAR),1.0
1987,Ground subsidence (InSAR),1.0
1988,Ground subsidence (InSAR),0.3025
1989,Ground subsidence (InSAR),0.4947
1994,Ground subsidence (InSAR),0.3681
1997,Ground subsidence (InSAR),0.3136
1999,Ground subsidence (InSAR),0.3136
2001,Ground subsidence (InSAR),0.3411
2003,Ground subsidence (InSAR),0.5292
2004,Ground subsidence (InSAR),0.3411
2006,Ground subsidence (InSAR),0.1288
2007,Ground subsidence (InSAR),0.2394
2009,Ground subsidence (InSAR),0.3025
2011,Ground subsidence (InSAR),0.3395
2012,Ground subsidence (InSAR),0.3681
2014,Ground subsidence (InSAR),0.3395
2015,Ground subsidence (InSAR),0.3395
2016,Ground subsidence (InSAR),0.2179
2021,Ground subsidence (InSAR),0.4522
2023,Ground subsidence (InSAR),0.105
2025,Ground subsidence (InSAR),0.4522
2026,Ground subsidence (InSAR),0.105
2027,Ground subsidence (InSAR),0.105
2028,Ground subsidence (InSAR),0.4522
2039,Ground subsidence (InSAR),0.4522
2041,Ground subsidence (InSAR),0.4522
2046,Ground subsidence (InSAR),0.4522
2047,Ground subsidence (InSAR),0.105
2048,Ground subsidence (InSAR),0.4522
2049,Ground subsidence (InSAR),0.105
2051,Ground subsidence (InSAR),0.4522
2055,Ground subsidence (InSAR),0.4522
2059,Ground subsidence (InSAR),0.1288
2061,Ground subsidence (InSAR),0.1288
2064,Ground subsidence (InSAR),0.3061
2065,Ground subsidence (InSAR),0.3061
2066,Ground subsidence (InSAR),0.3061
2070,Ground subsidence (InSAR),0.228
2078,Ground subsidence (InSAR),0.257
2079,Ground subsidence (InSAR),0.228
2085,Ground subsidence (InSAR),0.228
2088,Ground subsidence (InSAR),0.228
2092,Ground subsidence (InSAR),0.228
2094,Ground subsidence (InSAR),0.228
2128,Ground subsidence (InSAR),1.0
2131,Ground subsidence (InSAR),1.0
2155,Ground subsidence (InSAR),0.4522
2159,Ground subsidence (InSAR),0.6061
2160,Ground subsidence (InSAR),1.0
2161,Ground subsidence (InSAR),0.2971
2163,Ground subsidence (InSAR),1.0
2165,Ground subsidence (InSAR),0.6061
2166,Ground subsidence (InSAR),1.0
2167,Ground subsidence (InSAR),0.6061
2169,Ground subsidence (InSAR),0.4522
2172,Ground subsidence (InSAR),0.6061
2174,Ground subsidence (InSAR),0.6061
2213,Ground subsidence (InSAR),0.0494
2214,Ground subsidence (InSAR),0.0494
2217,Ground subsidence (InSAR),0.0494
2221,Ground subsidence (InSAR),0.3028
2222,Ground subsidence (InSAR),0.3028
2227,Ground subsidence (InSAR),0.3359
2230,Ground subsidence (InSAR),0.3359
2234,Ground subsidence (InSAR),0.3359
2237,Ground subsidence (InSAR),0.216
2239,Ground subsidence (InSAR),0.216
2241,Ground subsidence (InSAR),0.216
2244,Ground subsidence (InSAR),0.216
2247,Ground subsidence (InSAR),0.2836
2258,Ground subsidence (InSAR),0.9916
2263,Ground subsidence (InSAR),0.9916
2264,Ground subsidence (InSAR),0.9916
2265,Ground subsidence (InSAR),0.9916
2274,Ground subsidence (InSAR),0.0494
2279,Ground subsidence (InSAR),0.0494
2284,Ground subsidence (InSAR),1.0
2286,Ground subsidence (InSAR),1.0
2291,Ground subsidence (InSAR),0.3813
2293,Ground subsidence (InSAR),0.3813
2297,Ground subsidence (InSAR),0.4905
2298,Ground subsidence (InSAR),0.3813
2301,Ground subsidence (InSAR),0.3813
2303,Ground subsidence (InSAR),0.4905
2305,Ground subsidence (InSAR),0.3813
2307,Ground subsidence (InSAR),0.4905
2314,Ground subsidence (InSAR),0.1785
2321,Ground subsidence (InSAR),0.0816
2326,Ground subsidence (InSAR),0.021
2330,Ground subsidence (InSAR),1.0
2336,Ground subsidence (InSAR),0.4522
2338,Ground subsidence (InSAR),0.4522
2344,Ground subsidence (InSAR),0.4522
2346,Ground subsidence (InSAR),0.4522
2350,Ground subsidence (InSAR),0.2113
2351,Ground subsidence (InSAR),0.1824
2353,Ground subsidence (InSAR),0.0758
2354,Ground subsidence (InSAR),0.0758
2355,Ground subsidence (InSAR),0.0758
2357,Ground subsidence (InSAR),0.4577
2359,Ground subsidence (InSAR),0.144
2360,Ground subsidence (InSAR),0.144
2362,Ground subsidence (InSAR),0.144
2365,Ground subsidence (InSAR),0.144
2366,Ground subsidence (InSAR),0.144
2368,Ground subsidence (InSAR),0.144
2369,Ground subsidence (InSAR),0.144
2371,Ground subsidence (InSAR),0.144
2372,Ground subsidence (InSAR),0.144
2373,Ground subsidence (InSAR),0.144
2374,Ground subsidence (InSAR),0.144
2375,Ground subsidence (InSAR),0.2969
2376,Ground subsidence (InSAR),0.2969
2377,Ground subsidence (InSAR),0.0799
2378,Ground subsidence (InSAR),0.0799
2380,Ground subsidence (InSAR),0.0799
2381,Ground subsidence (InSAR),0.2969
2383,Ground subsidence (InSAR),0.2001
2384,Ground subsidence (InSAR),0.2528
2385,Ground subsidence (InSAR),0.2001
2387,Ground subsidence (InSAR),0.2528
2388,Ground subsidence (InSAR),0.2139
2389,Ground subsidence (InSAR),0.2969
2391,Ground subsidence (InSAR),0.2139
2392,Ground subsidence (InSAR),0.2139
2398,Ground subsidence (InSAR),1.0
2399,Ground subsidence (InSAR),1.0
2400,Ground subsidence (InSAR),0.2139
2401,Ground subsidence (InSAR),1.0
2402,Ground subsidence (InSAR),0.2139
2403,Ground subsidence (InSAR),0.0823
2404,Ground subsidence (InSAR),0.2139
2405,Ground subsidence (InSAR),0.0823
2406,Ground subsidence (InSAR),0.2139
2407,Ground subsidence (InSAR),0.0823
2408,Ground subsidence (InSAR),0.1397
2409,Ground subsidence (InSAR),1.0
2410,Ground subsidence (InSAR),0.1397
2411,Ground subsidence (InSAR),1.0
2412,Ground subsidence (InSAR),0.2482
2415,Ground subsidence (InSAR),0.2482
2417,Ground subsidence (InSAR),1.0
2418,Ground subsidence (InSAR),0.2314
2420,Ground subsidence (InSAR),0.2314
2421,Ground subsidence (InSAR),0.2314
2423,Ground subsidence (InSAR),0.9953
2424,Ground subsidence (InSAR),0.2314
2426,Ground subsidence (InSAR),0.9953
2429,Ground subsidence (InSAR),0.9953
2432,Ground subsidence (InSAR),0.9953
2435,Ground subsidence (InSAR),0.9953
2438,Ground subsidence (InSAR),0.9916
2441,Ground subsidence (InSAR),0.9916
2445,Ground subsidence (InSAR),0.2457
2447,Ground subsidence (InSAR),0.2457
2450,Ground subsidence (InSAR),0.2457
2454,Ground subsidence (InSAR),0.1928
2456,Ground subsidence (InSAR),0.1928
2459,Ground subsidence (InSAR),0.1928
2460,Ground subsidence (InSAR),0.1928
2463,Ground subsidence (InSAR),0.2332
2464,Ground subsidence (InSAR),0.1928
2467,Ground subsidence (InSAR),0.1928
2468,Ground subsidence (InSAR),0.039
2469,Ground subsidence (InSAR),0.0758
2470,Ground subsidence (InSAR),0.1266
2471,Ground subsidence (InSAR),0.0758
2472,Ground subsidence (InSAR),0.1585
2473,Ground subsidence (InSAR),0.0758
2474,Ground subsidence (InSAR),0.0827
2475,Ground subsidence (InSAR),0.1585
2476,Ground subsidence (InSAR),0.0758
2477,Ground subsidence (InSAR),0.1306
2478,Ground subsidence (InSAR),0.7855
2479,Ground subsidence (InSAR),0.1306
2481,Ground subsidence (InSAR),0.0758
2482,Ground subsidence (InSAR),0.7855
2483,Ground subsidence (InSAR),0.1306
2484,Ground subsidence (InSAR),0.7855
2485,Ground subsidence (InSAR),0.0758
2487,Ground subsidence (InSAR),0.2668
2488,Ground subsidence (InSAR),1.0
2490,Ground subsidence (InSAR),0.0758
2492,Ground subsidence (InSAR),1.0
2493,Ground subsidence (InSAR),0.144
2494,Ground subsidence (InSAR),0.1585
2495,Ground subsidence (InSAR),0.3061
2496,Ground subsidence (InSAR),0.2595
2497,Ground subsidence (InSAR),0.2668
2498,Ground subsidence (InSAR),0.2595
2500,Ground subsidence (InSAR),0.2668
2502,Ground subsidence (InSAR),0.2595
2503,Ground subsidence (InSAR),0.2668
2504,Ground subsidence (InSAR),0.2668
2506,Ground subsidence (InSAR),0.2595
2507,Ground subsidence (InSAR),0.2668
2508,Ground subsidence (InSAR),0.0794
2509,Ground subsidence (InSAR),1.0
2510,Ground subsidence (InSAR),1.0
2511,Ground subsidence (InSAR),0.1426
2512,Ground subsidence (InSAR),1.0
2513,Ground subsidence (InSAR),0.2595
2515,Ground subsidence (InSAR),0.2595
2516,Ground subsidence (InSAR),0.0799
2517,Ground subsidence (InSAR),1.0
2518,Ground subsidence (InSAR),0.1426
2519,Ground subsidence (InSAR),0.2585
2520,Ground subsidence (InSAR),0.2585
2521,Ground subsidence (InSAR),0.0794
2522,Ground subsidence (InSAR),0.1426
2523,Ground subsidence (InSAR),0.4053
2524,Ground subsidence (InSAR),0.0794
2525,Ground subsidence (InSAR),0.4053
2526,Ground subsidence (InSAR),0.2585
2527,Ground subsidence (InSAR),0.4352
2528,Ground subsidence (InSAR),0.4053
2529,Ground subsidence (InSAR),0.4352
2530,Ground subsidence (InSAR),0.2585
2531,Ground subsidence (InSAR),0.1887
2532,Ground subsidence (InSAR),0.4053
2533,Ground subsidence (InSAR),0.2585
2534,Ground subsidence (InSAR),0.202
2535,Ground subsidence (InSAR),0.4352
2536,Ground subsidence (InSAR),0.1148
2537,Ground subsidence (InSAR),0.4053
2538,Ground subsidence (InSAR),0.1148
2539,Ground subsidence (InSAR),0.2552
2540,Ground subsidence (InSAR),0.4905
2542,Ground subsidence (InSAR),0.4053
2543,Ground subsidence (InSAR),0.1148
2544,Ground subsidence (InSAR),0.202
2545,Ground subsidence (InSAR),0.2552
2546,Ground subsidence (InSAR),0.202
2547,Ground subsidence (InSAR),0.2139
2548,Ground subsidence (InSAR),0.202
2549,Ground subsidence (InSAR),0.2139
2550,Ground subsidence (InSAR),0.2293
2551,Ground subsidence (InSAR),0.0474
2552,Ground subsidence (InSAR),0.202
2553,Ground subsidence (InSAR),0.2139
2554,Ground subsidence (InSAR),0.2293
2555,Ground subsidence (InSAR),0.0474
2556,Ground subsidence (InSAR),0.2139
2557,Ground subsidence (InSAR),0.2293
2558,Ground subsidence (InSAR),0.073
2559,Ground subsidence (InSAR),0.2139
2560,Ground subsidence (InSAR),0.2293
2561,Ground subsidence (InSAR),0.2631
2562,Ground subsidence (InSAR),0.2293
2563,Ground subsidence (InSAR),0.2631
2564,Ground subsidence (InSAR),0.2631
2565,Ground subsidence (InSAR),0.3449
2566,Ground subsidence (InSAR),0.3449
2567,Ground subsidence (InSAR),0.2631
2568,Ground subsidence (InSAR),0.3449
2569,Ground subsidence (InSAR),0.2631
2571,Ground subsidence (InSAR),0.2482
2572,Ground subsidence (InSAR),0.1158
2573,Ground subsidence (InSAR),0.3449
2575,Ground subsidence (InSAR),0.1158
2577,Ground subsidence (InSAR),0.0618
2579,Ground subsidence (InSAR),0.1928
2580,Ground subsidence (InSAR),0.0618
2581,Ground subsidence (InSAR),0.2839
2582,Ground subsidence (InSAR),0.0564
2584,Ground subsidence (InSAR),0.039
2585,Ground subsidence (InSAR),0.039
2587,Ground subsidence (InSAR),0.1585
2588,Ground subsidence (InSAR),0.039
2590,Ground subsidence (InSAR),0.1585
2591,Ground subsidence (InSAR),0.039
2592,Ground subsidence (InSAR),0.067
2593,Ground subsidence (InSAR),0.039
2594,Ground subsidence (InSAR),1.0
2595,Ground subsidence (InSAR),0.1585
2596,Ground subsidence (InSAR),0.039
2597,Ground subsidence (InSAR),0.039
2598,Ground subsidence (InSAR),1.0
2599,Ground subsidence (InSAR),0.039
2600,Ground subsidence (InSAR),0.1585
2601,Ground subsidence (InSAR),0.039
2602,Ground subsidence (InSAR),1.0
2603,Ground subsidence (InSAR),0.039
2604,Ground subsidence (InSAR),0.9953
2605,Ground subsidence (InSAR),0.3813
2606,Ground subsidence (InSAR),0.039
2607,Ground subsidence (InSAR),0.0274
2608,Ground subsidence (InSAR),0.3813
2609,Ground subsidence (InSAR),0.9953
2610,Ground subsidence (InSAR),0.9953
2611,Ground subsidence (InSAR),0.0274
2612,Ground subsidence (InSAR),0.3813
2613,Ground subsidence (InSAR),0.1043
2614,Ground subsidence (InSAR),0.3813
2615,Ground subsidence (InSAR),0.9953
2616,Ground subsidence (InSAR),0.1043
2617,Ground subsidence (InSAR),0.3813
2618,Ground subsidence (InSAR),0.9953
2619,Ground subsidence (InSAR),0.9953
2620,Ground subsidence (InSAR),0.3813
2621,Ground subsidence (InSAR),1.0
2622,Ground subsidence (InSAR),0.1043
2623,Ground subsidence (InSAR),0.1426
2624,Ground subsidence (InSAR),0.1426
2625,Ground subsidence (InSAR),0.1043
2626,Ground subsidence (InSAR),0.1426
2627,Ground subsidence (InSAR),0.1258
2628,Ground subsidence (InSAR),0.1426
2629,Ground subsidence (InSAR),0.1426
2630,Ground subsidence (InSAR),0.0564
2631,Ground subsidence (InSAR),0.1258
2632,Ground subsidence (InSAR),0.0564
2633,Ground subsidence (InSAR),0.0564
2634,Ground subsidence (InSAR),0.1585
2635,Ground subsidence (InSAR),0.1426
2636,Ground subsidence (InSAR),0.0564
2637,Ground subsidence (InSAR),0.4352
2638,Ground subsidence (InSAR),0.2668
2639,Ground subsidence (InSAR),0.2067
2640,Ground subsidence (InSAR),0.039
2641,Ground subsidence (InSAR),0.4352
2642,Ground subsidence (InSAR),0.2668
2644,Ground subsidence (InSAR),0.4352
2645,Ground subsidence (InSAR),0.2668
2646,Ground subsidence (InSAR),0.1094
2647,Ground subsidence (InSAR),0.2668
2648,Ground subsidence (InSAR),0.4352
2649,Ground subsidence (InSAR),0.2668
2650,Ground subsidence (InSAR),0.1094
2651,Ground subsidence (InSAR),0.4352
2652,Ground subsidence (InSAR),0.2668
2653,Ground subsidence (InSAR),0.1094
2654,Ground subsidence (InSAR),0.3307
2655,Ground subsidence (InSAR),0.2668
2656,Ground subsidence (InSAR),0.2668
2657,Ground subsidence (InSAR),0.2668
2658,Ground subsidence (InSAR),0.0274
2659,Ground subsidence (InSAR),0.2668
2660,Ground subsidence (InSAR),0.0274
2661,Ground subsidence (InSAR),0.3672
2662,Ground subsidence (InSAR),0.2668
2663,Ground subsidence (InSAR),0.3672
2664,Ground subsidence (InSAR),0.1801
2665,Ground subsidence (InSAR),0.3672
2666,Ground subsidence (InSAR),0.1801
2667,Ground subsidence (InSAR),0.3672
2668,Ground subsidence (InSAR),0.1801
2669,Ground subsidence (InSAR),0.1701
2670,Ground subsidence (InSAR),0.1701
2671,Ground subsidence (InSAR),0.1297
2672,Ground subsidence (InSAR),0.1701
2673,Ground subsidence (InSAR),0.1297
2674,Ground subsidence (InSAR),0.3672
2675,Ground subsidence (InSAR),0.1701
2676,Ground subsidence (InSAR),0.1297
2677,Ground subsidence (InSAR),0.1043
2678,Ground subsidence (InSAR),0.0216
2679,Ground subsidence (InSAR),0.1297
2680,Ground subsidence (InSAR),0.1043
2681,Ground subsidence (InSAR),0.1297
2682,Ground subsidence (InSAR),0.1043
2683,Ground subsidence (InSAR),0.1297
2684,Ground subsidence (InSAR),0.0216
2685,Ground subsidence (InSAR),0.1043
2686,Ground subsidence (InSAR),0.1297
2687,Ground subsidence (InSAR),0.1043
2689,Ground subsidence (InSAR),0.1297
2690,Ground subsidence (InSAR),0.0216
2691,Ground subsidence (InSAR),0.2036
2692,Ground subsidence (InSAR),0.1703
2694,Ground subsidence (InSAR),0.2036
2695,Ground subsidence (InSAR),0.1703
2696,Ground subsidence (InSAR),0.1703
2697,Ground subsidence (InSAR),0.3333
2699,Ground subsidence (InSAR),0.1703
2700,Ground subsidence (InSAR),0.1703
2701,Ground subsidence (InSAR),0.1703
2703,Ground subsidence (InSAR),0.1703
2704,Ground subsidence (InSAR),0.3333
2706,Ground subsidence (InSAR),0.2552
2711,Ground subsidence (InSAR),0.1202
2716,Ground subsidence (InSAR),0.1202
2717,Ground subsidence (InSAR),0.1451
2718,Ground subsidence (InSAR),0.1451
2719,Ground subsidence (InSAR),0.1347
2720,Ground subsidence (InSAR),0.1894
2721,Ground subsidence (InSAR),0.1202
2722,Ground subsidence (InSAR),0.1347
2723,Ground subsidence (InSAR),0.1347
2724,Ground subsidence (InSAR),0.1202
2725,Ground subsidence (InSAR),0.1202
2726,Ground subsidence (InSAR),0.2349
2727,Ground subsidence (InSAR),0.1202
2728,Ground subsidence (InSAR),0.2349
2732,Ground subsidence (InSAR),0.1043
2733,Ground subsidence (InSAR),0.1043
2735,Ground subsidence (InSAR),0.1701
2736,Ground subsidence (InSAR),1.0
2737,Ground subsidence (InSAR),1.0
2740,Ground subsidence (InSAR),0.4488
2741,Ground subsidence (InSAR),0.2067
2742,Ground subsidence (InSAR),0.4488
2743,Ground subsidence (InSAR),0.2067
2744,Ground subsidence (InSAR),0.4488
2746,Ground subsidence (InSAR),0.4488
2749,Ground subsidence (InSAR),0.155
2752,Ground subsidence (InSAR),0.155
2754,Ground subsidence (InSAR),0.1894
2755,Ground subsidence (InSAR),0.1894
2756,Ground subsidence (InSAR),0.1894
2759,Ground subsidence (InSAR),0.155
2761,Ground subsidence (InSAR),0.0216
2762,Ground subsidence (InSAR),1.0
2764,Ground subsidence (InSAR),1.0
2766,Ground subsidence (InSAR),0.1451
2768,Ground subsidence (InSAR),1.0
2769,Ground subsidence (InSAR),1.0
2771,Ground subsidence (InSAR),1.0
2772,Ground subsidence (InSAR),0.2349
2788,Ground subsidence (InSAR),0.1111
2790,Ground subsidence (InSAR),0.1111
2793,Ground subsidence (InSAR),0.3275
2796,Ground subsidence (InSAR),0.1111
2797,Ground subsidence (InSAR),0.3275
2801,Ground subsidence (InSAR),0.1894
2802,Ground subsidence (InSAR),0.1111
2804,Ground subsidence (InSAR),0.1894
2806,Ground subsidence (InSAR),0.0162
2807,Ground subsidence (InSAR),0.1111
2808,Ground subsidence (InSAR),0.0162
2817,Ground subsidence (InSAR),0.23
2818,Ground subsidence (InSAR),0.23
2820,Ground subsidence (InSAR),0.23
2821,Ground subsidence (InSAR),0.0912
2822,Ground subsidence (InSAR),0.3275
2823,Ground subsidence (InSAR),0.0793
2824,Ground subsidence (InSAR),0.0793
2826,Ground subsidence (InSAR),0.0793
2828,Ground subsidence (InSAR),0.1111
2831,Ground subsidence (InSAR),0.0749
2834,Ground subsidence (InSAR),0.0912
2836,Ground subsidence (InSAR),0.0749
2838,Ground subsidence (InSAR),0.0912
2840,Ground subsidence (InSAR),0.0912
2842,Ground subsidence (InSAR),0.0912
2844,Ground subsidence (InSAR),0.1076
2847,Ground subsidence (InSAR),0.04
2849,Ground subsidence (InSAR),0.04
2850,Ground subsidence (InSAR),0.04
2852,Ground subsidence (InSAR),0.04
2854,Ground subsidence (InSAR),0.04
2855,Ground subsidence (InSAR),0.155
2856,Ground subsidence (InSAR),0.0759
2857,Ground subsidence (InSAR),0.155
2861,Ground subsidence (InSAR),0.0759
2862,Ground subsidence (InSAR),1.0
2865,Ground subsidence (InSAR),0.0759
2869,Ground subsidence (InSAR),0.0759
2872,Ground subsidence (InSAR),0.0759
2874,Ground subsidence (InSAR),0.1345
2880,Ground subsidence (InSAR),0.1345
2883,Ground subsidence (InSAR),0.039
2886,Ground subsidence (InSAR),0.0671
2888,Ground subsidence (InSAR),0.0671
2889,Ground subsidence (InSAR),0.0671
2892,Ground subsidence (InSAR),0.0671
2894,Ground subsidence (InSAR),0.0671
2897,Ground subsidence (InSAR),0.0671
2899,Ground subsidence (InSAR),0.2485
2901,Ground subsidence (InSAR),0.2485
2906,Ground subsidence (InSAR),0.2277
2908,Ground subsidence (InSAR),0.2277
2911,Ground subsidence (InSAR),0.1353
2912,Ground subsidence (InSAR),0.255
2913,Ground subsidence (InSAR),0.0793
2914,Ground subsidence (InSAR),0.2282
2915,Ground subsidence (InSAR),0.2282
2916,Ground subsidence (InSAR),0.0793
2917,Ground subsidence (InSAR),0.2282
2918,Ground subsidence (InSAR),0.2282
2920,Ground subsidence (InSAR),0.1353
2922,Ground subsidence (InSAR),0.2282
2924,Ground subsidence (InSAR),0.046
2925,Ground subsidence (InSAR),0.1829
2927,Ground subsidence (InSAR),0.3672
2928,Ground subsidence (InSAR),0.0823
2929,Ground subsidence (InSAR),0.2052
2931,Ground subsidence (InSAR),0.04
2935,Ground subsidence (InSAR),0.2052
2936,Ground subsidence (InSAR),0.04
2938,Ground subsidence (InSAR),0.04
2940,Ground subsidence (InSAR),0.04
2942,Ground subsidence (InSAR),0.04
2944,Ground subsidence (InSAR),0.1814
2945,Ground subsidence (InSAR),0.04
2947,Ground subsidence (InSAR),0.221
2949,Ground subsidence (InSAR),0.221
2950,Ground subsidence (InSAR),0.221
2952,Ground subsidence (InSAR),0.221
2954,Ground subsidence (InSAR),0.0618
2955,Ground subsidence (InSAR),0.0758
2959,Ground subsidence (InSAR),0.1353
2961,Ground subsidence (InSAR),0.1594
2962,Ground subsidence (InSAR),0.1345
2965,Ground subsidence (InSAR),0.039
2968,Ground subsidence (InSAR),0.039
2970,Ground subsidence (InSAR),0.039
2972,Ground subsidence (InSAR),0.039
2973,Ground subsidence (InSAR),0.039
2974,Ground subsidence (InSAR),0.0671
2975,Ground subsidence (InSAR),0.0671
2978,Ground subsidence (InSAR),0.1801
2979,Ground subsidence (InSAR),0.0274
2980,Ground subsidence (InSAR),0.1801
2981,Ground subsidence (InSAR),0.0274
2984,Ground subsidence (InSAR),0.0274
2987,Ground subsidence (InSAR),0.0274
2988,Ground subsidence (InSAR),1.0
2990,Ground subsidence (InSAR),0.0274
2991,Ground subsidence (InSAR),1.0
2992,Ground subsidence (InSAR),0.0274
2994,Ground subsidence (InSAR),0.2349
2995,Ground subsidence (InSAR),0.067
2996,Ground subsidence (InSAR),0.2349
2997,Ground subsidence (InSAR),0.2349
2998,Ground subsidence (InSAR),0.2002
2999,Ground subsidence (InSAR),0.1043
3000,Ground subsidence (InSAR),0.2002
3001,Ground subsidence (InSAR),0.1043
3002,Ground subsidence (InSAR),0.1043
3003,Ground subsidence (InSAR),0.2002
3005,Ground subsidence (InSAR),0.1353
3006,Ground subsidence (InSAR),0.2002
3007,Ground subsidence (InSAR),0.3303
3008,Ground subsidence (InSAR),0.1353
3010,Ground subsidence (InSAR),0.2002
3011,Ground subsidence (InSAR),0.2002
3012,Ground subsidence (InSAR),0.3303
3014,Ground subsidence (InSAR),0.1353
3016,Ground subsidence (InSAR),0.3303
3017,Ground subsidence (InSAR),0.1353
3018,Ground subsidence (InSAR),0.1971
3020,Ground subsidence (InSAR),0.1159
3021,Ground subsidence (InSAR),0.1971
3023,Ground subsidence (InSAR),0.1971
3025,Ground subsidence (InSAR),0.1971
3027,Ground subsidence (InSAR),0.2002
3028,Ground subsidence (InSAR),0.3303
3031,Ground subsidence (InSAR),0.3303
3032,Ground subsidence (InSAR),0.2002
3033,Ground subsidence (InSAR),0.2002
3034,Ground subsidence (InSAR),0.0794
3035,Ground subsidence (InSAR),0.2734
3036,Ground subsidence (InSAR),0.1703
3037,Ground subsidence (InSAR),0.2734
3038,Ground subsidence (InSAR),0.0794
3039,Ground subsidence (InSAR),0.3308
3044,Ground subsidence (InSAR),0.8206
3047,Ground subsidence (InSAR),0.2296
3050,Ground subsidence (InSAR),1.0
3051,Ground subsidence (InSAR),1.0
3053,Ground subsidence (InSAR),1.0
3055,Ground subsidence (InSAR),0.3449
3057,Ground subsidence (InSAR),1.0
3058,Ground subsidence (InSAR),0.3449
3061,Ground subsidence (InSAR),0.3061
3063,Ground subsidence (InSAR),0.3061
3064,Ground subsidence (InSAR),0.9916
3067,Ground subsidence (InSAR),0.9916
3069,Ground subsidence (InSAR),0.3028
3070,Ground subsidence (InSAR),0.3028
3074,Ground subsidence (InSAR),0.1894
3078,Ground subsidence (InSAR),0.1894
3079,Ground subsidence (InSAR),0.8636
3081,Ground subsidence (InSAR),0.8598
3094,Ground subsidence (InSAR),0.105
3096,Ground subsidence (InSAR),0.105
3098,Ground subsidence (InSAR),0.105
3101,Ground subsidence (InSAR),0.105
3102,Ground subsidence (InSAR),0.2969
3104,Ground subsidence (InSAR),0.2969
3122,Ground subsidence (InSAR),1.0
3124,Ground subsidence (InSAR),1.0
3127,Ground subsidence (InSAR),1.0
3141,Ground subsidence (InSAR),0.1306
3142,Ground subsidence (InSAR),0.1306
3144,Ground subsidence (InSAR),0.1306
3147,Ground subsidence (InSAR),0.1306
3155,Ground subsidence (InSAR),1.0
3160,Ground subsidence (InSAR),1.0
3162,Ground subsidence (InSAR),0.5654
3163,Ground subsidence (InSAR),1.0
3165,Ground subsidence (InSAR),0.5654
3166,Ground subsidence (InSAR),1.0
3169,Ground subsidence (InSAR),1.0
3172,Ground subsidence (InSAR),0.9611
3173,Ground subsidence (InSAR),0.155
3175,Ground subsidence (InSAR),0.155
3181,Ground subsidence (InSAR),0.0758
3182,Ground subsidence (InSAR),0.2362
3183,Ground subsidence (InSAR),0.0758
3184,Ground subsidence (InSAR),0.2362
3186,Ground subsidence (InSAR),0.155
3189,Ground subsidence (InSAR),0.155
3192,Ground subsidence (InSAR),0.155
3193,Ground subsidence (InSAR),0.4488
3194,Ground subsidence (InSAR),0.6508
3195,Ground subsidence (InSAR),0.4488
3197,Ground subsidence (InSAR),0.4488
3199,Ground subsidence (InSAR),0.6508
3202,Ground subsidence (InSAR),0.1887
3204,Ground subsidence (InSAR),0.6508
3207,Ground subsidence (InSAR),0.6508
3208,Ground subsidence (InSAR),0.1887
3216,Ground subsidence (InSAR),0.1887
3221,Ground subsidence (InSAR),0.1654
3225,Ground subsidence (InSAR),0.1654
3227,Ground subsidence (InSAR),0.1654
3229,Ground subsidence (InSAR),0.0233
3232,Ground subsidence (InSAR),0.0233
3235,Ground subsidence (InSAR),0.0233
3237,Ground subsidence (InSAR),0.0233
3243,Ground subsidence (InSAR),0.257
3245,Ground subsidence (InSAR),0.1654
3248,Ground subsidence (InSAR),0.1654
3249,Ground subsidence (InSAR),0.1654
3250,Ground subsidence (InSAR),0.2631
3251,Ground subsidence (InSAR),0.1402
3252,Ground subsidence (InSAR),0.0239
3254,Ground subsidence (InSAR),0.1342
3260,Ground subsidence (InSAR),0.0425
3262,Ground subsidence (InSAR),1.0
3263,Ground subsidence (InSAR),1.0
3265,Ground subsidence (InSAR),0.3672
3266,Ground subsidence (InSAR),1.0
3267,Ground subsidence (InSAR),1.0
3268,Ground subsidence (InSAR),0.3672
3269,Ground subsidence (InSAR),0.3672
3270,Ground subsidence (InSAR),0.3672
3271,Ground subsidence (InSAR),0.155
3272,Ground subsidence (InSAR),0.3672
3273,Ground subsidence (InSAR),0.155
3274,Ground subsidence (InSAR),0.3672
3275,Ground subsidence (InSAR),0.3672
3276,Ground subsidence (InSAR),0.155
3278,Ground subsidence (InSAR),0.155
3279,Ground subsidence (InSAR),0.2661
3280,Ground subsidence (InSAR),0.155
3282,Ground subsidence (InSAR),0.237
3284,Ground subsidence (InSAR),0.237
3285,Ground subsidence (InSAR),0.155
3288,Ground subsidence (InSAR),0.4488
3289,Ground subsidence (InSAR),0.237
3292,Ground subsidence (InSAR),0.4488
3294,Ground subsidence (InSAR),0.0969
3295,Ground subsidence (InSAR),0.4488
3297,Ground subsidence (InSAR),0.4488
3299,Ground subsidence (InSAR),0.0425
3300,Ground subsidence (InSAR),0.4488
3301,Ground subsidence (InSAR),0.4204
3302,Ground subsidence (InSAR),0.4488
3304,Ground subsidence (InSAR),0.4488
3305,Ground subsidence (InSAR),0.1999
3307,Ground subsidence (InSAR),0.0216
3309,Ground subsidence (InSAR),0.3672
3310,Ground subsidence (InSAR),0.3672
3311,Ground subsidence (InSAR),0.3672
3312,Ground subsidence (InSAR),0.2052
3314,Ground subsidence (InSAR),0.2052
3316,Ground subsidence (InSAR),0.1999
3317,Ground subsidence (InSAR),0.2052
3318,Ground subsidence (InSAR),0.4204
3319,Ground subsidence (InSAR),0.5037
3321,Ground subsidence (InSAR),0.6061
3322,Ground subsidence (InSAR),0.8206
3324,Ground subsidence (InSAR),0.4019
3325,Ground subsidence (InSAR),0.2519
3326,Ground subsidence (InSAR),0.5484
3332,Ground subsidence (InSAR),0.2407
3334,Ground subsidence (InSAR),0.2407
3335,Ground subsidence (InSAR),0.2407
3342,Ground subsidence (InSAR),0.2407
3344,Ground subsidence (InSAR),0.0758
3345,Ground subsidence (InSAR),0.0758
3349,Ground subsidence (InSAR),0.9281
3351,Ground subsidence (InSAR),0.0758
3352,Ground subsidence (InSAR),0.9281
3353,Ground subsidence (InSAR),0.0758
3355,Ground subsidence (InSAR),0.0758
3356,Ground subsidence (InSAR),0.7318
3363,Ground subsidence (InSAR),1.0
3365,Ground subsidence (InSAR),1.0
3369,Ground subsidence (InSAR),0.377
3374,Ground subsidence (InSAR),0.377
3380,Ground subsidence (InSAR),0.377
3383,Ground subsidence (InSAR),0.377
3384,Ground subsidence (InSAR),0.039
3385,Ground subsidence (InSAR),0.039
3386,Ground subsidence (InSAR),0.377
3388,Ground subsidence (InSAR),0.039
3389,Ground subsidence (InSAR),0.1699
3390,Ground subsidence (InSAR),0.2667
3391,Ground subsidence (InSAR),0.2667
3393,Ground subsidence (InSAR),0.1258
3395,Ground subsidence (InSAR),0.2667
3397,Ground subsidence (InSAR),0.1258
3398,Ground subsidence (InSAR),0.2667
3399,Ground subsidence (InSAR),0.2437
3404,Ground subsidence (InSAR),0.105
3408,Ground subsidence (InSAR),0.1544
3409,Ground subsidence (InSAR),0.105
3410,Ground subsidence (InSAR),0.1544
3411,Ground subsidence (InSAR),0.105
3412,Ground subsidence (InSAR),0.1544
3415,Ground subsidence (InSAR),0.2057
3416,Ground subsidence (InSAR),0.2057
3417,Ground subsidence (InSAR),0.2057
3418,Ground subsidence (InSAR),0.2057
3419,Ground subsidence (InSAR),0.1572
3420,Ground subsidence (InSAR),0.1111
3422,Ground subsidence (InSAR),0.1526
3423,Ground subsidence (InSAR),1.0
3425,Ground subsidence (InSAR),0.1526
3427,Ground subsidence (InSAR),0.3443
3431,Ground subsidence (InSAR),0.3259
3432,Ground subsidence (InSAR),0.3259
3435,Ground subsidence (InSAR),0.3259
3439,Ground subsidence (InSAR),0.3259
3443,Ground subsidence (InSAR),1.0
3446,Ground subsidence (InSAR),1.0
3448,Ground subsidence (InSAR),1.0
3454,Ground subsidence (InSAR),0.174
3456,Ground subsidence (InSAR),0.174
3458,Ground subsidence (InSAR),0.174
3461,Ground subsidence (InSAR),0.174
3464,Ground subsidence (InSAR),0.0941
3465,Ground subsidence (InSAR),0.1825
3468,Ground subsidence (InSAR),0.0941
3470,Ground subsidence (InSAR),0.1825
3471,Ground subsidence (InSAR),0.1824
3483,Ground subsidence (InSAR),0.3136
3485,Ground subsidence (InSAR),0.8598
3486,Ground subsidence (InSAR),0.0712
3489,Ground subsidence (InSAR),0.0712
3491,Ground subsidence (InSAR),0.0712
3494,Ground subsidence (InSAR),0.0712
3498,Ground subsidence (InSAR),0.0712
3503,Ground subsidence (InSAR),0.0712
3512,Ground subsidence (InSAR),0.174
3515,Ground subsidence (InSAR),0.1825
3516,Ground subsidence (InSAR),0.1825
3517,Ground subsidence (InSAR),0.1825
3518,Ground subsidence (InSAR),0.1825
3519,Ground subsidence (InSAR),0.1825
3522,Ground subsidence (InSAR),0.1825
3528,Ground subsidence (InSAR),0.2394
3531,Ground subsidence (InSAR),0.2394
3532,Ground subsidence (InSAR),0.045
3534,Ground subsidence (InSAR),0.3035
3535,Ground subsidence (InSAR),0.045
3536,Ground subsidence (InSAR),0.3035
3537,Ground subsidence (InSAR),0.045
3540,Ground subsidence (InSAR),0.3035
3541,Ground subsidence (InSAR),0.2293
3542,Ground subsidence (InSAR),0.8636
3544,Ground subsidence (InSAR),0.8598
3545,Ground subsidence (InSAR),0.2293
3548,Ground subsidence (InSAR),0.2293
3550,Ground subsidence (InSAR),0.2904
3551,Ground subsidence (InSAR),1.0
3552,Ground subsidence (InSAR),0.1202
3553,Ground subsidence (InSAR),0.2293
3554,Ground subsidence (InSAR),0.2904
3555,Ground subsidence (InSAR),0.1202
3558,Ground subsidence (InSAR),0.2904
3561,Ground subsidence (InSAR),0.2904
3563,Ground subsidence (InSAR),0.2904
3568,Ground subsidence (InSAR),0.3411
3594,Ground subsidence (InSAR),1.0
3596,Ground subsidence (InSAR),1.0
3599,Ground subsidence (InSAR),1.0
3600,Ground subsidence (InSAR),1.0
3604,Ground subsidence (InSAR),0.9913
3607,Ground subsidence (InSAR),0.9913
3609,Ground subsidence (InSAR),0.9913
3618,Ground subsidence (InSAR),0.9913
3624,Ground subsidence (InSAR),0.9913
3625,Ground subsidence (InSAR),0.9913
3626,Ground subsidence (InSAR),0.0794
3640,Ground subsidence (InSAR),1.0
3642,Ground subsidence (InSAR),1.0
3644,Ground subsidence (InSAR),1.0
3646,Ground subsidence (InSAR),1.0
3647,Ground subsidence (InSAR),1.0
3648,Ground subsidence (InSAR),1.0
3650,Ground subsidence (InSAR),1.0
3651,Ground subsidence (InSAR),1.0
3652,Ground subsidence (InSAR),1.0
3653,Ground subsidence (InSAR),1.0
3654,Ground subsidence (InSAR),0.2402
3655,Ground subsidence (InSAR),0.2402
3662,Ground subsidence (InSAR),0.0793
3663,Ground subsidence (InSAR),0.1701
3665,Ground subsidence (InSAR),0.073
3669,Ground subsidence (InSAR),0.119
3670,Ground subsidence (InSAR),1.0
3672,Ground subsidence (InSAR),0.196
3673,Ground subsidence (InSAR),0.2462
3674,Ground subsidence (InSAR),0.1043
3676,Ground subsidence (InSAR),1.0
3679,Ground subsidence (InSAR),0.196
3680,Ground subsidence (InSAR),1.0
3681,Ground subsidence (InSAR),0.196
3682,Ground subsidence (InSAR),1.0
3684,Ground subsidence (InSAR),0.23
3685,Ground subsidence (InSAR),1.0
3687,Ground subsidence (InSAR),0.1701
3688,Ground subsidence (InSAR),0.377
3689,Ground subsidence (InSAR),0.1701
3691,Ground subsidence (InSAR),0.0274
3693,Ground subsidence (InSAR),0.071
3694,Ground subsidence (InSAR),0.4352
3696,Ground subsidence (InSAR),0.071
3698,Ground subsidence (InSAR),0.4352
3699,Ground subsidence (InSAR),0.071
3701,Ground subsidence (InSAR),0.4352
3702,Ground subsidence (InSAR),0.8728
3703,Ground subsidence (InSAR),0.4352
3705,Ground subsidence (InSAR),0.0928
3706,Ground subsidence (InSAR),0.1887
3707,Ground subsidence (InSAR),0.0928
3708,Ground subsidence (InSAR),0.1887
3710,Ground subsidence (InSAR),0.1903
3711,Ground subsidence (InSAR),0.0837
3712,Ground subsidence (InSAR),0.1903
3713,Ground subsidence (InSAR),0.0837
3714,Ground subsidence (InSAR),0.0837
3715,Ground subsidence (InSAR),0.1903
3716,Ground subsidence (InSAR),0.0837
3717,Ground subsidence (InSAR),0.1903
3718,Ground subsidence (InSAR),0.0837
3720,Ground subsidence (InSAR),0.1903
3721,Ground subsidence (InSAR),0.0631
3723,Ground subsidence (InSAR),0.1903
3727,Ground subsidence (InSAR),1.0
3728,Ground subsidence (InSAR),1.0
3730,Ground subsidence (InSAR),0.26
3731,Ground subsidence (InSAR),0.144
3733,Ground subsidence (InSAR),0.26
3734,Ground subsidence (InSAR),0.2595
3735,Ground subsidence (InSAR),0.6892
3736,Ground subsidence (InSAR),0.244
3737,Ground subsidence (InSAR),0.9281
3738,Ground subsidence (InSAR),0.244
3739,Ground subsidence (InSAR),0.9281
3740,Ground subsidence (InSAR),0.2437
3741,Ground subsidence (InSAR),1.0
3742,Ground subsidence (InSAR),0.2437
3743,Ground subsidence (InSAR),1.0
3744,Ground subsidence (InSAR),0.2437
3745,Ground subsidence (InSAR),0.2281
3746,Ground subsidence (InSAR),0.1049
3747,Ground subsidence (InSAR),0.2281
3748,Ground subsidence (InSAR),0.1049
3749,Ground subsidence (InSAR),0.2281
3750,Ground subsidence (InSAR),0.1498
3751,Ground subsidence (InSAR),0.1049
3752,Ground subsidence (InSAR),0.1498
3753,Ground subsidence (InSAR),0.6892
3754,Ground subsidence (InSAR),0.6892
3755,Ground subsidence (InSAR),0.7674
3757,Ground subsidence (InSAR),0.7674
3758,Ground subsidence (InSAR),0.7674
3761,Ground subsidence (InSAR),0.7674
3762,Ground subsidence (InSAR),0.5037
3764,Ground subsidence (InSAR),0.5037
3765,Ground subsidence (InSAR),0.5037
3777,Ground subsidence (InSAR),0.9281
3778,Ground subsidence (InSAR),0.5037
3779,Ground subsidence (InSAR),0.5037
3780,Ground subsidence (InSAR),0.3267
3781,Ground subsidence (InSAR),1.0
3782,Ground subsidence (InSAR),0.3267
3784,Ground subsidence (InSAR),1.0
3785,Ground subsidence (InSAR),0.3267
3786,Ground subsidence (InSAR),0.5037
3787,Ground subsidence (InSAR),0.5037
3790,Ground subsidence (InSAR),0.5037
3791,Ground subsidence (InSAR),1.0
3793,Ground subsidence (InSAR),1.0
3795,Ground subsidence (InSAR),0.5037
3803,Ground subsidence (InSAR),0.3267
3804,Ground subsidence (InSAR),0.3267
3808,Ground subsidence (InSAR),0.2018
3809,Ground subsidence (InSAR),0.9483
3810,Ground subsidence (InSAR),0.2018
3812,Ground subsidence (InSAR),0.9483
3813,Ground subsidence (InSAR),0.071
3814,Ground subsidence (InSAR),0.071
3815,Ground subsidence (InSAR),0.9483
3816,Ground subsidence (InSAR),0.2839
3817,Ground subsidence (InSAR),0.3449
3818,Ground subsidence (InSAR),0.071
3819,Ground subsidence (InSAR),0.9483
3821,Ground subsidence (InSAR),0.071
3822,Ground subsidence (InSAR),0.3449
3823,Ground subsidence (InSAR),0.9483
3824,Ground subsidence (InSAR),0.3449
3825,Ground subsidence (InSAR),0.3449
3828,Ground subsidence (InSAR),0.3267
3831,Ground subsidence (InSAR),0.3267
3834,Ground subsidence (InSAR),0.9483
3836,Ground subsidence (InSAR),0.9483
3840,Ground subsidence (InSAR),0.9483
3842,Ground subsidence (InSAR),0.9483
3846,Ground subsidence (InSAR),0.9483
3865,Ground subsidence (InSAR),0.6506
3867,Ground subsidence (InSAR),0.6506
3890,Ground subsidence (InSAR),1.0
3891,Ground subsidence (InSAR),0.2839
3893,Ground subsidence (InSAR),0.2839
3894,Ground subsidence (InSAR),0.7674
3895,Ground subsidence (InSAR),0.244
3897,Ground subsidence (InSAR),0.7674
3899,Ground subsidence (InSAR),1.0
3901,Ground subsidence (InSAR),0.218
3902,Ground subsidence (InSAR),1.0
3903,Ground subsidence (InSAR),0.9953
3904,Ground subsidence (InSAR),0.1801
3906,Ground subsidence (InSAR),0.9953
3907,Ground subsidence (InSAR),0.1297
3909,Ground subsidence (InSAR),0.9953
3910,Ground subsidence (InSAR),0.6506
3911,Ground subsidence (InSAR),0.1297
3912,Ground subsidence (InSAR),0.9953
3913,Ground subsidence (InSAR),0.1297
3914,Ground subsidence (InSAR),0.1202
3915,Ground subsidence (InSAR),0.9953
3916,Ground subsidence (InSAR),0.1297
3917,Ground subsidence (InSAR),0.199
3918,Ground subsidence (InSAR),0.9953
3919,Ground subsidence (InSAR),0.1297
3920,Ground subsidence (InSAR),0.199
3921,Ground subsidence (InSAR),0.1903
3922,Ground subsidence (InSAR),0.1297
3923,Ground subsidence (InSAR),0.1297
3924,Ground subsidence (InSAR),0.1643
3925,Ground subsidence (InSAR),0.1643
3926,Ground subsidence (InSAR),0.1297
3927,Ground subsidence (InSAR),0.1703
3928,Ground subsidence (InSAR),0.2113
3929,Ground subsidence (InSAR),0.1297
3930,Ground subsidence (InSAR),0.2552
3931,Ground subsidence (InSAR),0.1297
3932,Ground subsidence (InSAR),0.2552
3933,Ground subsidence (InSAR),0.1903
3934,Ground subsidence (InSAR),0.2113
3935,Ground subsidence (InSAR),0.1903
3936,Ground subsidence (InSAR),0.2552
3937,Ground subsidence (InSAR),1.0
3938,Ground subsidence (InSAR),0.2113
3939,Ground subsidence (InSAR),0.1202
3940,Ground subsidence (InSAR),0.1903
3941,Ground subsidence (InSAR),0.1202
3942,Ground subsidence (InSAR),0.0962
3943,Ground subsidence (InSAR),0.1643
3944,Ground subsidence (InSAR),0.1202
3945,Ground subsidence (InSAR),0.1643
3946,Ground subsidence (InSAR),0.2113
3947,Ground subsidence (InSAR),0.2668
3948,Ground subsidence (InSAR),0.1202
3949,Ground subsidence (InSAR),0.1643
3950,Ground subsidence (InSAR),0.2668
3951,Ground subsidence (InSAR),0.1643
3952,Ground subsidence (InSAR),0.2113
3953,Ground subsidence (InSAR),0.23
3954,Ground subsidence (InSAR),0.2668
3955,Ground subsidence (InSAR),0.2429
3956,Ground subsidence (InSAR),0.2113
3957,Ground subsidence (InSAR),0.2429
3959,Ground subsidence (InSAR),0.1259
3960,Ground subsidence (InSAR),0.2113
3962,Ground subsidence (InSAR),0.8009
3963,Ground subsidence (InSAR),0.1259
3965,Ground subsidence (InSAR),0.8009
3966,Ground subsidence (InSAR),0.1259
3967,Ground subsidence (InSAR),0.8009
3969,Ground subsidence (InSAR),0.8009
3971,Ground subsidence (InSAR),0.1259
3973,Ground subsidence (InSAR),0.1259
3974,Ground subsidence (InSAR),0.8009
3975,Ground subsidence (InSAR),0.1259
3976,Ground subsidence (InSAR),0.1259
3980,Ground subsidence (InSAR),0.9428
3981,Ground subsidence (InSAR),1.0
3982,Ground subsidence (InSAR),0.1258
3983,Ground subsidence (InSAR),0.1258
3984,Ground subsidence (InSAR),0.1258
3985,Ground subsidence (InSAR),0.1258
3986,Ground subsidence (InSAR),0.3016
3987,Ground subsidence (InSAR),0.067
3988,Ground subsidence (InSAR),0.3016
3989,Ground subsidence (InSAR),0.0962
3990,Ground subsidence (InSAR),0.0962
3991,Ground subsidence (InSAR),0.1785
3992,Ground subsidence (InSAR),0.0962
3993,Ground subsidence (InSAR),0.0962
3994,Ground subsidence (InSAR),0.0962
3995,Ground subsidence (InSAR),0.199
3996,Ground subsidence (InSAR),0.199
3997,Ground subsidence (InSAR),0.2437
3998,Ground subsidence (InSAR),0.1785
3999,Ground subsidence (InSAR),0.1785
4000,Ground subsidence (InSAR),0.1785
4001,Ground subsidence (InSAR),0.1785
4002,Ground subsidence (InSAR),0.0799
4003,Ground subsidence (InSAR),0.2437
4004,Ground subsidence (InSAR),0.2001
4005,Ground subsidence (InSAR),0.2437
4006,Ground subsidence (InSAR),0.0799
4007,Ground subsidence (InSAR),0.2667
4008,Ground subsidence (InSAR),0.045
4009,Ground subsidence (InSAR),0.2667
4010,Ground subsidence (InSAR),0.045
4011,Ground subsidence (InSAR),0.2667
4012,Ground subsidence (InSAR),0.1544
4013,Ground subsidence (InSAR),0.1498
4014,Ground subsidence (InSAR),0.1544
4015,Ground subsidence (InSAR),0.1544
4016,Ground subsidence (InSAR),0.1498
4017,Ground subsidence (InSAR),0.1544
4018,Ground subsidence (InSAR),0.2667
4019,Ground subsidence (InSAR),0.0305
4020,Ground subsidence (InSAR),0.182
4021,Ground subsidence (InSAR),0.182
4022,Ground subsidence (InSAR),0.1874
4023,Ground subsidence (InSAR),0.4117
4024,Ground subsidence (InSAR),0.5075
4026,Ground subsidence (InSAR),0.0305
4027,Ground subsidence (InSAR),0.1355
4028,Ground subsidence (InSAR),0.1182
4029,Ground subsidence (InSAR),0.3044
4030,Ground subsidence (InSAR),0.0305
4031,Ground subsidence (InSAR),1.0
4032,Ground subsidence (InSAR),0.0305
4033,Ground subsidence (InSAR),0.1182
4034,Ground subsidence (InSAR),1.0
4035,Ground subsidence (InSAR),0.3044
4036,Ground subsidence (InSAR),0.0305
4037,Ground subsidence (InSAR),1.0
4038,Ground subsidence (InSAR),0.1135
4039,Ground subsidence (InSAR),0.3071
4040,Ground subsidence (InSAR),1.0
4041,Ground subsidence (InSAR),0.1135
4042,Ground subsidence (InSAR),1.0
4043,Ground subsidence (InSAR),0.2362
4044,Ground subsidence (InSAR),1.0
4045,Ground subsidence (InSAR),0.2057
4046,Ground subsidence (InSAR),0.3044
4047,Ground subsidence (InSAR),0.3071
4048,Ground subsidence (InSAR),0.0922
4049,Ground subsidence (InSAR),0.3044
4050,Ground subsidence (InSAR),1.0
4051,Ground subsidence (InSAR),0.0922
4052,Ground subsidence (InSAR),0.0369
4053,Ground subsidence (InSAR),0.0922
4054,Ground subsidence (InSAR),0.6508
4055,Ground subsidence (InSAR),0.3044
4057,Ground subsidence (InSAR),0.6508
4058,Ground subsidence (InSAR),0.237
4059,Ground subsidence (InSAR),0.6508
4060,Ground subsidence (InSAR),0.1325
4061,Ground subsidence (InSAR),1.0
4062,Ground subsidence (InSAR),0.6508
4063,Ground subsidence (InSAR),0.6508
4065,Ground subsidence (InSAR),0.1325
4066,Ground subsidence (InSAR),1.0
4067,Ground subsidence (InSAR),0.6508
4068,Ground subsidence (InSAR),0.1325
4069,Ground subsidence (InSAR),0.6508
4070,Ground subsidence (InSAR),0.0969
4071,Ground subsidence (InSAR),0.0969
4072,Ground subsidence (InSAR),0.0969
4073,Ground subsidence (InSAR),1.0
4074,Ground subsidence (InSAR),0.0769
4075,Ground subsidence (InSAR),1.0
4076,Ground subsidence (InSAR),0.1699
4077,Ground subsidence (InSAR),0.0769
4078,Ground subsidence (InSAR),0.1699
4079,Ground subsidence (InSAR),0.9483
4080,Ground subsidence (InSAR),0.0769
4081,Ground subsidence (InSAR),0.9483
4082,Ground subsidence (InSAR),0.1472
4083,Ground subsidence (InSAR),0.1114
4084,Ground subsidence (InSAR),0.1114
4085,Ground subsidence (InSAR),0.1158
4086,Ground subsidence (InSAR),0.2457
4087,Ground subsidence (InSAR),0.1114
4088,Ground subsidence (InSAR),0.1158
4089,Ground subsidence (InSAR),0.2057
4090,Ground subsidence (InSAR),0.1114
4091,Ground subsidence (InSAR),0.2457
4092,Ground subsidence (InSAR),0.1114
4093,Ground subsidence (InSAR),0.3612
4094,Ground subsidence (InSAR),0.1114
4095,Ground subsidence (InSAR),0.1511
4096,Ground subsidence (InSAR),0.3612
4097,Ground subsidence (InSAR),0.3612
4098,Ground subsidence (InSAR),0.1451
4099,Ground subsidence (InSAR),0.1526
4100,Ground subsidence (InSAR),0.3333
4101,Ground subsidence (InSAR),0.1526
4102,Ground subsidence (InSAR),0.3333
4103,Ground subsidence (InSAR),0.1526
4104,Ground subsidence (InSAR),0.3333
4105,Ground subsidence (InSAR),0.1526
4106,Ground subsidence (InSAR),0.1526
4107,Ground subsidence (InSAR),0.1526
4108,Ground subsidence (InSAR),1.0
4109,Ground subsidence (InSAR),0.3333
4110,Ground subsidence (InSAR),0.1526
4111,Ground subsidence (InSAR),0.3333
4112,Ground subsidence (InSAR),0.1526
4113,Ground subsidence (InSAR),0.3333
4114,Ground subsidence (InSAR),0.3984
4115,Ground subsidence (InSAR),0.1526
4116,Ground subsidence (InSAR),0.3333
4117,Ground subsidence (InSAR),0.1526
4118,Ground subsidence (InSAR),0.9428
4119,Ground subsidence (InSAR),0.221
4120,Ground subsidence (InSAR),0.2971
4121,Ground subsidence (InSAR),0.2971
4122,Ground subsidence (InSAR),0.3136
4123,Ground subsidence (InSAR),0.2796
4124,Ground subsidence (InSAR),0.3681
4125,Ground subsidence (InSAR),0.3136
4126,Ground subsidence (InSAR),0.1368
4127,Ground subsidence (InSAR),0.2823
4128,Ground subsidence (InSAR),0.1368
4129,Ground subsidence (InSAR),0.2823
4130,Ground subsidence (InSAR),0.3136
4131,Ground subsidence (InSAR),0.0769
4132,Ground subsidence (InSAR),0.0769
4133,Ground subsidence (InSAR),0.2971
4134,Ground subsidence (InSAR),0.2971
4135,Ground subsidence (InSAR),0.0769
4136,Ground subsidence (InSAR),0.2971
4137,Ground subsidence (InSAR),0.1451
4138,Ground subsidence (InSAR),0.1402
4139,Ground subsidence (InSAR),0.1451
4140,Ground subsidence (InSAR),0.1402
4141,Ground subsidence (InSAR),0.1451
4142,Ground subsidence (InSAR),0.1402
4143,Ground subsidence (InSAR),0.1585
4144,Ground subsidence (InSAR),0.1451
4145,Ground subsidence (InSAR),0.1402
4146,Ground subsidence (InSAR),0.2823
4147,Ground subsidence (InSAR),0.1402
4148,Ground subsidence (InSAR),0.543
4149,Ground subsidence (InSAR),0.1585
4150,Ground subsidence (InSAR),0.1451
4151,Ground subsidence (InSAR),0.543
4152,Ground subsidence (InSAR),0.1451
4153,Ground subsidence (InSAR),0.1585
4154,Ground subsidence (InSAR),0.1585
4155,Ground subsidence (InSAR),0.1585
4156,Ground subsidence (InSAR),0.1585
4157,Ground subsidence (InSAR),1.0
4158,Ground subsidence (InSAR),0.1325
4159,Ground subsidence (InSAR),1.0
4160,Ground subsidence (InSAR),0.1325
4161,Ground subsidence (InSAR),1.0
4162,Ground subsidence (InSAR),1.0
4163,Ground subsidence (InSAR),0.1325
4164,Ground subsidence (InSAR),0.1519
4165,Ground subsidence (InSAR),0.1451
4166,Ground subsidence (InSAR),0.1519
4167,Ground subsidence (InSAR),0.1519
4168,Ground subsidence (InSAR),0.3333
4169,Ground subsidence (InSAR),0.0769
4170,Ground subsidence (InSAR),0.0769
4171,Ground subsidence (InSAR),0.543
4172,Ground subsidence (InSAR),0.0769
4173,Ground subsidence (InSAR),0.221
4174,Ground subsidence (InSAR),0.0769
4175,Ground subsidence (InSAR),0.9916
4176,Ground subsidence (InSAR),0.221
4177,Ground subsidence (InSAR),0.543
4178,Ground subsidence (InSAR),0.9916
4179,Ground subsidence (InSAR),0.221
4180,Ground subsidence (InSAR),0.221
4181,Ground subsidence (InSAR),0.221
4184,Ground subsidence (InSAR),1.0
4186,Ground subsidence (InSAR),0.1824
4187,Ground subsidence (InSAR),0.1412
4188,Ground subsidence (InSAR),0.9428
4190,Ground subsidence (InSAR),0.2113
4191,Ground subsidence (InSAR),0.1917
4192,Ground subsidence (InSAR),0.1824
4193,Ground subsidence (InSAR),0.1824
4194,Ground subsidence (InSAR),0.1917
4195,Ground subsidence (InSAR),0.1824
4198,Ground subsidence (InSAR),0.1824
4199,Ground subsidence (InSAR),0.144
4200,Ground subsidence (InSAR),0.144
4201,Ground subsidence (InSAR),0.112
4202,Ground subsidence (InSAR),0.112
4203,Ground subsidence (InSAR),0.3259
4204,Ground subsidence (InSAR),0.112
4205,Ground subsidence (InSAR),0.2274
4206,Ground subsidence (InSAR),0.1412
4207,Ground subsidence (InSAR),0.1412
4208,Ground subsidence (InSAR),0.1463
4209,Ground subsidence (InSAR),0.8206
4210,Ground subsidence (InSAR),0.2481
4212,Ground subsidence (InSAR),0.8206
4213,Ground subsidence (InSAR),0.2332
4214,Ground subsidence (InSAR),0.8206
4216,Ground subsidence (InSAR),0.8206
4217,Ground subsidence (InSAR),0.5654
4219,Ground subsidence (InSAR),0.1785
4220,Ground subsidence (InSAR),0.5654
4221,Ground subsidence (InSAR),0.1785
4222,Ground subsidence (InSAR),0.0162
4223,Ground subsidence (InSAR),0.1397
4225,Ground subsidence (InSAR),0.0162
4226,Ground subsidence (InSAR),0.0162
4230,Ground subsidence (InSAR),0.1785
4231,Ground subsidence (InSAR),0.5492
4233,Ground subsidence (InSAR),0.1971
4235,Ground subsidence (InSAR),0.1971
4244,Ground subsidence (InSAR),0.1205
4245,Ground subsidence (InSAR),0.3854
4246,Ground subsidence (InSAR),0.3854
4247,Ground subsidence (InSAR),0.3854
4248,Ground subsidence (InSAR),0.1205
4249,Ground subsidence (InSAR),0.1205
4251,Ground subsidence (InSAR),0.3443
4252,Ground subsidence (InSAR),0.2734
4254,Ground subsidence (InSAR),0.2734
4255,Ground subsidence (InSAR),0.2314
4256,Ground subsidence (InSAR),0.0837
4257,Ground subsidence (InSAR),0.1196
4258,Ground subsidence (InSAR),0.2001
4259,Ground subsidence (InSAR),0.0261
4260,Ground subsidence (InSAR),0.2001
4261,Ground subsidence (InSAR),0.0261
4262,Ground subsidence (InSAR),0.2139
4263,Ground subsidence (InSAR),0.0261
4264,Ground subsidence (InSAR),0.0261
4265,Ground subsidence (InSAR),0.1034
4266,Ground subsidence (InSAR),0.0261
4267,Ground subsidence (InSAR),0.1397
4269,Ground subsidence (InSAR),0.1397
4270,Ground subsidence (InSAR),0.0261
4272,Ground subsidence (InSAR),0.0261
4273,Ground subsidence (InSAR),0.1397
4275,Ground subsidence (InSAR),0.1397
4276,Ground subsidence (InSAR),0.1409
4277,Ground subsidence (InSAR),0.1971
4278,Ground subsidence (InSAR),0.1409
4281,Ground subsidence (InSAR),0.2314
4282,Ground subsidence (InSAR),0.2314
4283,Ground subsidence (InSAR),0.0366
4284,Ground subsidence (InSAR),0.0261
4285,Ground subsidence (InSAR),0.0366
4286,Ground subsidence (InSAR),0.0366
4287,Ground subsidence (InSAR),0.0261
4288,Ground subsidence (InSAR),0.0261
4289,Ground subsidence (InSAR),0.156
4290,Ground subsidence (InSAR),0.0261
4291,Ground subsidence (InSAR),0.156
4292,Ground subsidence (InSAR),0.0261
4293,Ground subsidence (InSAR),0.0261
4294,Ground subsidence (InSAR),0.0366
4295,Ground subsidence (InSAR),0.0261
4296,Ground subsidence (InSAR),0.1681
4297,Ground subsidence (InSAR),0.1342
4298,Ground subsidence (InSAR),0.1342
4299,Ground subsidence (InSAR),0.1342
4300,Ground subsidence (InSAR),0.1196
4301,Ground subsidence (InSAR),0.1148
4302,Ground subsidence (InSAR),0.0233
4303,Ground subsidence (InSAR),0.1196
4304,Ground subsidence (InSAR),0.1196
4305,Ground subsidence (InSAR),0.1196
4306,Ground subsidence (InSAR),0.0443
4307,Ground subsidence (InSAR),0.1196
4308,Ground subsidence (InSAR),0.1196
4309,Ground subsidence (InSAR),0.0443
4310,Ground subsidence (InSAR),0.0443
4311,Ground subsidence (InSAR),0.1196
4312,Ground subsidence (InSAR),0.1202
4313,Ground subsidence (InSAR),0.1196
4314,Ground subsidence (InSAR),0.1202
4315,Ground subsidence (InSAR),0.0261
4316,Ground subsidence (InSAR),0.1202
4317,Ground subsidence (InSAR),0.0261
4318,Ground subsidence (InSAR),0.2067
4319,Ground subsidence (InSAR),0.2067
4320,Ground subsidence (InSAR),0.2067
4321,Ground subsidence (InSAR),0.2314
4322,Ground subsidence (InSAR),0.2314
4323,Ground subsidence (InSAR),0.2067
4324,Ground subsidence (InSAR),0.0712
4325,Ground subsidence (InSAR),0.2067
4326,Ground subsidence (InSAR),0.0712
4327,Ground subsidence (InSAR),0.2363
4328,Ground subsidence (InSAR),0.0712
4329,Ground subsidence (InSAR),0.2363
4330,Ground subsidence (InSAR),0.2293
4331,Ground subsidence (InSAR),0.2293
4332,Ground subsidence (InSAR),0.3136
4333,Ground subsidence (InSAR),0.0986
4334,Ground subsidence (InSAR),0.3136
4335,Ground subsidence (InSAR),0.3136
4336,Ground subsidence (InSAR),0.0986
4337,Ground subsidence (InSAR),0.3136
4338,Ground subsidence (InSAR),0.1676
4339,Ground subsidence (InSAR),0.3136
4340,Ground subsidence (InSAR),0.1676
4341,Ground subsidence (InSAR),0.1585
4342,Ground subsidence (InSAR),0.1585
4343,Ground subsidence (InSAR),0.1676
4344,Ground subsidence (InSAR),0.1585
4345,Ground subsidence (InSAR),0.1676
4346,Ground subsidence (InSAR),0.1585
4347,Ground subsidence (InSAR),0.1585
4348,Ground subsidence (InSAR),0.1676
4349,Ground subsidence (InSAR),0.1585
4350,Ground subsidence (InSAR),0.1585
4351,Ground subsidence (InSAR),0.1825
4352,Ground subsidence (InSAR),0.1585
4353,Ground subsidence (InSAR),0.1825
4354,Ground subsidence (InSAR),0.1585
4355,Ground subsidence (InSAR),0.1825
4356,Ground subsidence (InSAR),0.0712
4357,Ground subsidence (InSAR),0.1519
4358,Ground subsidence (InSAR),0.0712
4359,Ground subsidence (InSAR),0.105
4360,Ground subsidence (InSAR),0.1519
4361,Ground subsidence (InSAR),0.0712
4362,Ground subsidence (InSAR),0.1917
4363,Ground subsidence (InSAR),0.1519
4364,Ground subsidence (InSAR),0.1519
4365,Ground subsidence (InSAR),0.1519
4366,Ground subsidence (InSAR),0.1519
4367,Ground subsidence (InSAR),0.2293
4368,Ground subsidence (InSAR),0.0769
4369,Ground subsidence (InSAR),0.2293
4370,Ground subsidence (InSAR),0.0769
4371,Ground subsidence (InSAR),0.0922
4372,Ground subsidence (InSAR),0.1018
4373,Ground subsidence (InSAR),0.2293
4374,Ground subsidence (InSAR),0.1018
4375,Ground subsidence (InSAR),0.2293
4376,Ground subsidence (InSAR),0.1018
4377,Ground subsidence (InSAR),0.1018
4378,Ground subsidence (InSAR),0.1451
4379,Ground subsidence (InSAR),0.1451
4380,Ground subsidence (InSAR),0.1472
4381,Ground subsidence (InSAR),0.1451
4382,Ground subsidence (InSAR),0.1451
4384,Ground subsidence (InSAR),0.1451
4385,Ground subsidence (InSAR),0.3308
4386,Ground subsidence (InSAR),0.1347
4387,Ground subsidence (InSAR),0.1451
4388,Ground subsidence (InSAR),0.266
4390,Ground subsidence (InSAR),0.1347
4391,Ground subsidence (InSAR),0.266
4392,Ground subsidence (InSAR),0.0261
4394,Ground subsidence (InSAR),0.221
4395,Ground subsidence (InSAR),0.0261
4396,Ground subsidence (InSAR),0.221
4398,Ground subsidence (InSAR),0.0261
4399,Ground subsidence (InSAR),0.221
4400,Ground subsidence (InSAR),0.0261
4402,Ground subsidence (InSAR),0.0261
4403,Ground subsidence (InSAR),0.221
4404,Ground subsidence (InSAR),0.0261
4405,Ground subsidence (InSAR),0.0749
4406,Ground subsidence (InSAR),0.1626
4408,Ground subsidence (InSAR),0.1626
4409,Ground subsidence (InSAR),0.1874
4410,Ground subsidence (InSAR),0.1626
4411,Ground subsidence (InSAR),0.1874
4412,Ground subsidence (InSAR),0.1626
4413,Ground subsidence (InSAR),0.182
4414,Ground subsidence (InSAR),0.1626
4415,Ground subsidence (InSAR),0.1626
4416,Ground subsidence (InSAR),0.182
4417,Ground subsidence (InSAR),0.1626
4418,Ground subsidence (InSAR),0.182
4419,Ground subsidence (InSAR),0.182
4420,Ground subsidence (InSAR),0.1091
4421,Ground subsidence (InSAR),0.1626
4422,Ground subsidence (InSAR),0.1091
4423,Ground subsidence (InSAR),0.1346
4424,Ground subsidence (InSAR),0.1091
4425,Ground subsidence (InSAR),0.1346
4426,Ground subsidence (InSAR),0.2501
4427,Ground subsidence (InSAR),0.1346
4428,Ground subsidence (InSAR),0.2631
4429,Ground subsidence (InSAR),0.084
4430,Ground subsidence (InSAR),0.1346
4431,Ground subsidence (InSAR),0.084
4432,Ground subsidence (InSAR),0.1346
4433,Ground subsidence (InSAR),0.084
4434,Ground subsidence (InSAR),0.1091
4435,Ground subsidence (InSAR),0.1346
4436,Ground subsidence (InSAR),0.2139
4437,Ground subsidence (InSAR),0.1091
4438,Ground subsidence (InSAR),0.1346
4439,Ground subsidence (InSAR),0.2661
4440,Ground subsidence (InSAR),0.1091
4441,Ground subsidence (InSAR),0.1346
4442,Ground subsidence (InSAR),0.1091
4443,Ground subsidence (InSAR),0.1346
4444,Ground subsidence (InSAR),0.1585
4445,Ground subsidence (InSAR),0.1091
4446,Ground subsidence (InSAR),0.1091
4447,Ground subsidence (InSAR),0.1585
4448,Ground subsidence (InSAR),0.1091
4449,Ground subsidence (InSAR),0.0462
4450,Ground subsidence (InSAR),0.1091
4451,Ground subsidence (InSAR),0.1091
4452,Ground subsidence (InSAR),0.0462
4453,Ground subsidence (InSAR),0.0462
4454,Ground subsidence (InSAR),0.1519
4455,Ground subsidence (InSAR),0.1874
4456,Ground subsidence (InSAR),0.1519
4457,Ground subsidence (InSAR),0.1519
4458,Ground subsidence (InSAR),0.1519
4459,Ground subsidence (InSAR),0.0305
4460,Ground subsidence (InSAR),0.1874
4461,Ground subsidence (InSAR),0.1874
4462,Ground subsidence (InSAR),0.0305
4463,Ground subsidence (InSAR),0.0305
4464,Ground subsidence (InSAR),0.0305
4465,Ground subsidence (InSAR),0.0305
4466,Ground subsidence (InSAR),0.3136
4467,Ground subsidence (InSAR),0.0305
4468,Ground subsidence (InSAR),0.1018
4469,Ground subsidence (InSAR),0.1018
4472,Ground subsidence (InSAR),0.1018
4473,Ground subsidence (InSAR),0.3136
4474,Ground subsidence (InSAR),0.1018
4475,Ground subsidence (InSAR),0.039
4476,Ground subsidence (InSAR),0.039
4477,Ground subsidence (InSAR),0.2485
4478,Ground subsidence (InSAR),0.2667
4479,Ground subsidence (InSAR),0.2485
4480,Ground subsidence (InSAR),0.2667
4481,Ground subsidence (InSAR),0.1347
4482,Ground subsidence (InSAR),0.2667
4483,Ground subsidence (InSAR),0.039
4484,Ground subsidence (InSAR),0.1347
4485,Ground subsidence (InSAR),0.039
4486,Ground subsidence (InSAR),0.1347
4487,Ground subsidence (InSAR),0.1076
4488,Ground subsidence (InSAR),0.1544
4489,Ground subsidence (InSAR),0.182
4490,Ground subsidence (InSAR),0.1347
4491,Ground subsidence (InSAR),0.182
4492,Ground subsidence (InSAR),0.1347
4493,Ground subsidence (InSAR),0.1626
4494,Ground subsidence (InSAR),0.1347
4495,Ground subsidence (InSAR),0.182
4496,Ground subsidence (InSAR),0.182
4497,Ground subsidence (InSAR),0.1347
4498,Ground subsidence (InSAR),0.255
4499,Ground subsidence (InSAR),0.255
4500,Ground subsidence (InSAR),0.4053
4501,Ground subsidence (InSAR),0.255
4502,Ground subsidence (InSAR),0.255
4503,Ground subsidence (InSAR),0.255
4504,Ground subsidence (InSAR),0.2272
4506,Ground subsidence (InSAR),0.2272
4508,Ground subsidence (InSAR),0.2272
4509,Ground subsidence (InSAR),0.255
4511,Ground subsidence (InSAR),0.0916
4512,Ground subsidence (InSAR),0.255
4514,Ground subsidence (InSAR),0.0916
4517,Ground subsidence (InSAR),0.0916
4518,Ground subsidence (InSAR),0.255
4520,Ground subsidence (InSAR),0.1355
4523,Ground subsidence (InSAR),0.1355
4524,Ground subsidence (InSAR),0.1539
4525,Ground subsidence (InSAR),0.1539
4526,Ground subsidence (InSAR),0.182
4528,Ground subsidence (InSAR),0.182
4529,Ground subsidence (InSAR),0.2595
4531,Ground subsidence (InSAR),0.2661
4533,Ground subsidence (InSAR),0.182
4534,Ground subsidence (InSAR),0.3044
4537,Ground subsidence (InSAR),0.1874
4539,Ground subsidence (InSAR),0.0759
4541,Ground subsidence (InSAR),0.1158
4543,Ground subsidence (InSAR),0.1629
4545,Ground subsidence (InSAR),0.1629
4546,Ground subsidence (InSAR),0.4053
4547,Ground subsidence (InSAR),0.1355
4551,Ground subsidence (InSAR),0.2661
4556,Ground subsidence (InSAR),0.2661
4558,Ground subsidence (InSAR),0.2661
4560,Ground subsidence (InSAR),0.2661
4561,Ground subsidence (InSAR),0.1629
4562,Ground subsidence (InSAR),0.1629
4563,Ground subsidence (InSAR),0.3044
4566,Ground subsidence (InSAR),0.1472
4567,Ground subsidence (InSAR),1.0
4569,Ground subsidence (InSAR),1.0
4578,Ground subsidence (InSAR),0.1629
4585,Ground subsidence (InSAR),0.2272
4588,Ground subsidence (InSAR),0.1486
4591,Ground subsidence (InSAR),0.1486
4596,Ground subsidence (InSAR),0.1496
4597,Ground subsidence (InSAR),0.377
4599,Ground subsidence (InSAR),0.377
4601,Ground subsidence (InSAR),0.377
4603,Ground subsidence (InSAR),0.1681
4604,Ground subsidence (InSAR),0.1681
4605,Ground subsidence (InSAR),0.377
4606,Ground subsidence (InSAR),0.1597
4607,Ground subsidence (InSAR),0.1681
4608,Ground subsidence (InSAR),0.1597
4609,Ground subsidence (InSAR),0.1681
4610,Ground subsidence (InSAR),0.1597
4611,Ground subsidence (InSAR),0.1105
4614,Ground subsidence (InSAR),0.0837
4617,Ground subsidence (InSAR),0.0837
4619,Ground subsidence (InSAR),0.0837
4621,Ground subsidence (InSAR),0.0837
4623,Ground subsidence (InSAR),0.0837
4625,Ground subsidence (InSAR),0.1629
4627,Ground subsidence (InSAR),0.1629
4629,Ground subsidence (InSAR),0.1629
4631,Ground subsidence (InSAR),0.1629
4635,Ground subsidence (InSAR),1.0
4636,Ground subsidence (InSAR),1.0
4638,Ground subsidence (InSAR),1.0
4640,Ground subsidence (InSAR),1.0
4643,Ground subsidence (InSAR),1.0
4645,Ground subsidence (InSAR),0.1597
4646,Ground subsidence (InSAR),1.0
4647,Ground subsidence (InSAR),0.1597
4649,Ground subsidence (InSAR),1.0
4651,Ground subsidence (InSAR),0.1597
4653,Ground subsidence (InSAR),1.0
4654,Ground subsidence (InSAR),0.2522
4656,Ground subsidence (InSAR),0.2522
4657,Ground subsidence (InSAR),1.0
4658,Ground subsidence (InSAR),1.0
4659,Ground subsidence (InSAR),1.0
4663,Ground subsidence (InSAR),0.2522
4665,Ground subsidence (InSAR),0.2522
4666,Ground subsidence (InSAR),1.0
4667,Ground subsidence (InSAR),0.2522
4668,Ground subsidence (InSAR),0.2522
4669,Ground subsidence (InSAR),1.0
4670,Ground subsidence (InSAR),0.2522
4671,Ground subsidence (InSAR),0.2522
4672,Ground subsidence (InSAR),0.2349
4676,Ground subsidence (InSAR),0.1544
4680,Ground subsidence (InSAR),0.1544
4681,Ground subsidence (InSAR),0.1971
4683,Ground subsidence (InSAR),0.1544
4686,Ground subsidence (InSAR),0.1971
4689,Ground subsidence (InSAR),0.1498
4691,Ground subsidence (InSAR),0.1498
4694,Ground subsidence (InSAR),0.1498
4695,Ground subsidence (InSAR),0.2482
4697,Ground subsidence (InSAR),0.2281
4698,Ground subsidence (InSAR),0.2482
4699,Ground subsidence (InSAR),0.2281
4700,Ground subsidence (InSAR),0.2482
4701,Ground subsidence (InSAR),0.2281
4702,Ground subsidence (InSAR),0.2482
4703,Ground subsidence (InSAR),0.2281
4704,Ground subsidence (InSAR),0.067
4705,Ground subsidence (InSAR),0.2281
4706,Ground subsidence (InSAR),0.1355
4707,Ground subsidence (InSAR),0.067
4708,Ground subsidence (InSAR),0.0916
4709,Ground subsidence (InSAR),0.2734
4710,Ground subsidence (InSAR),0.1397
4711,Ground subsidence (InSAR),0.0916
4712,Ground subsidence (InSAR),0.1397
4713,Ground subsidence (InSAR),0.1397
4714,Ground subsidence (InSAR),0.1196
4715,Ground subsidence (InSAR),0.0916
4716,Ground subsidence (InSAR),0.1397
4718,Ground subsidence (InSAR),0.1397
4720,Ground subsidence (InSAR),0.1114
4721,Ground subsidence (InSAR),0.1397
4723,Ground subsidence (InSAR),0.237
4725,Ground subsidence (InSAR),0.237
4726,Ground subsidence (InSAR),0.2631
4727,Ground subsidence (InSAR),0.237
4728,Ground subsidence (InSAR),0.2631
4729,Ground subsidence (InSAR),0.237
4731,Ground subsidence (InSAR),0.237
4732,Ground subsidence (InSAR),0.1114
4734,Ground subsidence (InSAR),0.0969
4736,Ground subsidence (InSAR),0.0969
4737,Ground subsidence (InSAR),1.0
4738,Ground subsidence (InSAR),1.0
4739,Ground subsidence (InSAR),0.0969
4740,Ground subsidence (InSAR),0.1114
4741,Ground subsidence (InSAR),1.0
4742,Ground subsidence (InSAR),0.0601
4743,Ground subsidence (InSAR),0.0969
4744,Ground subsidence (InSAR),0.0969
4745,Ground subsidence (InSAR),1.0
4746,Ground subsidence (InSAR),0.0912
4747,Ground subsidence (InSAR),0.0969
4748,Ground subsidence (InSAR),0.1018
4749,Ground subsidence (InSAR),1.0
4750,Ground subsidence (InSAR),0.0969
4751,Ground subsidence (InSAR),1.0
4752,Ground subsidence (InSAR),1.0
4754,Ground subsidence (InSAR),0.0969
4755,Ground subsidence (InSAR),1.0
4756,Ground subsidence (InSAR),0.1018
4758,Ground subsidence (InSAR),1.0
4759,Ground subsidence (InSAR),0.0759
4760,Ground subsidence (InSAR),0.0425
4762,Ground subsidence (InSAR),0.1018
4763,Ground subsidence (InSAR),0.0759
4764,Ground subsidence (InSAR),1.0
4766,Ground subsidence (InSAR),0.1114
4768,Ground subsidence (InSAR),0.1345
4769,Ground subsidence (InSAR),0.0671
4771,Ground subsidence (InSAR),0.1114
4772,Ground subsidence (InSAR),0.084
4773,Ground subsidence (InSAR),0.0671
4775,Ground subsidence (InSAR),0.0986
4776,Ground subsidence (InSAR),0.1345
4777,Ground subsidence (InSAR),0.1114
4779,Ground subsidence (InSAR),0.1345
4780,Ground subsidence (InSAR),0.0986
4781,Ground subsidence (InSAR),0.1114
4783,Ground subsidence (InSAR),0.0986
4784,Ground subsidence (InSAR),0.0216
4786,Ground subsidence (InSAR),0.0671
4788,Ground subsidence (InSAR),0.0216
4789,Ground subsidence (InSAR),0.0986
4790,Ground subsidence (InSAR),0.0671
4791,Ground subsidence (InSAR),0.0216
4793,Ground subsidence (InSAR),0.0216
4794,Ground subsidence (InSAR),0.0986
4795,Ground subsidence (InSAR),0.0986
4796,Ground subsidence (InSAR),1.0
4797,Ground subsidence (InSAR),0.0216
4798,Ground subsidence (InSAR),0.0986
4799,Ground subsidence (InSAR),0.1094
4800,Ground subsidence (InSAR),1.0
4801,Ground subsidence (InSAR),0.377
4802,Ground subsidence (InSAR),0.3333
4803,Ground subsidence (InSAR),0.377
4804,Ground subsidence (InSAR),0.0618
4805,Ground subsidence (InSAR),0.1094
4806,Ground subsidence (InSAR),0.377
4807,Ground subsidence (InSAR),0.2052
4808,Ground subsidence (InSAR),0.1676
4809,Ground subsidence (InSAR),0.2052
4810,Ground subsidence (InSAR),0.377
4811,Ground subsidence (InSAR),0.2052
4812,Ground subsidence (InSAR),0.2052
4813,Ground subsidence (InSAR),1.0
4814,Ground subsidence (InSAR),0.1676
4815,Ground subsidence (InSAR),0.2052
4816,Ground subsidence (InSAR),0.2402
4817,Ground subsidence (InSAR),0.084
4818,Ground subsidence (InSAR),0.2402
4819,Ground subsidence (InSAR),0.084
4820,Ground subsidence (InSAR),0.182
4821,Ground subsidence (InSAR),0.0618
4822,Ground subsidence (InSAR),0.182
4823,Ground subsidence (InSAR),0.377
4824,Ground subsidence (InSAR),0.1498
4825,Ground subsidence (InSAR),0.0618
4826,Ground subsidence (InSAR),0.377
4827,Ground subsidence (InSAR),0.1498
4828,Ground subsidence (InSAR),0.1526
4829,Ground subsidence (InSAR),0.0899
4830,Ground subsidence (InSAR),0.1498
4831,Ground subsidence (InSAR),0.1597
4832,Ground subsidence (InSAR),0.0899
4833,Ground subsidence (InSAR),0.1498
4834,Ground subsidence (InSAR),0.039
4835,Ground subsidence (InSAR),0.1597
4836,Ground subsidence (InSAR),0.039
4837,Ground subsidence (InSAR),0.1498
4838,Ground subsidence (InSAR),0.1597
4839,Ground subsidence (InSAR),0.1498
4840,Ground subsidence (InSAR),0.1597
4841,Ground subsidence (InSAR),0.1526
4842,Ground subsidence (InSAR),0.1355
4843,Ground subsidence (InSAR),0.0916
4844,Ground subsidence (InSAR),0.2314
4845,Ground subsidence (InSAR),0.0916
4846,Ground subsidence (InSAR),0.0916
4847,Ground subsidence (InSAR),0.2734
4848,Ground subsidence (InSAR),0.2314
4849,Ground subsidence (InSAR),0.2734
4850,Ground subsidence (InSAR),0.0916
4851,Ground subsidence (InSAR),0.3044
4852,Ground subsidence (InSAR),0.1829
4853,Ground subsidence (InSAR),0.3044
4854,Ground subsidence (InSAR),0.1196
4855,Ground subsidence (InSAR),0.1196
4856,Ground subsidence (InSAR),0.3044
4857,Ground subsidence (InSAR),0.2002
4858,Ground subsidence (InSAR),0.2734
4859,Ground subsidence (InSAR),0.1539
4860,Ground subsidence (InSAR),0.3044
4861,Ground subsidence (InSAR),0.1196
4862,Ground subsidence (InSAR),0.2734
4863,Ground subsidence (InSAR),0.2734
4864,Ground subsidence (InSAR),0.237
4865,Ground subsidence (InSAR),0.1342
4866,Ground subsidence (InSAR),0.1539
4867,Ground subsidence (InSAR),0.237
4868,Ground subsidence (InSAR),0.2734
4869,Ground subsidence (InSAR),0.2734
4870,Ground subsidence (InSAR),0.2282
4871,Ground subsidence (InSAR),0.2282
4872,Ground subsidence (InSAR),0.237
4873,Ground subsidence (InSAR),0.0769
4874,Ground subsidence (InSAR),0.237
4876,Ground subsidence (InSAR),0.237
4877,Ground subsidence (InSAR),0.237
4879,Ground subsidence (InSAR),0.2402
4880,Ground subsidence (InSAR),0.237
4882,Ground subsidence (InSAR),0.0607
4883,Ground subsidence (InSAR),0.5937
4884,Ground subsidence (InSAR),0.237
4885,Ground subsidence (InSAR),0.0607
4886,Ground subsidence (InSAR),0.0969
4887,Ground subsidence (InSAR),0.0969
4888,Ground subsidence (InSAR),0.1511
4889,Ground subsidence (InSAR),0.1511
4890,Ground subsidence (InSAR),0.0969
4891,Ground subsidence (InSAR),0.0969
4894,Ground subsidence (InSAR),0.1114
4895,Ground subsidence (InSAR),0.1114
4896,Ground subsidence (InSAR),0.1114
4898,Ground subsidence (InSAR),0.1114
4900,Ground subsidence (InSAR),0.1114
4902,Ground subsidence (InSAR),0.1114
4903,Ground subsidence (InSAR),0.3333
4905,Ground subsidence (InSAR),0.3333
4906,Ground subsidence (InSAR),0.0912
4907,Ground subsidence (InSAR),0.3333
4909,Ground subsidence (InSAR),0.0912
4911,Ground subsidence (InSAR),0.3333
4912,Ground subsidence (InSAR),0.0823
4914,Ground subsidence (InSAR),0.04
4916,Ground subsidence (InSAR),0.04
4919,Ground subsidence (InSAR),0.04
4920,Ground subsidence (InSAR),0.2179
4922,Ground subsidence (InSAR),0.04
4924,Ground subsidence (InSAR),0.3308
4926,Ground subsidence (InSAR),0.3308
4927,Ground subsidence (InSAR),0.3308
4929,Ground subsidence (InSAR),0.6061
4930,Ground subsidence (InSAR),0.1094
4931,Ground subsidence (InSAR),0.1094
4932,Ground subsidence (InSAR),0.3308
4933,Ground subsidence (InSAR),0.1094
4934,Ground subsidence (InSAR),0.1402
4935,Ground subsidence (InSAR),0.0749
4936,Ground subsidence (InSAR),0.1094
4937,Ground subsidence (InSAR),0.1094
4938,Ground subsidence (InSAR),0.1094
4940,Ground subsidence (InSAR),0.1526
4941,Ground subsidence (InSAR),0.1701
4943,Ground subsidence (InSAR),0.1701
4954,Ground subsidence (InSAR),0.0965
4956,Ground subsidence (InSAR),0.0965
4957,Ground subsidence (InSAR),0.0965
4959,Ground subsidence (InSAR),0.0912
4960,Ground subsidence (InSAR),0.0823
4962,Ground subsidence (InSAR),0.0823
4964,Ground subsidence (InSAR),0.0823
4967,Ground subsidence (InSAR),0.0564
4969,Ground subsidence (InSAR),0.0564
4970,Ground subsidence (InSAR),0.0564
4982,Ground subsidence (InSAR),0.0607
4984,Ground subsidence (InSAR),0.2236
4985,Ground subsidence (InSAR),0.0607
4986,Ground subsidence (InSAR),0.0607
4987,Ground subsidence (InSAR),0.2236
4988,Ground subsidence (InSAR),0.0607
4990,Ground subsidence (InSAR),0.0607
4992,Ground subsidence (InSAR),0.1526
4993,Ground subsidence (InSAR),0.1526
4994,Ground subsidence (InSAR),0.7977
4995,Ground subsidence (InSAR),0.6061
4996,Ground subsidence (InSAR),0.6061
5021,Ground subsidence (InSAR),0.2407
5024,Ground subsidence (InSAR),0.1941
5025,Ground subsidence (InSAR),0.0923
5027,Ground subsidence (InSAR),0.0923
5028,Ground subsidence (InSAR),0.2018
5029,Ground subsidence (InSAR),0.2018
5030,Ground subsidence (InSAR),0.2018
5041,Ground subsidence (InSAR),0.1496
5043,Ground subsidence (InSAR),0.2796
5048,Ground subsidence (InSAR),0.1941
5050,Ground subsidence (InSAR),0.1941
5051,Ground subsidence (InSAR),0.0922
5052,Ground subsidence (InSAR),0.3395
5058,Ground subsidence (InSAR),0.3395
5061,Ground subsidence (InSAR),0.3395
5063,Ground subsidence (InSAR),0.3395
5097,Ground subsidence (InSAR),0.1402
5098,Ground subsidence (InSAR),0.1402
5105,Ground subsidence (InSAR),0.4019
5177,Ground subsidence (InSAR),0.6506
5198,Ground subsidence (InSAR),0.1018
5239,Ground subsidence (InSAR),0.4019
5241,Ground subsidence (InSAR),0.1825
5264,Ground subsidence (InSAR),0.8181
5265,Ground subsidence (InSAR),0.8181
5268,Ground subsidence (InSAR),0.937
5270,Ground subsidence (InSAR),0.937
5271,Ground subsidence (InSAR),0.937
5273,Ground subsidence (InSAR),0.937
5311,Ground subsidence (InSAR),0.1917
5312,Ground subsidence (InSAR),0.5035
5313,Ground subsidence (InSAR),0.5035
5315,Ground subsidence (InSAR),0.0837
5317,Ground subsidence (InSAR),0.937
5320,Ground subsidence (InSAR),0.937
5322,Ground subsidence (InSAR),0.4085
5323,Ground subsidence (InSAR),0.4085
5330,Ground subsidence (InSAR),0.3022
5333,Ground subsidence (InSAR),0.795
5337,Ground subsidence (InSAR),0.795
5343,Ground subsidence (InSAR),0.795
5355,Ground subsidence (InSAR),0.795
5363,Ground subsidence (InSAR),0.795
5365,Ground subsidence (InSAR),0.795
5366,Ground subsidence (InSAR),0.795
5368,Ground subsidence (InSAR),0.8143
5369,Ground subsidence (InSAR),0.8143
5371,Ground subsidence (InSAR),0.8143
5453,Ground subsidence (InSAR),0.2969
5455,Ground subsidence (InSAR),0.2969
5567,Ground subsidence (InSAR),0.5776
5646,Ground subsidence (InSAR),0.1701
5726,Ground subsidence (InSAR),0.1412
5727,Ground subsidence (InSAR),0.1412
5728,Ground subsidence (InSAR),0.0425
5729,Ground subsidence (InSAR),0.0425
5730,Ground subsidence (InSAR),0.0425
5731,Ground subsidence (InSAR),0.0425
5732,Ground subsidence (InSAR),0.0216
5733,Ground subsidence (InSAR),0.0216
5734,Ground subsidence (InSAR),0.0216
5735,Ground subsidence (InSAR),0.0216
5736,Ground subsidence (InSAR),0.0216
5737,Ground subsidence (InSAR),0.0216
5810,Ground subsidence (InSAR),0.0607
5815,Ground subsidence (InSAR),0.8866
5858,Ground subsidence (InSAR),0.0607
5861,Ground subsidence (InSAR),0.0607
5873,Ground subsidence (InSAR),0.8866
5874,Ground subsidence (InSAR),0.8866
5875,Ground subsidence (InSAR),0.8866
5877,Ground subsidence (InSAR),0.8866
5878,Ground subsidence (InSAR),0.8866
5883,Ground subsidence (InSAR),0.8866
5885,Ground subsidence (InSAR),0.8866
5887,Ground subsidence (InSAR),0.8866
5890,Ground subsidence (InSAR),0.8143
5891,Ground subsidence (InSAR),0.8143
5897,Ground subsidence (InSAR),0.8143
5972,Ground subsidence (InSAR),0.8866
5973,Ground subsidence (InSAR),0.8866
5974,Ground subsidence (InSAR),0.8866
5975,Ground subsidence (InSAR),0.8866
5976,Ground subsidence (InSAR),0.8866
5977,Ground subsidence (InSAR),0.8866
5979,Ground subsidence (InSAR),0.8866
5987,Ground subsidence (InSAR),0.8143
5991,Ground subsidence (InSAR),0.8143
5993,Ground subsidence (InSAR),0.5937
5994,Ground subsidence (InSAR),0.5937
6036,Ground subsidence (InSAR),0.8181
6040,Ground subsidence (InSAR),0.8181
6042,Ground subsidence (InSAR),0.8181
6056,Ground subsidence (InSAR),1.0
6060,Ground subsidence (InSAR),1.0
6063,Ground subsidence (InSAR),0.4085
6079,Ground subsidence (InSAR),1.0
6111,Ground subsidence (InSAR),0.8866
6114,Ground subsidence (InSAR),0.8866
6116,Ground subsidence (InSAR),0.8866
6120,Ground subsidence (InSAR),0.8866
6123,Ground subsidence (InSAR),0.8143
6128,Ground subsidence (InSAR),0.8143
6152,Ground subsidence (InSAR),0.0616
6153,Ground subsidence (InSAR),0.0616
6164,Ground subsidence (InSAR),0.7034
6167,Ground subsidence (InSAR),0.7034
6174,Ground subsidence (InSAR),0.7034
6180,Ground subsidence (InSAR),0.3022
6183,Ground subsidence (InSAR),1.0
6186,Ground subsidence (InSAR),1.0
6232,Ground subsidence (InSAR),1.0
6236,Ground subsidence (InSAR),1.0
6238,Ground subsidence (InSAR),1.0
6241,Ground subsidence (InSAR),1.0
6247,Ground subsidence (InSAR),1.0
6250,Ground subsidence (InSAR),1.0
6251,Ground subsidence (InSAR),1.0
6252,Ground subsidence (InSAR),1.0
6253,Ground subsidence (InSAR),1.0
6255,Ground subsidence (InSAR),1.0
6258,Ground subsidence (InSAR),1.0
6259,Ground subsidence (InSAR),1.0
6303,Ground subsidence (InSAR),1.0
6320,Ground subsidence (InSAR),0.2407
6321,Ground subsidence (InSAR),0.2407
6322,Ground subsidence (InSAR),0.2407
6323,Ground subsidence (InSAR),0.5484
6332,Ground subsidence (InSAR),0.4389
6353,Ground subsidence (InSAR),0.8866
6354,Ground subsidence (InSAR),0.4389
6356,Ground subsidence (InSAR),1.0
6358,Ground subsidence (InSAR),0.8866
6360,Ground subsidence (InSAR),0.8866
6370,Ground subsidence (InSAR),0.2402
6381,Ground subsidence (InSAR),0.2402
6578,Ground subsidence (InSAR),0.071
6606,Ground subsidence (InSAR),1.0
6619,Ground subsidence (InSAR),0.1676
6625,Ground subsidence (InSAR),0.1676
6670,Ground subsidence (InSAR),0.1699
6918,Ground subsidence (InSAR),0.3449
6921,Ground subsidence (InSAR),0.3449
7335,Ground subsidence (InSAR),1.0
7347,Ground subsidence (InSAR),0.2734
7348,Ground subsidence (InSAR),0.2734
7401,Ground subsidence (InSAR),0.0369
7412,Ground subsidence (InSAR),0.6508
7534,Ground subsidence (InSAR),0.4588
7537,Ground subsidence (InSAR),0.4588
7539,Ground subsidence (InSAR),0.4588
7540,Ground subsidence (InSAR),0.4588
7587,Ground subsidence (InSAR),0.1451
7588,Ground subsidence (InSAR),0.1451
7598,Ground subsidence (InSAR),0.7556
7603,Ground subsidence (InSAR),0.1642
7605,Ground subsidence (InSAR),0.1642
7606,Ground subsidence (InSAR),0.6289
7609,Ground subsidence (InSAR),0.6289
7630,Ground subsidence (InSAR),0.7295
7645,Ground subsidence (InSAR),0.4588
7688,Ground subsidence (InSAR),0.2999
7689,Ground subsidence (InSAR),0.4758
7847,Ground subsidence (InSAR),0.8181
7849,Ground subsidence (InSAR),0.8181
7916,Ground subsidence (InSAR),0.2304
7918,Ground subsidence (InSAR),0.2304
7920,Ground subsidence (InSAR),0.2304
7921,Ground subsidence (InSAR),0.2304
7923,Ground subsidence (InSAR),0.2304
7924,Ground subsidence (InSAR),0.2304
7927,Ground subsidence (InSAR),0.1108
7930,Ground subsidence (InSAR),0.1108
7931,Ground subsidence (InSAR),0.1108
7933,Ground subsidence (InSAR),0.1108
7939,Ground subsidence (InSAR),0.4588
7941,Ground subsidence (InSAR),0.4588
7944,Ground subsidence (InSAR),0.4588
7946,Ground subsidence (InSAR),0.4588
7947,Ground subsidence (InSAR),0.4588
7964,Ground subsidence (InSAR),0.4588
7966,Ground subsidence (InSAR),0.4588
7968,Ground subsidence (InSAR),0.4588
7970,Ground subsidence (InSAR),0.3278
7986,Ground subsidence (InSAR),0.9611
7990,Ground subsidence (InSAR),0.199
7992,Ground subsidence (InSAR),0.1603
7994,Ground subsidence (InSAR),0.9611
7996,Ground subsidence (InSAR),0.1603
7997,Ground subsidence (InSAR),0.1603
8002,Ground subsidence (InSAR),0.4583
8019,Ground subsidence (InSAR),1.0
8022,Ground subsidence (InSAR),1.0
8043,Ground subsidence (InSAR),0.6823
8045,Ground subsidence (InSAR),0.4588
8051,Ground subsidence (InSAR),0.4588
8053,Ground subsidence (InSAR),0.4588
8062,Ground subsidence (InSAR),0.1715
8063,Ground subsidence (InSAR),0.1715
8066,Ground subsidence (InSAR),0.1715
8116,Ground subsidence (InSAR),0.6823
8119,Ground subsidence (InSAR),0.6823
8121,Ground subsidence (InSAR),0.174
8124,Ground subsidence (InSAR),0.174
8128,Ground subsidence (InSAR),0.0467
8129,Ground subsidence (InSAR),0.4588
8130,Ground subsidence (InSAR),0.0467
8131,Ground subsidence (InSAR),0.4588
8132,Ground subsidence (InSAR),0.4588
8135,Ground subsidence (InSAR),0.0467
8138,Ground subsidence (InSAR),0.0467
8143,Ground subsidence (InSAR),0.1715
8144,Ground subsidence (InSAR),0.1715
8145,Ground subsidence (InSAR),0.1715
8147,Ground subsidence (InSAR),0.1715
8162,Ground subsidence (InSAR),0.9913
8168,Ground subsidence (InSAR),0.9913
8170,Ground subsidence (InSAR),0.9913
8172,Ground subsidence (InSAR),1.0
8176,Ground subsidence (InSAR),1.0
8177,Ground subsidence (InSAR),1.0
8178,Ground subsidence (InSAR),0.4389
8179,Ground subsidence (InSAR),1.0
8180,Ground subsidence (InSAR),0.4389
8181,Ground subsidence (InSAR),1.0
8182,Ground subsidence (InSAR),0.4389
8185,Ground subsidence (InSAR),1.0
8186,Ground subsidence (InSAR),1.0
8187,Ground subsidence (InSAR),1.0
8196,Ground subsidence (InSAR),0.6738
8202,Ground subsidence (InSAR),1.0
8204,Ground subsidence (InSAR),0.2272
8205,Ground subsidence (InSAR),0.2272
8206,Ground subsidence (InSAR),0.2272
8207,Ground subsidence (InSAR),0.2998
8209,Ground subsidence (InSAR),0.9913
8211,Ground subsidence (InSAR),0.0162
8212,Ground subsidence (InSAR),0.2422
8215,Ground subsidence (InSAR),0.2422
8219,Ground subsidence (InSAR),1.0
8222,Ground subsidence (InSAR),0.9913
8226,Ground subsidence (InSAR),0.9913
8227,Ground subsidence (InSAR),0.2422
8229,Ground subsidence (InSAR),1.0
8231,Ground subsidence (InSAR),0.2422
8232,Ground subsidence (InSAR),1.0
8233,Ground subsidence (InSAR),0.2422
8236,Ground subsidence (InSAR),0.2422
8239,Ground subsidence (InSAR),0.2422
8245,Ground subsidence (InSAR),1.0
8255,Ground subsidence (InSAR),0.3796
8260,Ground subsidence (InSAR),0.3796
8320,Ground subsidence (InSAR),0.5819
8325,Ground subsidence (InSAR),0.5819
8327,Ground subsidence (InSAR),0.5819
8329,Ground subsidence (InSAR),0.5635
8330,Ground subsidence (InSAR),0.5635
8333,Ground subsidence (InSAR),0.7556
8334,Ground subsidence (InSAR),0.6258
8342,Ground subsidence (InSAR),0.543
8344,Ground subsidence (InSAR),0.543
8359,Ground subsidence (InSAR),0.6191
8379,Ground subsidence (InSAR),0.3662
8459,Ground subsidence (InSAR),0.7411
8488,Ground subsidence (InSAR),0.218
8489,Ground subsidence (InSAR),0.218
8492,Ground subsidence (InSAR),0.2113
8493,Ground subsidence (InSAR),0.2113
8527,Ground subsidence (InSAR),0.3529
8532,Ground subsidence (InSAR),0.3529
8535,Ground subsidence (InSAR),0.3529
8558,Ground subsidence (InSAR),0.5087
8560,Ground subsidence (InSAR),0.5087
8579,Ground subsidence (InSAR),0.5087
8585,Ground subsidence (InSAR),0.2721
8595,Ground subsidence (InSAR),0.2979
8598,Ground subsidence (InSAR),0.7124
8600,Ground subsidence (InSAR),0.5087
8603,Ground subsidence (InSAR),0.2979
8606,Ground subsidence (InSAR),0.2979
8610,Ground subsidence (InSAR),0.1548
8612,Ground subsidence (InSAR),0.2272
8615,Ground subsidence (InSAR),0.2272
8624,Ground subsidence (InSAR),0.8051
8659,Ground subsidence (InSAR),0.4662
8660,Ground subsidence (InSAR),0.4662
8664,Ground subsidence (InSAR),0.8051
8665,Ground subsidence (InSAR),0.8051
8667,Ground subsidence (InSAR),0.8051
8670,Ground subsidence (InSAR),0.7651
8671,Ground subsidence (InSAR),0.7651
8676,Ground subsidence (InSAR),0.2684
8677,Ground subsidence (InSAR),0.2684
8678,Ground subsidence (InSAR),0.2684
8679,Ground subsidence (InSAR),0.214
8826,Ground subsidence (InSAR),0.0837
8877,Ground subsidence (InSAR),0.0922
8881,Ground subsidence (InSAR),0.0922
8884,Ground subsidence (InSAR),0.0922
8887,Ground subsidence (InSAR),0.0922
8889,Ground subsidence (InSAR),0.0922
8993,Ground subsidence (InSAR),0.6289
8996,Ground subsidence (InSAR),0.6289
9004,Ground subsidence (InSAR),0.6289
9009,Ground subsidence (InSAR),0.6289
9015,Ground subsidence (InSAR),0.4789
9023,Ground subsidence (InSAR),0.4239
9026,Ground subsidence (InSAR),0.798
9029,Ground subsidence (InSAR),0.798
9045,Ground subsidence (InSAR),0.6173
9047,Ground subsidence (InSAR),0.4777
9048,Ground subsidence (InSAR),0.1971
9052,Ground subsidence (InSAR),0.1971
9055,Ground subsidence (InSAR),0.1971
9056,Ground subsidence (InSAR),0.1971
9057,Ground subsidence (InSAR),0.1971
9058,Ground subsidence (InSAR),0.4239
9060,Ground subsidence (InSAR),0.4239
9062,Ground subsidence (InSAR),0.2314
9064,Ground subsidence (InSAR),0.2482
9066,Ground subsidence (InSAR),0.4777
9069,Ground subsidence (InSAR),0.4777
9070,Ground subsidence (InSAR),0.4777
9072,Ground subsidence (InSAR),0.4777
9074,Ground subsidence (InSAR),0.4777
9076,Ground subsidence (InSAR),0.4789
9078,Ground subsidence (InSAR),0.4789
9081,Ground subsidence (InSAR),0.4789
9087,Ground subsidence (InSAR),0.2139
9092,Ground subsidence (InSAR),1.0
9131,Ground subsidence (InSAR),0.1018
9139,Ground subsidence (InSAR),0.8181
9144,Ground subsidence (InSAR),1.0
9148,Ground subsidence (InSAR),0.5035
9155,Ground subsidence (InSAR),1.0
9160,Ground subsidence (InSAR),0.8181
9169,Ground subsidence (InSAR),0.0889
9173,Ground subsidence (InSAR),0.5035
9181,Ground subsidence (InSAR),0.5035
9185,Ground subsidence (InSAR),0.018
9188,Ground subsidence (InSAR),0.5494
9195,Ground subsidence (InSAR),0.5494
9206,Ground subsidence (InSAR),0.2122
9213,Ground subsidence (InSAR),0.2122
9215,Ground subsidence (InSAR),0.2122
9217,Ground subsidence (InSAR),0.2122
9227,Ground subsidence (InSAR),0.2695
9229,Ground subsidence (InSAR),0.4072
9239,Ground subsidence (InSAR),0.1715
9372,Ground subsidence (InSAR),0.7711
9374,Ground subsidence (InSAR),0.7711
9415,Ground subsidence (InSAR),1.0
9494,Ground subsidence (InSAR),0.8215
9496,Ground subsidence (InSAR),0.8215
9499,Ground subsidence (InSAR),0.8215
9501,Ground subsidence (InSAR),0.8215
9612,Ground subsidence (InSAR),0.1111
9613,Ground subsidence (InSAR),0.1111
9618,Ground subsidence (InSAR),0.1111
9631,Ground subsidence (InSAR),0.7711
9710,Ground subsidence (InSAR),0.3126
9713,Ground subsidence (InSAR),0.3126
9757,Ground subsidence (InSAR),0.1108
9766,Ground subsidence (InSAR),0.1108
9768,Ground subsidence (InSAR),0.2147
9770,Ground subsidence (InSAR),0.2147
9773,Ground subsidence (InSAR),0.2147
9777,Ground subsidence (InSAR),0.2147
9782,Ground subsidence (InSAR),0.2147
9783,Ground subsidence (InSAR),0.2794
9784,Ground subsidence (InSAR),0.2794
9785,Ground subsidence (InSAR),0.2192
9790,Ground subsidence (InSAR),0.1254
9796,Ground subsidence (InSAR),0.1659
9798,Ground subsidence (InSAR),0.1659
9806,Ground subsidence (InSAR),0.1254
9819,Ground subsidence (InSAR),0.244
9884,Ground subsidence (InSAR),1.0
9888,Ground subsidence (InSAR),1.0
9892,Ground subsidence (InSAR),1.0
10033,Ground subsidence (InSAR),0.3395
10035,Ground subsidence (InSAR),0.3395
10036,Ground subsidence (InSAR),0.3395
10121,Ground subsidence (InSAR),0.0239
10123,Ground subsidence (InSAR),0.0239
10126,Ground subsidence (InSAR),0.0239
10128,Ground subsidence (InSAR),0.0239
10130,Ground subsidence (InSAR),0.0239
10134,Ground subsidence (InSAR),0.0239
10136,Ground subsidence (InSAR),0.0969
10140,Ground subsidence (InSAR),0.0969
10141,Ground subsidence (InSAR),0.0969
10143,Ground subsidence (InSAR),0.0969
10145,Ground subsidence (InSAR),0.0969
10150,Ground subsidence (InSAR),0.1519
10152,Ground subsidence (InSAR),0.1519
10162,Ground subsidence (InSAR),0.0462
10165,Ground subsidence (InSAR),0.0462
10176,Ground subsidence (InSAR),0.1345
10179,Ground subsidence (InSAR),0.1345
10186,Ground subsidence (InSAR),0.1345
10191,Ground subsidence (InSAR),0.1345
10194,Ground subsidence (InSAR),0.1345
10198,Ground subsidence (InSAR),0.0607
10222,Ground subsidence (InSAR),0.2631
10227,Ground subsidence (InSAR),0.2631
10230,Ground subsidence (InSAR),0.0239
10234,Ground subsidence (InSAR),0.0239
10237,Ground subsidence (InSAR),0.0239
10239,Ground subsidence (InSAR),0.237
10243,Ground subsidence (InSAR),0.1325
10246,Ground subsidence (InSAR),0.1325
10250,Ground subsidence (InSAR),0.0462
10252,Ground subsidence (InSAR),0.0462
10254,Ground subsidence (InSAR),0.0462
10258,Ground subsidence (InSAR),0.0462
10259,Ground subsidence (InSAR),0.1345
10261,Ground subsidence (InSAR),0.0618
10264,Ground subsidence (InSAR),0.0618
10267,Ground subsidence (InSAR),0.0618
10273,Ground subsidence (InSAR),0.0618
10276,Ground subsidence (InSAR),0.0618
10379,Ground subsidence (InSAR),0.1715
10436,Ground subsidence (InSAR),0.4764
10439,Ground subsidence (InSAR),0.4764
10558,Ground subsidence (InSAR),0.1173
10592,Ground subsidence (InSAR),0.2644
10596,Ground subsidence (InSAR),0.2644
10599,Ground subsidence (InSAR),0.2644
10601,Ground subsidence (InSAR),0.2644
10606,Ground subsidence (InSAR),0.2644
10610,Ground subsidence (InSAR),0.2644
10617,Ground subsidence (InSAR),0.7977
10624,Ground subsidence (InSAR),0.4506
10631,Ground subsidence (InSAR),0.4506
10637,Ground subsidence (InSAR),0.3022
10642,Ground subsidence (InSAR),0.4506
10644,Ground subsidence (InSAR),0.7667
10645,Ground subsidence (InSAR),0.3022
10646,Ground subsidence (InSAR),0.7667
10649,Ground subsidence (InSAR),0.7667
10654,Ground subsidence (InSAR),0.7977
10656,Ground subsidence (InSAR),0.4506
10658,Ground subsidence (InSAR),0.1173
10666,Ground subsidence (InSAR),0.4506
10672,Ground subsidence (InSAR),0.3267
10994,Ground subsidence (InSAR),0.7532
10997,Ground subsidence (InSAR),0.7532
11019,Ground subsidence (InSAR),1.0
11021,Ground subsidence (InSAR),1.0
11249,Ground subsidence (InSAR),0.0544
11254,Ground subsidence (InSAR),0.0544
11279,Ground subsidence (InSAR),0.0544
11284,Ground subsidence (InSAR),0.5087
11288,Ground subsidence (InSAR),0.7797
11294,Ground subsidence (InSAR),0.5087
11300,Ground subsidence (InSAR),0.1086
11301,Ground subsidence (InSAR),0.1086
11302,Ground subsidence (InSAR),0.1086
11305,Ground subsidence (InSAR),0.1086
11313,Ground subsidence (InSAR),0.1511
11326,Ground subsidence (InSAR),0.1511
11328,Ground subsidence (InSAR),0.1511
11348,Ground subsidence (InSAR),0.1451
11368,Ground subsidence (InSAR),0.1451
11393,Ground subsidence (InSAR),0.134
11411,Ground subsidence (InSAR),0.134
11420,Ground subsidence (InSAR),0.134
11424,Ground subsidence (InSAR),0.134
11435,Ground subsidence (InSAR),0.3183
11438,Ground subsidence (InSAR),0.3183
11452,Ground subsidence (InSAR),0.0721
11453,Ground subsidence (InSAR),1.0
11455,Ground subsidence (InSAR),1.0
11457,Ground subsidence (InSAR),0.0721
11458,Ground subsidence (InSAR),1.0
11461,Ground subsidence (InSAR),1.0
11462,Ground subsidence (InSAR),1.0
11470,Ground subsidence (InSAR),0.0721
11472,Ground subsidence (InSAR),0.3193
11480,Ground subsidence (InSAR),0.3193
11484,Ground subsidence (InSAR),0.3193
11490,Ground subsidence (InSAR),0.3193
11491,Ground subsidence (InSAR),0.3193
11493,Ground subsidence (InSAR),0.1555
11496,Ground subsidence (InSAR),0.1555
11508,Ground subsidence (InSAR),0.3881
11513,Ground subsidence (InSAR),0.3881
11517,Ground subsidence (InSAR),0.4789
11518,Ground subsidence (InSAR),0.4789
11522,Ground subsidence (InSAR),0.1555
11527,Ground subsidence (InSAR),0.1555
11545,Ground subsidence (InSAR),0.1555
11548,Ground subsidence (InSAR),0.1555
11552,Ground subsidence (InSAR),0.1555
11555,Ground subsidence (InSAR),0.1555
11557,Ground subsidence (InSAR),0.2392
11564,Ground subsidence (InSAR),0.3844
11567,Ground subsidence (InSAR),0.3844
11573,Ground subsidence (InSAR),0.3844
11576,Ground subsidence (InSAR),0.3844
11592,Ground subsidence (InSAR),0.3844
11598,Ground subsidence (InSAR),0.3844
11606,Ground subsidence (InSAR),0.3844
11614,Ground subsidence (InSAR),0.3844
11622,Ground subsidence (InSAR),0.2828
11632,Ground subsidence (InSAR),0.2828
11634,Ground subsidence (InSAR),0.2828
11640,Ground subsidence (InSAR),0.2828
11650,Ground subsidence (InSAR),0.2828
11654,Ground subsidence (InSAR),0.2828
11660,Ground subsidence (InSAR),0.2828
11668,Ground subsidence (InSAR),0.2828
11672,Ground subsidence (InSAR),0.4
11787,Ground subsidence (InSAR),0.4435
11800,Ground subsidence (InSAR),0.4435
11807,Ground subsidence (InSAR),0.1323
11813,Ground subsidence (InSAR),0.9779
11823,Ground subsidence (InSAR),0.1323
11825,Ground subsidence (InSAR),0.9779
11835,Ground subsidence (InSAR),0.1323
11838,Ground subsidence (InSAR),0.5636
11843,Ground subsidence (InSAR),0.3276
11847,Ground subsidence (InSAR),0.2609
11870,Ground subsidence (InSAR),0.3424
11880,Ground subsidence (InSAR),0.1594
11884,Ground subsidence (InSAR),0.1594
11886,Ground subsidence (InSAR),0.2076
11889,Ground subsidence (InSAR),0.2076
11891,Ground subsidence (InSAR),0.2076
11895,Ground subsidence (InSAR),0.2076
11900,Ground subsidence (InSAR),0.4777
11905,Ground subsidence (InSAR),0.1511
11912,Ground subsidence (InSAR),0.1511
11919,Ground subsidence (InSAR),0.1511
11924,Ground subsidence (InSAR),0.1511
11936,Ground subsidence (InSAR),0.1511
11947,Ground subsidence (InSAR),0.1511
12007,Ground subsidence (InSAR),0.3159
12011,Ground subsidence (InSAR),0.3159
12016,Ground subsidence (InSAR),0.3159
12019,Ground subsidence (InSAR),0.3159
12027,Ground subsidence (InSAR),0.3159
12031,Ground subsidence (InSAR),0.3159
12035,Ground subsidence (InSAR),0.3159
12045,Ground subsidence (InSAR),0.3159
12048,Ground subsidence (InSAR),0.3159
12067,Ground subsidence (InSAR),0.3159
12076,Ground subsidence (InSAR),0.134
12082,Ground subsidence (InSAR),0.134
12099,Ground subsidence (InSAR),0.1536
12101,Ground subsidence (InSAR),0.1536
12104,Ground subsidence (InSAR),0.1536
12106,Ground subsidence (InSAR),0.3183
12109,Ground subsidence (InSAR),0.3183
12111,Ground subsidence (InSAR),0.0996
12113,Ground subsidence (InSAR),0.0996
12115,Ground subsidence (InSAR),0.0996
12122,Ground subsidence (InSAR),0.3193
12129,Ground subsidence (InSAR),0.3193
12131,Ground subsidence (InSAR),0.3193
12144,Ground subsidence (InSAR),0.3193
12148,Ground subsidence (InSAR),0.3193
12149,Ground subsidence (InSAR),0.3193
12152,Ground subsidence (InSAR),0.0293
12154,Ground subsidence (InSAR),0.0293
12157,Ground subsidence (InSAR),0.2392
12160,Ground subsidence (InSAR),0.2392
12167,Ground subsidence (InSAR),0.2392
12170,Ground subsidence (InSAR),0.0537
12171,Ground subsidence (InSAR),0.2392
12174,Ground subsidence (InSAR),0.4688
12177,Ground subsidence (InSAR),0.2392
12178,Ground subsidence (InSAR),0.0537
12181,Ground subsidence (InSAR),0.9281
12182,Ground subsidence (InSAR),0.2392
12184,Ground subsidence (InSAR),0.8054
12186,Ground subsidence (InSAR),0.2392
12187,Ground subsidence (InSAR),0.656
12189,Ground subsidence (InSAR),0.656
12190,Ground subsidence (InSAR),0.2392
12191,Ground subsidence (InSAR),0.8054
12193,Ground subsidence (InSAR),0.8054
12195,Ground subsidence (InSAR),0.4688
12196,Ground subsidence (InSAR),0.2392
12197,Ground subsidence (InSAR),0.6068
12199,Ground subsidence (InSAR),0.6068
12211,Ground subsidence (InSAR),0.1972
12212,Ground subsidence (InSAR),0.1972
12227,Ground subsidence (InSAR),0.1972
12229,Ground subsidence (InSAR),0.1972
12233,Ground subsidence (InSAR),0.1972
12241,Ground subsidence (InSAR),0.1972
12248,Ground subsidence (InSAR),0.1972
12252,Ground subsidence (InSAR),0.1972
12257,Ground subsidence (InSAR),0.2828
12262,Ground subsidence (InSAR),0.2828
12305,Ground subsidence (InSAR),0.8259
12307,Ground subsidence (InSAR),0.8259
12308,Ground subsidence (InSAR),0.6258
12309,Ground subsidence (InSAR),0.3198
12312,Ground subsidence (InSAR),0.6258
12321,Ground subsidence (InSAR),0.3198
12328,Ground subsidence (InSAR),0.8097
12330,Ground subsidence (InSAR),0.2669
12335,Ground subsidence (InSAR),0.5854
12346,Ground subsidence (InSAR),0.6258
12379,Ground subsidence (InSAR),0.032
12388,Ground subsidence (InSAR),0.032
12390,Ground subsidence (InSAR),0.032
12392,Ground subsidence (InSAR),0.032
12397,Ground subsidence (InSAR),0.109
12400,Ground subsidence (InSAR),0.032
12401,Ground subsidence (InSAR),0.3311
12405,Ground subsidence (InSAR),0.3311
12454,Ground subsidence (InSAR),0.2609
12486,Ground subsidence (InSAR),0.1511
12717,Ground subsidence (InSAR),0.6007
12718,Ground subsidence (InSAR),0.6007
12719,Ground subsidence (InSAR),0.6007
12720,Ground subsidence (InSAR),0.6007
12747,Ground subsidence (InSAR),0.543
12752,Ground subsidence (InSAR),0.543
12867,Ground subsidence (InSAR),0.6645
12871,Ground subsidence (InSAR),0.2669
12956,Ground subsidence (InSAR),0.5462
12957,Ground subsidence (InSAR),0.347
12959,Ground subsidence (InSAR),0.4793
12960,Ground subsidence (InSAR),0.4793
12976,Ground subsidence (InSAR),0.3529
13170,Ground subsidence (InSAR),0.2831
13328,Ground subsidence (InSAR),0.6538
13392,Ground subsidence (InSAR),0.6738
13402,Ground subsidence (InSAR),0.5494
13405,Ground subsidence (InSAR),0.5494
13526,Ground subsidence (InSAR),0.3026
13531,Ground subsidence (InSAR),0.8181
13560,Ground subsidence (InSAR),0.8531
13565,Ground subsidence (InSAR),1.0
13568,Ground subsidence (InSAR),0.1112
13575,Ground subsidence (InSAR),0.3708
13579,Ground subsidence (InSAR),0.3708
13582,Ground subsidence (InSAR),0.5607
13599,Ground subsidence (InSAR),0.4519
13601,Ground subsidence (InSAR),0.8029
13607,Ground subsidence (InSAR),0.7056
13620,Ground subsidence (InSAR),0.8029
13625,Ground subsidence (InSAR),0.7069
13630,Ground subsidence (InSAR),0.5087
13634,Ground subsidence (InSAR),0.5087
13638,Ground subsidence (InSAR),0.1633
13644,Ground subsidence (InSAR),0.1633
13646,Ground subsidence (InSAR),0.1633
13651,Ground subsidence (InSAR),1.0
13652,Ground subsidence (InSAR),1.0
13668,Ground subsidence (InSAR),0.5607
13671,Ground subsidence (InSAR),0.5607
13674,Ground subsidence (InSAR),0.2645
13690,Ground subsidence (InSAR),0.1112
13729,Ground subsidence (InSAR),0.1135
13731,Ground subsidence (InSAR),0.2294
13732,Ground subsidence (InSAR),0.1252
13735,Ground subsidence (InSAR),0.4519
13759,Ground subsidence (InSAR),0.1112
13760,Ground subsidence (InSAR),0.2645
13761,Ground subsidence (InSAR),0.1112
13762,Ground subsidence (InSAR),0.1252
13763,Ground subsidence (InSAR),0.1252
13764,Ground subsidence (InSAR),1.0
13765,Ground subsidence (InSAR),1.0
13803,Ground subsidence (InSAR),0.1252
13810,Ground subsidence (InSAR),0.4519
13816,Ground subsidence (InSAR),0.8029
13845,Ground subsidence (InSAR),0.7667
13873,Ground subsidence (InSAR),0.8029
13975,Ground subsidence (InSAR),0.6006
13978,Ground subsidence (InSAR),0.6006
13982,Ground subsidence (InSAR),0.6006
13986,Ground subsidence (InSAR),0.6006
14032,Ground subsidence (InSAR),0.5256
14036,Ground subsidence (InSAR),0.5256
14041,Ground subsidence (InSAR),0.5256
14043,Ground subsidence (InSAR),0.1972
14045,Ground subsidence (InSAR),0.1972
14047,Ground subsidence (InSAR),0.6963
14049,Ground subsidence (InSAR),0.1972
14050,Ground subsidence (InSAR),0.1972
14051,Ground subsidence (InSAR),0.7296
14055,Ground subsidence (InSAR),0.1918
14057,Ground subsidence (InSAR),0.5256
14063,Ground subsidence (InSAR),0.911
14070,Ground subsidence (InSAR),0.5256
14078,Ground subsidence (InSAR),0.5256
14087,Ground subsidence (InSAR),0.5256
14088,Ground subsidence (InSAR),0.6823
14093,Ground subsidence (InSAR),0.4588
14098,Ground subsidence (InSAR),0.2076
14102,Ground subsidence (InSAR),0.5256
14103,Ground subsidence (InSAR),0.1451
14110,Ground subsidence (InSAR),0.5256
14114,Ground subsidence (InSAR),0.5256
14117,Ground subsidence (InSAR),0.5256
14120,Ground subsidence (InSAR),0.5256
14125,Ground subsidence (InSAR),0.1972
14147,Ground subsidence (InSAR),0.3311
14188,Ground subsidence (InSAR),0.5256
14192,Ground subsidence (InSAR),0.5256
14337,Ground subsidence (InSAR),0.0929
14346,Ground subsidence (InSAR),0.0929
14348,Ground subsidence (InSAR),0.0929
14355,Ground subsidence (InSAR),0.0929
14358,Ground subsidence (InSAR),0.0622
14360,Ground subsidence (InSAR),0.0929
14368,Ground subsidence (InSAR),0.0929
14370,Ground subsidence (InSAR),0.0929
14371,Ground subsidence (InSAR),0.1578
14373,Ground subsidence (InSAR),0.1578
14375,Ground subsidence (InSAR),0.0929
14378,Ground subsidence (InSAR),0.0929
14380,Ground subsidence (InSAR),0.1578
14381,Ground subsidence (InSAR),0.0929
14384,Ground subsidence (InSAR),0.1578
14385,Ground subsidence (InSAR),0.0929
14387,Ground subsidence (InSAR),0.0929
14390,Ground subsidence (InSAR),0.0929
14392,Ground subsidence (InSAR),0.0929
14394,Ground subsidence (InSAR),0.0929
14396,Ground subsidence (InSAR),0.1096
14397,Ground subsidence (InSAR),0.1644
14398,Ground subsidence (InSAR),0.1096
14400,Ground subsidence (InSAR),0.1096
14401,Ground subsidence (InSAR),0.1096
14403,Ground subsidence (InSAR),0.1644
14404,Ground subsidence (InSAR),0.0925
14406,Ground subsidence (InSAR),0.0925
14408,Ground subsidence (InSAR),0.1644
14410,Ground subsidence (InSAR),0.1644
14413,Ground subsidence (InSAR),0.1644
14414,Ground subsidence (InSAR),0.0659
14416,Ground subsidence (InSAR),0.1644
14419,Ground subsidence (InSAR),0.1644
14423,Ground subsidence (InSAR),0.1644
14425,Ground subsidence (InSAR),0.1644
14426,Ground subsidence (InSAR),0.1644
14429,Ground subsidence (InSAR),0.1644
14433,Ground subsidence (InSAR),0.1644
14436,Ground subsidence (InSAR),0.1644
14459,Ground subsidence (InSAR),0.0619
14462,Ground subsidence (InSAR),0.0619
14472,Ground subsidence (InSAR),0.0619
14475,Ground subsidence (InSAR),0.0619
14477,Ground subsidence (InSAR),0.0619
14478,Ground subsidence (InSAR),0.0619
14480,Ground subsidence (InSAR),0.0619
14483,Ground subsidence (InSAR),0.0619
14515,Ground subsidence (InSAR),0.0619
14517,Ground subsidence (InSAR),0.0619
14518,Ground subsidence (InSAR),0.0619
14522,Ground subsidence (InSAR),0.0619
14523,Ground subsidence (InSAR),0.1642
14528,Ground subsidence (InSAR),0.0619
14531,Ground subsidence (InSAR),0.0619
14533,Ground subsidence (InSAR),0.0619
14535,Ground subsidence (InSAR),0.0619
14537,Ground subsidence (InSAR),0.0619
14538,Ground subsidence (InSAR),0.0619
14540,Ground subsidence (InSAR),0.0619
14543,Ground subsidence (InSAR),0.1928
14545,Ground subsidence (InSAR),0.1928
14549,Ground subsidence (InSAR),0.1928
14550,Ground subsidence (InSAR),0.6289
14551,Ground subsidence (InSAR),0.1928
14552,Ground subsidence (InSAR),0.0619
14555,Ground subsidence (InSAR),0.0619
14559,Ground subsidence (InSAR),0.0619
14563,Ground subsidence (InSAR),0.0619
14565,Ground subsidence (InSAR),0.0619
14569,Ground subsidence (InSAR),0.0619
14571,Ground subsidence (InSAR),0.2027
14574,Ground subsidence (InSAR),0.2027
14576,Ground subsidence (InSAR),0.2027
14580,Ground subsidence (InSAR),0.2027
14583,Ground subsidence (InSAR),0.2027
14586,Ground subsidence (InSAR),0.2027
14595,Ground subsidence (InSAR),0.2027
14613,Ground subsidence (InSAR),0.2027
14622,Ground subsidence (InSAR),0.2027
14628,Ground subsidence (InSAR),0.2027
14633,Ground subsidence (InSAR),0.2027
14638,Ground subsidence (InSAR),0.2027
14643,Ground subsidence (InSAR),0.2027
14653,Ground subsidence (InSAR),0.2027
14658,Ground subsidence (InSAR),0.2027
14662,Ground subsidence (InSAR),0.2067
14663,Ground subsidence (InSAR),0.1913
14668,Ground subsidence (InSAR),0.2067
14678,Ground subsidence (InSAR),0.1913
14681,Ground subsidence (InSAR),0.1913
14687,Ground subsidence (InSAR),0.1913
14689,Ground subsidence (InSAR),0.1913
14691,Ground subsidence (InSAR),0.1913
14692,Ground subsidence (InSAR),0.1913
14694,Ground subsidence (InSAR),0.1913
14696,Ground subsidence (InSAR),0.1913
14697,Ground subsidence (InSAR),0.1913
14698,Ground subsidence (InSAR),0.1913
14699,Ground subsidence (InSAR),0.1271
14702,Ground subsidence (InSAR),0.1271
14703,Ground subsidence (InSAR),0.1271
14705,Ground subsidence (InSAR),0.1271
14706,Ground subsidence (InSAR),0.2027
14707,Ground subsidence (InSAR),0.2027
14708,Ground subsidence (InSAR),0.2027
14709,Ground subsidence (InSAR),0.2027
14711,Ground subsidence (InSAR),0.2027
14712,Ground subsidence (InSAR),0.2027
14714,Ground subsidence (InSAR),0.2027
14715,Ground subsidence (InSAR),0.2027
14718,Ground subsidence (InSAR),0.2027
14720,Ground subsidence (InSAR),0.2027
14724,Ground subsidence (InSAR),0.0619
14728,Ground subsidence (InSAR),0.0619
14731,Ground subsidence (InSAR),0.0619
14734,Ground subsidence (InSAR),0.0619
14735,Ground subsidence (InSAR),0.0619
14736,Ground subsidence (InSAR),0.0619
14739,Ground subsidence (InSAR),0.0619
14742,Ground subsidence (InSAR),0.0619
14745,Ground subsidence (InSAR),0.0619
14747,Ground subsidence (InSAR),0.2027
14748,Ground subsidence (InSAR),0.2027
14752,Ground subsidence (InSAR),0.2027
14757,Ground subsidence (InSAR),0.2027
14759,Ground subsidence (InSAR),0.2027
14763,Ground subsidence (InSAR),0.2027
14767,Ground subsidence (InSAR),0.2027
14771,Ground subsidence (InSAR),0.2027
14775,Ground subsidence (InSAR),0.2027
14780,Ground subsidence (InSAR),0.2027
14783,Ground subsidence (InSAR),0.2027
14788,Ground subsidence (InSAR),0.2027
14791,Ground subsidence (InSAR),0.2027
14804,Ground subsidence (InSAR),0.0619
14816,Ground subsidence (InSAR),0.3881
14819,Ground subsidence (InSAR),0.3881
14823,Ground subsidence (InSAR),0.0619
14824,Ground subsidence (InSAR),0.1958
14828,Ground subsidence (InSAR),0.7556
14830,Ground subsidence (InSAR),0.1377
14831,Ground subsidence (InSAR),0.1958
14832,Ground subsidence (InSAR),0.7556
14833,Ground subsidence (InSAR),0.1943
14834,Ground subsidence (InSAR),0.1958
14835,Ground subsidence (InSAR),0.1642
14837,Ground subsidence (InSAR),0.2304
14839,Ground subsidence (InSAR),0.2304
14841,Ground subsidence (InSAR),0.1928
14843,Ground subsidence (InSAR),0.2304
14849,Ground subsidence (InSAR),0.2304
14852,Ground subsidence (InSAR),0.2304
14864,Ground subsidence (InSAR),0.111
14866,Ground subsidence (InSAR),0.1594
14870,Ground subsidence (InSAR),0.1958
15324,Ground subsidence (InSAR),0.1139
15340,Ground subsidence (InSAR),0.1139
15343,Ground subsidence (InSAR),0.1139
15349,Ground subsidence (InSAR),0.1139
15353,Ground subsidence (InSAR),0.1139
15358,Ground subsidence (InSAR),0.1139
15359,Ground subsidence (InSAR),0.3582
15368,Ground subsidence (InSAR),0.3582
15369,Ground subsidence (InSAR),0.1918
15373,Ground subsidence (InSAR),0.0866
15398,Ground subsidence (InSAR),0.0866
15406,Ground subsidence (InSAR),0.0866
15407,Ground subsidence (InSAR),0.2486
15411,Ground subsidence (InSAR),0.2486
15414,Ground subsidence (InSAR),0.2486
15483,Ground subsidence (InSAR),0.1368
15485,Ground subsidence (InSAR),0.112
15488,Ground subsidence (InSAR),0.112
15489,Ground subsidence (InSAR),0.1368
15490,Ground subsidence (InSAR),0.3547
15491,Ground subsidence (InSAR),0.112
15492,Ground subsidence (InSAR),0.1318
15493,Ground subsidence (InSAR),0.2745
15494,Ground subsidence (InSAR),0.1318
15495,Ground subsidence (InSAR),0.2745
15497,Ground subsidence (InSAR),0.1709
15499,Ground subsidence (InSAR),0.1709
15500,Ground subsidence (InSAR),0.1709
15502,Ground subsidence (InSAR),0.1709
15505,Ground subsidence (InSAR),0.1004
15519,Ground subsidence (InSAR),0.3442
15524,Ground subsidence (InSAR),0.0864
15527,Ground subsidence (InSAR),0.0864
15534,Ground subsidence (InSAR),0.0864
15540,Ground subsidence (InSAR),0.0864
15549,Ground subsidence (InSAR),0.133
15554,Ground subsidence (InSAR),0.133
15565,Ground subsidence (InSAR),0.0838
15568,Ground subsidence (InSAR),0.0838
15572,Ground subsidence (InSAR),0.4947
15577,Ground subsidence (InSAR),0.2672
15579,Ground subsidence (InSAR),0.2672
15589,Ground subsidence (InSAR),0.133
15592,Ground subsidence (InSAR),0.133
15605,Ground subsidence (InSAR),0.2444
15611,Ground subsidence (InSAR),0.2307
15622,Ground subsidence (InSAR),0.2307
15623,Ground subsidence (InSAR),0.2307
15624,Ground subsidence (InSAR),0.2307
15627,Ground subsidence (InSAR),0.1127
15628,Ground subsidence (InSAR),0.2307
15631,Ground subsidence (InSAR),0.1127
15633,Ground subsidence (InSAR),0.1004
15664,Ground subsidence (InSAR),0.1197
15666,Ground subsidence (InSAR),0.2307
15673,Ground subsidence (InSAR),0.1197
15674,Ground subsidence (InSAR),0.2307
15678,Ground subsidence (InSAR),0.1197
15682,Ground subsidence (InSAR),0.0408
15695,Ground subsidence (InSAR),0.1197
15698,Ground subsidence (InSAR),0.3395
15699,Ground subsidence (InSAR),0.0589
15705,Ground subsidence (InSAR),0.0698
15708,Ground subsidence (InSAR),0.3395
15711,Ground subsidence (InSAR),0.119
15712,Ground subsidence (InSAR),0.0698
15714,Ground subsidence (InSAR),0.3395
15715,Ground subsidence (InSAR),0.2753
15717,Ground subsidence (InSAR),0.119
15718,Ground subsidence (InSAR),0.3395
15719,Ground subsidence (InSAR),0.1225
15720,Ground subsidence (InSAR),0.225
15721,Ground subsidence (InSAR),0.2307
15722,Ground subsidence (InSAR),0.225
15724,Ground subsidence (InSAR),0.225
15727,Ground subsidence (InSAR),0.2039
15729,Ground subsidence (InSAR),0.2039
15730,Ground subsidence (InSAR),0.2039
15732,Ground subsidence (InSAR),0.2039
15734,Ground subsidence (InSAR),0.2039
15737,Ground subsidence (InSAR),0.2065
15738,Ground subsidence (InSAR),0.0996
15740,Ground subsidence (InSAR),0.0996
15743,Ground subsidence (InSAR),0.2065
15745,Ground subsidence (InSAR),0.0996
15746,Ground subsidence (InSAR),0.1225
15747,Ground subsidence (InSAR),0.1417
15748,Ground subsidence (InSAR),0.1127
15749,Ground subsidence (InSAR),0.1225
15750,Ground subsidence (InSAR),0.1417
15751,Ground subsidence (InSAR),0.0447
15753,Ground subsidence (InSAR),0.3395
15754,Ground subsidence (InSAR),0.0447
15755,Ground subsidence (InSAR),0.1127
15756,Ground subsidence (InSAR),0.3395
15757,Ground subsidence (InSAR),0.3124
15759,Ground subsidence (InSAR),0.1127
15760,Ground subsidence (InSAR),0.225
15762,Ground subsidence (InSAR),0.225
15764,Ground subsidence (InSAR),0.225
15765,Ground subsidence (InSAR),0.1127
15766,Ground subsidence (InSAR),0.225
15771,Ground subsidence (InSAR),0.1004
15773,Ground subsidence (InSAR),0.098
15775,Ground subsidence (InSAR),0.1004
15776,Ground subsidence (InSAR),0.1004
15777,Ground subsidence (InSAR),0.1004
15778,Ground subsidence (InSAR),0.2039
15779,Ground subsidence (InSAR),0.2444
15780,Ground subsidence (InSAR),0.2039
15781,Ground subsidence (InSAR),0.2444
15782,Ground subsidence (InSAR),0.098
15784,Ground subsidence (InSAR),0.2039
15786,Ground subsidence (InSAR),0.0996
15787,Ground subsidence (InSAR),0.1197
15790,Ground subsidence (InSAR),0.0996
15791,Ground subsidence (InSAR),0.098
15792,Ground subsidence (InSAR),0.0996
15799,Ground subsidence (InSAR),0.0589
15800,Ground subsidence (InSAR),0.098
15802,Ground subsidence (InSAR),0.098
15804,Ground subsidence (InSAR),0.098
15806,Ground subsidence (InSAR),0.098
15817,Ground subsidence (InSAR),0.115
15819,Ground subsidence (InSAR),0.115
15840,Ground subsidence (InSAR),0.769
15923,Ground subsidence (InSAR),0.3395
15934,Ground subsidence (InSAR),0.0921
15936,Ground subsidence (InSAR),0.225
15937,Ground subsidence (InSAR),0.0921
15939,Ground subsidence (InSAR),0.0921
15941,Ground subsidence (InSAR),0.0921
15943,Ground subsidence (InSAR),0.0616
15946,Ground subsidence (InSAR),0.0616
15948,Ground subsidence (InSAR),0.0616
15949,Ground subsidence (InSAR),0.0174
15950,Ground subsidence (InSAR),0.0174
15951,Ground subsidence (InSAR),0.0174
15953,Ground subsidence (InSAR),0.0174
15955,Ground subsidence (InSAR),0.0174
15956,Ground subsidence (InSAR),0.0174
15958,Ground subsidence (InSAR),0.0174
15962,Ground subsidence (InSAR),0.0174
15965,Ground subsidence (InSAR),0.0174
15970,Ground subsidence (InSAR),0.0527
15971,Ground subsidence (InSAR),0.2179
15976,Ground subsidence (InSAR),0.0921
15977,Ground subsidence (InSAR),0.0921
16012,Ground subsidence (InSAR),0.1958
16014,Ground subsidence (InSAR),0.1958
16021,Ground subsidence (InSAR),0.0467
16022,Ground subsidence (InSAR),0.0467
16029,Ground subsidence (InSAR),0.0454
16042,Ground subsidence (InSAR),0.1107
16058,Ground subsidence (InSAR),0.1958
16059,Ground subsidence (InSAR),0.1958
16060,Ground subsidence (InSAR),0.1958
16061,Ground subsidence (InSAR),0.1958
16063,Ground subsidence (InSAR),0.1958
16229,Ground subsidence (InSAR),0.6556
16234,Ground subsidence (InSAR),0.1913
16240,Ground subsidence (InSAR),0.1757
16242,Ground subsidence (InSAR),0.1757
16247,Ground subsidence (InSAR),0.2078
16250,Ground subsidence (InSAR),0.2078
16254,Ground subsidence (InSAR),0.2078
16258,Ground subsidence (InSAR),0.1913
16309,Ground subsidence (InSAR),0.1845
16313,Ground subsidence (InSAR),0.1265
16314,Ground subsidence (InSAR),0.1265
16315,Ground subsidence (InSAR),0.2078
16325,Ground subsidence (InSAR),0.1845
16326,Ground subsidence (InSAR),0.1845
16339,Ground subsidence (InSAR),0.3454
16342,Ground subsidence (InSAR),0.1167
16344,Ground subsidence (InSAR),0.3454
16348,Ground subsidence (InSAR),0.1367
16350,Ground subsidence (InSAR),0.1367
16351,Ground subsidence (InSAR),0.1175
16358,Ground subsidence (InSAR),0.1915
16361,Ground subsidence (InSAR),0.3798
16378,Ground subsidence (InSAR),0.1265
16382,Ground subsidence (InSAR),0.1265
16539,Ground subsidence (InSAR),0.1417
16584,Ground subsidence (InSAR),0.3612
16592,Ground subsidence (InSAR),0.0744
16595,Ground subsidence (InSAR),0.0366
16602,Ground subsidence (InSAR),0.0744
16607,Ground subsidence (InSAR),0.0366
16619,Ground subsidence (InSAR),0.1297
16631,Ground subsidence (InSAR),0.1289
16632,Ground subsidence (InSAR),0.1297
16645,Ground subsidence (InSAR),0.1297
16664,Ground subsidence (InSAR),0.1525
16667,Ground subsidence (InSAR),0.1266
16672,Ground subsidence (InSAR),0.1463
16681,Ground subsidence (InSAR),0.1525
16685,Ground subsidence (InSAR),0.1297
16688,Ground subsidence (InSAR),0.1525
16690,Ground subsidence (InSAR),0.0659
16691,Ground subsidence (InSAR),0.0659
16697,Ground subsidence (InSAR),0.1657
16701,Ground subsidence (InSAR),0.1315
16712,Ground subsidence (InSAR),0.1943
16713,Ground subsidence (InSAR),0.3389
16714,Ground subsidence (InSAR),0.1943
16718,Ground subsidence (InSAR),0.3467
16720,Ground subsidence (InSAR),0.1928
16722,Ground subsidence (InSAR),0.1928
16790,Ground subsidence (InSAR),0.084
16798,Ground subsidence (InSAR),0.3591
16802,Ground subsidence (InSAR),0.3591
16823,Ground subsidence (InSAR),0.4588
16831,Ground subsidence (InSAR),0.3591
16844,Ground subsidence (InSAR),0.3591
16848,Ground subsidence (InSAR),0.3591
16850,Ground subsidence (InSAR),0.8438
16855,Ground subsidence (InSAR),0.1377
16857,Ground subsidence (InSAR),0.3576
16859,Ground subsidence (InSAR),0.3529
16860,Ground subsidence (InSAR),0.3529
16863,Ground subsidence (InSAR),0.3576
16864,Ground subsidence (InSAR),0.2758
16871,Ground subsidence (InSAR),0.3576
16873,Ground subsidence (InSAR),0.3576
16879,Ground subsidence (InSAR),0.3576
16884,Ground subsidence (InSAR),0.0607
16886,Ground subsidence (InSAR),0.0607
16887,Ground subsidence (InSAR),0.111
16888,Ground subsidence (InSAR),0.0607
16890,Ground subsidence (InSAR),0.0607
16895,Ground subsidence (InSAR),0.2486
16899,Ground subsidence (InSAR),0.2486
16901,Ground subsidence (InSAR),0.3576
16907,Ground subsidence (InSAR),0.2486
16908,Ground subsidence (InSAR),0.2486
16909,Ground subsidence (InSAR),0.2486
16923,Ground subsidence (InSAR),0.2486
16925,Ground subsidence (InSAR),0.0607
16932,Ground subsidence (InSAR),0.0607
16950,Ground subsidence (InSAR),0.0607
16953,Ground subsidence (InSAR),0.0607
16954,Ground subsidence (InSAR),0.2486
16955,Ground subsidence (InSAR),0.2486
16956,Ground subsidence (InSAR),0.2486
16957,Ground subsidence (InSAR),0.1401
16958,Ground subsidence (InSAR),0.2943
16959,Ground subsidence (InSAR),0.2486
16960,Ground subsidence (InSAR),0.2943
16961,Ground subsidence (InSAR),0.487
16962,Ground subsidence (InSAR),0.2486
16965,Ground subsidence (InSAR),0.105
16971,Ground subsidence (InSAR),0.1228
16972,Ground subsidence (InSAR),0.1228
16973,Ground subsidence (InSAR),0.1228
16974,Ground subsidence (InSAR),0.2065
16975,Ground subsidence (InSAR),0.5414
16976,Ground subsidence (InSAR),0.5414
16992,Ground subsidence (InSAR),0.2065
16993,Ground subsidence (InSAR),0.1127
16995,Ground subsidence (InSAR),0.2981
16996,Ground subsidence (InSAR),0.5414
16997,Ground subsidence (InSAR),0.487
16998,Ground subsidence (InSAR),0.487
17000,Ground subsidence (InSAR),0.257
17001,Ground subsidence (InSAR),0.3702
17002,Ground subsidence (InSAR),0.1506
17004,Ground subsidence (InSAR),0.3702
17005,Ground subsidence (InSAR),0.3702
17006,Ground subsidence (InSAR),0.2981
17008,Ground subsidence (InSAR),0.2981
17010,Ground subsidence (InSAR),0.2981
17013,Ground subsidence (InSAR),0.098
17015,Ground subsidence (InSAR),0.1506
17016,Ground subsidence (InSAR),0.1726
17017,Ground subsidence (InSAR),0.173
17018,Ground subsidence (InSAR),0.1726
17023,Ground subsidence (InSAR),0.0858
17028,Ground subsidence (InSAR),0.0858
17038,Ground subsidence (InSAR),0.3454
17043,Ground subsidence (InSAR),0.3454
17050,Ground subsidence (InSAR),0.097
17051,Ground subsidence (InSAR),0.097
17059,Ground subsidence (InSAR),0.0858
17060,Ground subsidence (InSAR),0.1538
17061,Ground subsidence (InSAR),0.0858
17065,Ground subsidence (InSAR),0.2486
17068,Ground subsidence (InSAR),0.1538
17069,Ground subsidence (InSAR),0.2486
17072,Ground subsidence (InSAR),0.1538
17074,Ground subsidence (InSAR),0.0858
17088,Ground subsidence (InSAR),0.173
17089,Ground subsidence (InSAR),0.2546
17092,Ground subsidence (InSAR),0.18
17122,Ground subsidence (InSAR),0.1469
17124,Ground subsidence (InSAR),0.1469
17139,Ground subsidence (InSAR),0.2394
17142,Ground subsidence (InSAR),0.2394
17173,Ground subsidence (InSAR),0.6061
17181,Ground subsidence (InSAR),0.1469
17191,Ground subsidence (InSAR),0.1469
17201,Ground subsidence (InSAR),0.1469
17203,Ground subsidence (InSAR),0.1469
17215,Ground subsidence (InSAR),0.2662
17216,Ground subsidence (InSAR),0.2662
17226,Ground subsidence (InSAR),0.2429
17235,Ground subsidence (InSAR),0.2429
17237,Ground subsidence (InSAR),0.2429
17259,Ground subsidence (InSAR),0.2018
17262,Ground subsidence (InSAR),0.2796
17263,Ground subsidence (InSAR),0.2796
17264,Ground subsidence (InSAR),0.1941
17265,Ground subsidence (InSAR),0.1941
17266,Ground subsidence (InSAR),0.3582
17267,Ground subsidence (InSAR),0.2121
17268,Ground subsidence (InSAR),0.3582
17269,Ground subsidence (InSAR),0.2121
17270,Ground subsidence (InSAR),0.1654
17271,Ground subsidence (InSAR),0.2121
17272,Ground subsidence (InSAR),0.1654
17273,Ground subsidence (InSAR),0.3386
17274,Ground subsidence (InSAR),0.3386
17275,Ground subsidence (InSAR),0.1654
17277,Ground subsidence (InSAR),0.1654
17281,Ground subsidence (InSAR),0.0607
17282,Ground subsidence (InSAR),0.3976
17287,Ground subsidence (InSAR),0.2657
17288,Ground subsidence (InSAR),0.2657
17292,Ground subsidence (InSAR),1.0
17293,Ground subsidence (InSAR),1.0
17294,Ground subsidence (InSAR),1.0
17298,Ground subsidence (InSAR),0.255
17302,Ground subsidence (InSAR),0.2657
17305,Ground subsidence (InSAR),0.3582
17306,Ground subsidence (InSAR),0.3582
17307,Ground subsidence (InSAR),0.2657
17310,Ground subsidence (InSAR),0.3582
17312,Ground subsidence (InSAR),0.2121
17313,Ground subsidence (InSAR),0.3582
17314,Ground subsidence (InSAR),0.0838
17315,Ground subsidence (InSAR),0.2121
17316,Ground subsidence (InSAR),0.3582
17317,Ground subsidence (InSAR),0.0772
17318,Ground subsidence (InSAR),0.2497
17319,Ground subsidence (InSAR),0.1654
17320,Ground subsidence (InSAR),0.1654
17322,Ground subsidence (InSAR),0.1654
17323,Ground subsidence (InSAR),0.1654
17325,Ground subsidence (InSAR),0.0749
17326,Ground subsidence (InSAR),0.0555
17327,Ground subsidence (InSAR),0.1654
17329,Ground subsidence (InSAR),0.3442
17330,Ground subsidence (InSAR),0.275
17334,Ground subsidence (InSAR),0.0555
17335,Ground subsidence (InSAR),0.0555
17339,Ground subsidence (InSAR),0.3442
17342,Ground subsidence (InSAR),0.2362
17343,Ground subsidence (InSAR),0.0904
17345,Ground subsidence (InSAR),0.1619
17347,Ground subsidence (InSAR),0.1619
17348,Ground subsidence (InSAR),0.1619
17349,Ground subsidence (InSAR),0.2362
17350,Ground subsidence (InSAR),0.1619
17353,Ground subsidence (InSAR),0.3007
17354,Ground subsidence (InSAR),0.0279
17355,Ground subsidence (InSAR),0.3007
17357,Ground subsidence (InSAR),0.3007
17358,Ground subsidence (InSAR),0.3007
17360,Ground subsidence (InSAR),0.5447
17363,Ground subsidence (InSAR),0.5447
17365,Ground subsidence (InSAR),0.0555
17366,Ground subsidence (InSAR),0.0838
17367,Ground subsidence (InSAR),0.5447
17368,Ground subsidence (InSAR),0.0838
17372,Ground subsidence (InSAR),0.2497
17373,Ground subsidence (InSAR),0.0279
17374,Ground subsidence (InSAR),0.2497
17376,Ground subsidence (InSAR),0.0279
17379,Ground subsidence (InSAR),0.2672
17380,Ground subsidence (InSAR),0.2631
17382,Ground subsidence (InSAR),0.2672
17385,Ground subsidence (InSAR),0.0279
17386,Ground subsidence (InSAR),0.2672
17388,Ground subsidence (InSAR),0.0279
17389,Ground subsidence (InSAR),0.2672
17396,Ground subsidence (InSAR),0.098
17400,Ground subsidence (InSAR),0.098
17401,Ground subsidence (InSAR),0.098
17403,Ground subsidence (InSAR),0.0607
17405,Ground subsidence (InSAR),0.0607
17406,Ground subsidence (InSAR),0.2535
17408,Ground subsidence (InSAR),0.0607
17410,Ground subsidence (InSAR),0.2486
17412,Ground subsidence (InSAR),0.6892
17413,Ground subsidence (InSAR),0.1141
17414,Ground subsidence (InSAR),0.021
17419,Ground subsidence (InSAR),0.3152
17421,Ground subsidence (InSAR),0.2573
17422,Ground subsidence (InSAR),0.2362
17423,Ground subsidence (InSAR),0.5937
17424,Ground subsidence (InSAR),0.2362
17425,Ground subsidence (InSAR),0.2362
17426,Ground subsidence (InSAR),0.2573
17427,Ground subsidence (InSAR),0.2362
17429,Ground subsidence (InSAR),0.2402
17433,Ground subsidence (InSAR),0.2137
17434,Ground subsidence (InSAR),0.2064
17435,Ground subsidence (InSAR),0.2064
17436,Ground subsidence (InSAR),0.2064
17437,Ground subsidence (InSAR),0.3359
17438,Ground subsidence (InSAR),0.5564
17439,Ground subsidence (InSAR),0.2631
17440,Ground subsidence (InSAR),0.3016
17441,Ground subsidence (InSAR),0.5564
17443,Ground subsidence (InSAR),0.4691
17444,Ground subsidence (InSAR),0.2137
17445,Ground subsidence (InSAR),0.5564
17447,Ground subsidence (InSAR),0.3016
17449,Ground subsidence (InSAR),0.2137
17450,Ground subsidence (InSAR),0.1486
17451,Ground subsidence (InSAR),0.0865
17452,Ground subsidence (InSAR),0.4764
17453,Ground subsidence (InSAR),0.216
17454,Ground subsidence (InSAR),0.216
17455,Ground subsidence (InSAR),0.3013
17460,Ground subsidence (InSAR),0.2836
17461,Ground subsidence (InSAR),0.174
17463,Ground subsidence (InSAR),0.2064
17464,Ground subsidence (InSAR),0.174
17465,Ground subsidence (InSAR),0.214
17466,Ground subsidence (InSAR),0.174
17467,Ground subsidence (InSAR),0.2064
17468,Ground subsidence (InSAR),0.2064
17469,Ground subsidence (InSAR),0.2362
17470,Ground subsidence (InSAR),0.085
17471,Ground subsidence (InSAR),0.214
17472,Ground subsidence (InSAR),0.085
17474,Ground subsidence (InSAR),0.085
17476,Ground subsidence (InSAR),0.0865
17479,Ground subsidence (InSAR),0.0865
17482,Ground subsidence (InSAR),0.0865
17485,Ground subsidence (InSAR),0.0865
17488,Ground subsidence (InSAR),0.085
17495,Ground subsidence (InSAR),0.7359
17496,Ground subsidence (InSAR),0.3439
17499,Ground subsidence (InSAR),0.7359
17501,Ground subsidence (InSAR),0.556
17502,Ground subsidence (InSAR),0.1298
17503,Ground subsidence (InSAR),0.556
17506,Ground subsidence (InSAR),0.4127
17509,Ground subsidence (InSAR),0.556
17512,Ground subsidence (InSAR),0.2947
17513,Ground subsidence (InSAR),1.0
17515,Ground subsidence (InSAR),1.0
17516,Ground subsidence (InSAR),0.544
17518,Ground subsidence (InSAR),0.544
17521,Ground subsidence (InSAR),0.544
17523,Ground subsidence (InSAR),0.0992
17526,Ground subsidence (InSAR),0.556
17527,Ground subsidence (InSAR),0.0919
17529,Ground subsidence (InSAR),0.2141
17531,Ground subsidence (InSAR),0.2136
17532,Ground subsidence (InSAR),0.1062
17533,Ground subsidence (InSAR),0.2136
17539,Ground subsidence (InSAR),0.0712
17540,Ground subsidence (InSAR),0.0712
17541,Ground subsidence (InSAR),0.2429
17542,Ground subsidence (InSAR),0.2429
17543,Ground subsidence (InSAR),0.2429
17544,Ground subsidence (InSAR),0.2429
17545,Ground subsidence (InSAR),0.2429
17546,Ground subsidence (InSAR),0.2429
17547,Ground subsidence (InSAR),0.0868
17548,Ground subsidence (InSAR),0.1695
17549,Ground subsidence (InSAR),0.1695
17550,Ground subsidence (InSAR),0.2947
17552,Ground subsidence (InSAR),0.289
17554,Ground subsidence (InSAR),0.289
17555,Ground subsidence (InSAR),0.1062
17557,Ground subsidence (InSAR),0.1062
17558,Ground subsidence (InSAR),0.2853
17560,Ground subsidence (InSAR),0.1654
17563,Ground subsidence (InSAR),0.1654
17564,Ground subsidence (InSAR),0.0919
17565,Ground subsidence (InSAR),0.0919
17568,Ground subsidence (InSAR),0.0919
17572,Ground subsidence (InSAR),0.0772
17573,Ground subsidence (InSAR),0.0838
17621,Ground subsidence (InSAR),0.5814
17623,Ground subsidence (InSAR),0.2233
17624,Ground subsidence (InSAR),0.5814
17626,Ground subsidence (InSAR),0.2233
17627,Ground subsidence (InSAR),0.2233
17628,Ground subsidence (InSAR),0.2126
17703,Ground subsidence (InSAR),0.1801
17704,Ground subsidence (InSAR),0.1777
17706,Ground subsidence (InSAR),0.1777
17707,Ground subsidence (InSAR),0.0651
17709,Ground subsidence (InSAR),0.0651
17710,Ground subsidence (InSAR),0.1813
17712,Ground subsidence (InSAR),0.0651
17713,Ground subsidence (InSAR),0.0651
17714,Ground subsidence (InSAR),0.1801
17716,Ground subsidence (InSAR),0.1801
17717,Ground subsidence (InSAR),0.1777
17720,Ground subsidence (InSAR),0.0651
17721,Ground subsidence (InSAR),0.1777
17722,Ground subsidence (InSAR),0.0651
17725,Ground subsidence (InSAR),0.1827
17727,Ground subsidence (InSAR),0.2897
17728,Ground subsidence (InSAR),0.4498
17729,Ground subsidence (InSAR),0.3328
17737,Ground subsidence (InSAR),0.1038
17739,Ground subsidence (InSAR),0.0457
17742,Ground subsidence (InSAR),0.07
17743,Ground subsidence (InSAR),0.07
17746,Ground subsidence (InSAR),0.556
17752,Ground subsidence (InSAR),0.7505
17756,Ground subsidence (InSAR),0.3279
17757,Ground subsidence (InSAR),0.556
17759,Ground subsidence (InSAR),0.3279
17762,Ground subsidence (InSAR),0.3279
17766,Ground subsidence (InSAR),0.3279
17767,Ground subsidence (InSAR),0.3279
17769,Ground subsidence (InSAR),0.1149
17770,Ground subsidence (InSAR),0.1149
17772,Ground subsidence (InSAR),0.3279
17775,Ground subsidence (InSAR),0.1211
17776,Ground subsidence (InSAR),0.0868
17778,Ground subsidence (InSAR),0.0868
17779,Ground subsidence (InSAR),0.1211
17781,Ground subsidence (InSAR),0.3279
17783,Ground subsidence (InSAR),0.1695
17784,Ground subsidence (InSAR),0.1695
17801,Ground subsidence (InSAR),0.1211
17802,Ground subsidence (InSAR),0.1122
17803,Ground subsidence (InSAR),0.1211
17807,Ground subsidence (InSAR),0.1211
17808,Ground subsidence (InSAR),0.1886
17809,Ground subsidence (InSAR),0.1211
17811,Ground subsidence (InSAR),0.1886
17813,Ground subsidence (InSAR),0.1211
17819,Ground subsidence (InSAR),0.1886
17821,Ground subsidence (InSAR),0.2064
17826,Ground subsidence (InSAR),0.3784
17828,Ground subsidence (InSAR),0.3784
17829,Ground subsidence (InSAR),0.1801
17831,Ground subsidence (InSAR),0.3784
17832,Ground subsidence (InSAR),0.1801
17838,Ground subsidence (InSAR),0.1801
17842,Ground subsidence (InSAR),0.2861
17843,Ground subsidence (InSAR),0.4323
17846,Ground subsidence (InSAR),0.3371
17847,Ground subsidence (InSAR),0.3371
17848,Ground subsidence (InSAR),0.3371
17850,Ground subsidence (InSAR),0.3371
17852,Ground subsidence (InSAR),0.1602
17853,Ground subsidence (InSAR),0.1602
17854,Ground subsidence (InSAR),0.1072
17855,Ground subsidence (InSAR),0.1344
17857,Ground subsidence (InSAR),0.396
17859,Ground subsidence (InSAR),0.2126
17860,Ground subsidence (InSAR),0.2141
17861,Ground subsidence (InSAR),0.2141
17862,Ground subsidence (InSAR),0.1072
17863,Ground subsidence (InSAR),0.1072
17864,Ground subsidence (InSAR),0.1072
17865,Ground subsidence (InSAR),0.1072
17866,Ground subsidence (InSAR),0.1072
17867,Ground subsidence (InSAR),0.1344
17868,Ground subsidence (InSAR),0.1344
17869,Ground subsidence (InSAR),0.1344
17870,Ground subsidence (InSAR),0.1344
17871,Ground subsidence (InSAR),0.4577
17872,Ground subsidence (InSAR),0.4577
17873,Ground subsidence (InSAR),0.4577
17881,Ground subsidence (InSAR),0.3467
17883,Ground subsidence (InSAR),0.3467
17885,Ground subsidence (InSAR),0.1886
17887,Ground subsidence (InSAR),0.1886
17892,Ground subsidence (InSAR),0.1801
17895,Ground subsidence (InSAR),0.1801
17899,Ground subsidence (InSAR),0.1801
17901,Ground subsidence (InSAR),0.1801
17903,Ground subsidence (InSAR),0.1801
17909,Ground subsidence (InSAR),0.1329
17911,Ground subsidence (InSAR),0.2861
17912,Ground subsidence (InSAR),0.1329
17913,Ground subsidence (InSAR),0.1329
17914,Ground subsidence (InSAR),0.0699
17915,Ground subsidence (InSAR),0.1709
17917,Ground subsidence (InSAR),0.0699
17918,Ground subsidence (InSAR),0.1709
17922,Ground subsidence (InSAR),0.3467
17927,Ground subsidence (InSAR),0.3467
17992,Ground subsidence (InSAR),0.1703
17993,Ground subsidence (InSAR),0.8029
17995,Ground subsidence (InSAR),0.1703
17996,Ground subsidence (InSAR),0.2254
17998,Ground subsidence (InSAR),0.1643
17999,Ground subsidence (InSAR),0.371
18000,Ground subsidence (InSAR),0.1643
18001,Ground subsidence (InSAR),0.4257
18003,Ground subsidence (InSAR),0.8029
18004,Ground subsidence (InSAR),0.0876
18007,Ground subsidence (InSAR),0.039
18008,Ground subsidence (InSAR),0.039
18010,Ground subsidence (InSAR),0.039
18011,Ground subsidence (InSAR),0.2275
18012,Ground subsidence (InSAR),0.0949
18013,Ground subsidence (InSAR),0.0758
18017,Ground subsidence (InSAR),0.0758
18019,Ground subsidence (InSAR),0.0912
18020,Ground subsidence (InSAR),0.0758
18022,Ground subsidence (InSAR),0.0912
18023,Ground subsidence (InSAR),0.0758
18024,Ground subsidence (InSAR),0.0651
18026,Ground subsidence (InSAR),0.0651
18028,Ground subsidence (InSAR),0.089
18030,Ground subsidence (InSAR),0.089
18031,Ground subsidence (InSAR),0.0651
18032,Ground subsidence (InSAR),0.0651
18033,Ground subsidence (InSAR),0.089
18034,Ground subsidence (InSAR),0.0758
18035,Ground subsidence (InSAR),0.089
18036,Ground subsidence (InSAR),0.0758
18037,Ground subsidence (InSAR),0.396
18038,Ground subsidence (InSAR),0.396
18039,Ground subsidence (InSAR),0.0758
18040,Ground subsidence (InSAR),0.2271
18041,Ground subsidence (InSAR),0.0651
18042,Ground subsidence (InSAR),0.2271
18043,Ground subsidence (InSAR),0.0758
18044,Ground subsidence (InSAR),0.396
18045,Ground subsidence (InSAR),0.0651
18046,Ground subsidence (InSAR),0.2437
18047,Ground subsidence (InSAR),0.2271
18048,Ground subsidence (InSAR),0.2271
18049,Ground subsidence (InSAR),0.2437
18050,Ground subsidence (InSAR),0.1149
18051,Ground subsidence (InSAR),0.1026
18056,Ground subsidence (InSAR),0.1987
18058,Ground subsidence (InSAR),0.1987
18060,Ground subsidence (InSAR),0.0523
18061,Ground subsidence (InSAR),0.1149
18063,Ground subsidence (InSAR),0.0523
18064,Ground subsidence (InSAR),0.1945
18065,Ground subsidence (InSAR),0.1149
18066,Ground subsidence (InSAR),0.1945
18067,Ground subsidence (InSAR),0.1945
18068,Ground subsidence (InSAR),0.1945
18069,Ground subsidence (InSAR),0.3107
18071,Ground subsidence (InSAR),0.1149
18072,Ground subsidence (InSAR),0.2275
18078,Ground subsidence (InSAR),0.039
18079,Ground subsidence (InSAR),0.0876
18080,Ground subsidence (InSAR),0.0876
18081,Ground subsidence (InSAR),0.1186
18082,Ground subsidence (InSAR),0.1929
18083,Ground subsidence (InSAR),0.039
18085,Ground subsidence (InSAR),0.039
18086,Ground subsidence (InSAR),0.4113
18090,Ground subsidence (InSAR),0.039
18092,Ground subsidence (InSAR),0.2737
18099,Ground subsidence (InSAR),0.039
18100,Ground subsidence (InSAR),0.039
18101,Ground subsidence (InSAR),0.2737
18102,Ground subsidence (InSAR),0.2667
18103,Ground subsidence (InSAR),0.2667
18104,Ground subsidence (InSAR),0.2737
18105,Ground subsidence (InSAR),0.2437
18108,Ground subsidence (InSAR),0.2437
18109,Ground subsidence (InSAR),0.2437
18117,Ground subsidence (InSAR),0.4053
18121,Ground subsidence (InSAR),0.4053
18125,Ground subsidence (InSAR),0.4053
18127,Ground subsidence (InSAR),0.4053
18128,Ground subsidence (InSAR),0.0684
18129,Ground subsidence (InSAR),0.4053
18131,Ground subsidence (InSAR),0.0684
18132,Ground subsidence (InSAR),0.4053
18134,Ground subsidence (InSAR),0.4053
18135,Ground subsidence (InSAR),0.46
18136,Ground subsidence (InSAR),0.46
18138,Ground subsidence (InSAR),0.4053
18141,Ground subsidence (InSAR),0.4053
18147,Ground subsidence (InSAR),0.0867
18151,Ground subsidence (InSAR),0.1886
18154,Ground subsidence (InSAR),0.2631
18161,Ground subsidence (InSAR),0.2631
18164,Ground subsidence (InSAR),0.2631
18166,Ground subsidence (InSAR),0.2631
18167,Ground subsidence (InSAR),0.2631
18177,Ground subsidence (InSAR),0.2631
18181,Ground subsidence (InSAR),0.2631
18187,Ground subsidence (InSAR),0.2272
18189,Ground subsidence (InSAR),0.2272
18195,Ground subsidence (InSAR),0.2272
18197,Ground subsidence (InSAR),0.2272
18199,Ground subsidence (InSAR),0.4053
18202,Ground subsidence (InSAR),0.4053
18206,Ground subsidence (InSAR),0.4053
18208,Ground subsidence (InSAR),0.4053
18209,Ground subsidence (InSAR),0.2661
18233,Ground subsidence (InSAR),0.1999
18234,Ground subsidence (InSAR),0.1999
18235,Ground subsidence (InSAR),0.2661
18242,Ground subsidence (InSAR),0.2631
18243,Ground subsidence (InSAR),0.2631
18244,Ground subsidence (InSAR),0.2631
18254,Ground subsidence (InSAR),0.2069
18256,Ground subsidence (InSAR),0.2268
18258,Ground subsidence (InSAR),0.0192
18264,Ground subsidence (InSAR),0.2141
18265,Ground subsidence (InSAR),0.1072
18266,Ground subsidence (InSAR),0.1072
18267,Ground subsidence (InSAR),0.1072
18268,Ground subsidence (InSAR),0.1072
18269,Ground subsidence (InSAR),0.1735
18270,Ground subsidence (InSAR),0.1344
18272,Ground subsidence (InSAR),0.1344
18274,Ground subsidence (InSAR),0.1344
18275,Ground subsidence (InSAR),0.2373
18282,Ground subsidence (InSAR),0.2373
18284,Ground subsidence (InSAR),0.2373
18286,Ground subsidence (InSAR),0.2373
18289,Ground subsidence (InSAR),0.2136
18299,Ground subsidence (InSAR),0.2348
18301,Ground subsidence (InSAR),0.2348
18302,Ground subsidence (InSAR),0.2348
18304,Ground subsidence (InSAR),0.2348
18307,Ground subsidence (InSAR),0.1735
18308,Ground subsidence (InSAR),0.1735
18309,Ground subsidence (InSAR),0.1735
18311,Ground subsidence (InSAR),0.2373
18314,Ground subsidence (InSAR),0.2373
18328,Ground subsidence (InSAR),0.1342
18342,Ground subsidence (InSAR),0.1342
18345,Ground subsidence (InSAR),0.1342
18350,Ground subsidence (InSAR),0.7371
18351,Ground subsidence (InSAR),0.1196
18355,Ground subsidence (InSAR),0.1196
18356,Ground subsidence (InSAR),0.0354
18357,Ground subsidence (InSAR),0.0354
18358,Ground subsidence (InSAR),0.0354
18359,Ground subsidence (InSAR),0.0354
18361,Ground subsidence (InSAR),0.2067
18362,Ground subsidence (InSAR),0.2067
18363,Ground subsidence (InSAR),0.1342
18365,Ground subsidence (InSAR),0.1342
18366,Ground subsidence (InSAR),0.1342
18368,Ground subsidence (InSAR),0.2067
18375,Ground subsidence (InSAR),0.2067
18379,Ground subsidence (InSAR),0.2067
18385,Ground subsidence (InSAR),0.046
18390,Ground subsidence (InSAR),0.046
18395,Ground subsidence (InSAR),0.1342
18399,Ground subsidence (InSAR),0.1342
18405,Ground subsidence (InSAR),0.1342
18407,Ground subsidence (InSAR),0.1342
18415,Ground subsidence (InSAR),0.1342
18419,Ground subsidence (InSAR),0.1342
18455,Ground subsidence (InSAR),0.3672
18456,Ground subsidence (InSAR),0.3672
18458,Ground subsidence (InSAR),0.3672
18459,Ground subsidence (InSAR),0.3672
18461,Ground subsidence (InSAR),0.3672
18462,Ground subsidence (InSAR),0.3672
18464,Ground subsidence (InSAR),0.3672
18465,Ground subsidence (InSAR),0.3672
18466,Ground subsidence (InSAR),0.3672
18470,Ground subsidence (InSAR),0.3672
18488,Ground subsidence (InSAR),0.0354
18529,Ground subsidence (InSAR),0.1645
18530,Ground subsidence (InSAR),0.1645
18531,Ground subsidence (InSAR),0.1645
18533,Ground subsidence (InSAR),0.0863
18535,Ground subsidence (InSAR),0.0863
18537,Ground subsidence (InSAR),0.3041
18539,Ground subsidence (InSAR),0.3041
18540,Ground subsidence (InSAR),0.1288
18541,Ground subsidence (InSAR),0.1288
18543,Ground subsidence (InSAR),0.2338
18545,Ground subsidence (InSAR),0.2338
18555,Ground subsidence (InSAR),0.1367
18556,Ground subsidence (InSAR),0.1367
18557,Ground subsidence (InSAR),0.3298
18560,Ground subsidence (InSAR),0.3298
18561,Ground subsidence (InSAR),0.3298
18562,Ground subsidence (InSAR),0.0992
18571,Ground subsidence (InSAR),0.2535
18572,Ground subsidence (InSAR),0.1486
18573,Ground subsidence (InSAR),0.2535
18576,Ground subsidence (InSAR),0.1657
18587,Ground subsidence (InSAR),0.3263
18591,Ground subsidence (InSAR),0.2971
18594,Ground subsidence (InSAR),0.3681
18595,Ground subsidence (InSAR),0.1196
18597,Ground subsidence (InSAR),0.1736
18598,Ground subsidence (InSAR),0.1196
18599,Ground subsidence (InSAR),0.3681
18601,Ground subsidence (InSAR),0.1789
18602,Ground subsidence (InSAR),0.3681
18603,Ground subsidence (InSAR),0.1789
18605,Ground subsidence (InSAR),0.1789
18611,Ground subsidence (InSAR),0.1077
18614,Ground subsidence (InSAR),0.2234
18619,Ground subsidence (InSAR),0.2234
18626,Ground subsidence (InSAR),0.3286
18628,Ground subsidence (InSAR),0.3286
18632,Ground subsidence (InSAR),0.5974
18634,Ground subsidence (InSAR),0.3286
18636,Ground subsidence (InSAR),0.5974
18638,Ground subsidence (InSAR),0.1409
18640,Ground subsidence (InSAR),0.1409
18645,Ground subsidence (InSAR),0.1409
18648,Ground subsidence (InSAR),0.3286
18663,Ground subsidence (InSAR),0.1077
18667,Ground subsidence (InSAR),0.1699
18670,Ground subsidence (InSAR),0.2522
18671,Ground subsidence (InSAR),0.2522
18678,Ground subsidence (InSAR),0.4522
18679,Ground subsidence (InSAR),0.4522
18680,Ground subsidence (InSAR),0.1813
18682,Ground subsidence (InSAR),0.2149
18688,Ground subsidence (InSAR),0.1777
18689,Ground subsidence (InSAR),0.2714
18691,Ground subsidence (InSAR),0.1288
18692,Ground subsidence (InSAR),0.4877
18693,Ground subsidence (InSAR),0.0429
18698,Ground subsidence (InSAR),0.0408
18707,Ground subsidence (InSAR),0.0408
18709,Ground subsidence (InSAR),0.0408
18710,Ground subsidence (InSAR),0.0408
18711,Ground subsidence (InSAR),0.0408
18715,Ground subsidence (InSAR),0.0408
18717,Ground subsidence (InSAR),0.0408
18718,Ground subsidence (InSAR),0.0698
18722,Ground subsidence (InSAR),0.0698
18723,Ground subsidence (InSAR),0.1225
18724,Ground subsidence (InSAR),0.1225
18725,Ground subsidence (InSAR),0.1225
18730,Ground subsidence (InSAR),0.1108
18731,Ground subsidence (InSAR),0.1699
18733,Ground subsidence (InSAR),0.1108
18739,Ground subsidence (InSAR),0.1699
18749,Ground subsidence (InSAR),0.216
18755,Ground subsidence (InSAR),0.216
18796,Ground subsidence (InSAR),1.0
18811,Ground subsidence (InSAR),0.4839
18812,Ground subsidence (InSAR),0.105
18813,Ground subsidence (InSAR),0.2943
18814,Ground subsidence (InSAR),0.4839
18815,Ground subsidence (InSAR),0.1681
18818,Ground subsidence (InSAR),0.1681
18819,Ground subsidence (InSAR),0.1681
18820,Ground subsidence (InSAR),0.1681
18821,Ground subsidence (InSAR),0.1105
18822,Ground subsidence (InSAR),0.1704
18823,Ground subsidence (InSAR),0.044
18824,Ground subsidence (InSAR),0.044
18825,Ground subsidence (InSAR),0.2519
18827,Ground subsidence (InSAR),0.355
18828,Ground subsidence (InSAR),0.044
18830,Ground subsidence (InSAR),0.044
18831,Ground subsidence (InSAR),0.2179
18832,Ground subsidence (InSAR),0.1526
18833,Ground subsidence (InSAR),0.1526
18834,Ground subsidence (InSAR),0.1824
18836,Ground subsidence (InSAR),0.0921
18838,Ground subsidence (InSAR),0.0921
18839,Ground subsidence (InSAR),0.4674
18840,Ground subsidence (InSAR),0.0921
18841,Ground subsidence (InSAR),0.4674
18842,Ground subsidence (InSAR),0.0798
18845,Ground subsidence (InSAR),0.0921
18847,Ground subsidence (InSAR),0.1526
18848,Ground subsidence (InSAR),0.3308
18849,Ground subsidence (InSAR),0.1526
18850,Ground subsidence (InSAR),0.1105
18852,Ground subsidence (InSAR),0.1824
18853,Ground subsidence (InSAR),0.3308
18854,Ground subsidence (InSAR),0.1296
18856,Ground subsidence (InSAR),0.1719
18858,Ground subsidence (InSAR),0.1296
18859,Ground subsidence (InSAR),0.1296
18863,Ground subsidence (InSAR),0.1296
18864,Ground subsidence (InSAR),0.5479
18866,Ground subsidence (InSAR),0.1296
18868,Ground subsidence (InSAR),0.1719
18870,Ground subsidence (InSAR),0.1719
18871,Ground subsidence (InSAR),0.1296
18874,Ground subsidence (InSAR),0.2029
18876,Ground subsidence (InSAR),0.2029
18877,Ground subsidence (InSAR),0.1296
18878,Ground subsidence (InSAR),0.1296
18882,Ground subsidence (InSAR),0.0977
18887,Ground subsidence (InSAR),0.0977
18896,Ground subsidence (InSAR),0.0977
18898,Ground subsidence (InSAR),0.0977
18908,Ground subsidence (InSAR),0.294
18919,Ground subsidence (InSAR),0.0749
18920,Ground subsidence (InSAR),0.0977
18923,Ground subsidence (InSAR),0.2404
18924,Ground subsidence (InSAR),0.2404
18925,Ground subsidence (InSAR),0.2404
18936,Ground subsidence (InSAR),0.2404
18941,Ground subsidence (InSAR),0.2404
18944,Ground subsidence (InSAR),0.2404
18945,Ground subsidence (InSAR),0.2404
18978,Ground subsidence (InSAR),0.0849
19012,Ground subsidence (InSAR),0.4323
19014,Ground subsidence (InSAR),0.4323
19018,Ground subsidence (InSAR),0.3198
19020,Ground subsidence (InSAR),0.3198
19023,Ground subsidence (InSAR),0.0443
19024,Ground subsidence (InSAR),0.2404
19026,Ground subsidence (InSAR),0.0443
19027,Ground subsidence (InSAR),0.3198
19028,Ground subsidence (InSAR),0.2404
19029,Ground subsidence (InSAR),0.3687
19032,Ground subsidence (InSAR),0.2404
19033,Ground subsidence (InSAR),0.0443
19034,Ground subsidence (InSAR),0.0443
19035,Ground subsidence (InSAR),0.2404
19036,Ground subsidence (InSAR),0.1511
19037,Ground subsidence (InSAR),0.2404
19038,Ground subsidence (InSAR),0.1511
19042,Ground subsidence (InSAR),0.5974
19043,Ground subsidence (InSAR),0.5974
19044,Ground subsidence (InSAR),0.1186
19046,Ground subsidence (InSAR),0.5974
19048,Ground subsidence (InSAR),0.1186
19054,Ground subsidence (InSAR),0.3159
19056,Ground subsidence (InSAR),0.3159
19058,Ground subsidence (InSAR),0.3159
19063,Ground subsidence (InSAR),0.1536
19087,Ground subsidence (InSAR),0.1536
19108,Ground subsidence (InSAR),0.4641
19147,Ground subsidence (InSAR),0.3899
19151,Ground subsidence (InSAR),0.3899
19169,Ground subsidence (InSAR),0.4592
19174,Ground subsidence (InSAR),0.3899
19183,Ground subsidence (InSAR),0.3899
19189,Ground subsidence (InSAR),0.1186
19193,Ground subsidence (InSAR),0.1186
19199,Ground subsidence (InSAR),0.258
19204,Ground subsidence (InSAR),0.258
19216,Ground subsidence (InSAR),0.1159
19219,Ground subsidence (InSAR),0.1621
19222,Ground subsidence (InSAR),0.1159
19225,Ground subsidence (InSAR),0.3814
19229,Ground subsidence (InSAR),0.3814
19231,Ground subsidence (InSAR),0.3814
19233,Ground subsidence (InSAR),0.3198
19239,Ground subsidence (InSAR),0.6556
19240,Ground subsidence (InSAR),0.6556
19242,Ground subsidence (InSAR),0.6556
19246,Ground subsidence (InSAR),0.6556
19247,Ground subsidence (InSAR),0.0977
19248,Ground subsidence (InSAR),0.258
19249,Ground subsidence (InSAR),0.0977
19251,Ground subsidence (InSAR),0.0977
19252,Ground subsidence (InSAR),0.258
19255,Ground subsidence (InSAR),0.258
19256,Ground subsidence (InSAR),0.0977
19258,Ground subsidence (InSAR),0.0977
19259,Ground subsidence (InSAR),0.0977
19261,Ground subsidence (InSAR),0.0977
19266,Ground subsidence (InSAR),0.4577
19267,Ground subsidence (InSAR),0.1288
19268,Ground subsidence (InSAR),0.2266
19269,Ground subsidence (InSAR),0.0977
19270,Ground subsidence (InSAR),0.258
19271,Ground subsidence (InSAR),0.258
19273,Ground subsidence (InSAR),0.1451
19274,Ground subsidence (InSAR),0.394
19276,Ground subsidence (InSAR),0.2266
19277,Ground subsidence (InSAR),0.394
19278,Ground subsidence (InSAR),0.394
19279,Ground subsidence (InSAR),0.2404
19280,Ground subsidence (InSAR),0.2404
19281,Ground subsidence (InSAR),0.2404
19282,Ground subsidence (InSAR),0.1159
19283,Ground subsidence (InSAR),0.1086
19284,Ground subsidence (InSAR),0.3198
19285,Ground subsidence (InSAR),0.1159
19286,Ground subsidence (InSAR),0.1159
19287,Ground subsidence (InSAR),0.2076
19288,Ground subsidence (InSAR),0.2076
19290,Ground subsidence (InSAR),0.3198
19291,Ground subsidence (InSAR),0.2911
19292,Ground subsidence (InSAR),0.1296
19293,Ground subsidence (InSAR),0.1296
19294,Ground subsidence (InSAR),0.1296
19295,Ground subsidence (InSAR),0.1594
19297,Ground subsidence (InSAR),0.1086
19298,Ground subsidence (InSAR),0.0921
19299,Ground subsidence (InSAR),0.1086
19300,Ground subsidence (InSAR),0.1086
19301,Ground subsidence (InSAR),0.3159
19302,Ground subsidence (InSAR),0.1086
19303,Ground subsidence (InSAR),0.1672
19304,Ground subsidence (InSAR),0.1672
19306,Ground subsidence (InSAR),0.1086
19307,Ground subsidence (InSAR),0.258
19308,Ground subsidence (InSAR),0.258
19309,Ground subsidence (InSAR),0.1672
19310,Ground subsidence (InSAR),0.1672
19312,Ground subsidence (InSAR),0.258
19313,Ground subsidence (InSAR),0.1672
19314,Ground subsidence (InSAR),0.2404
19315,Ground subsidence (InSAR),0.2404
19316,Ground subsidence (InSAR),0.3612
19317,Ground subsidence (InSAR),0.2404
19318,Ground subsidence (InSAR),0.3612
19319,Ground subsidence (InSAR),0.2404
19321,Ground subsidence (InSAR),0.2404
19322,Ground subsidence (InSAR),0.3612
19323,Ground subsidence (InSAR),0.3612
19324,Ground subsidence (InSAR),0.2404
19325,Ground subsidence (InSAR),0.1182
19326,Ground subsidence (InSAR),0.1182
19327,Ground subsidence (InSAR),0.1182
19328,Ground subsidence (InSAR),0.1182
19330,Ground subsidence (InSAR),0.1086
19331,Ground subsidence (InSAR),0.1182
19332,Ground subsidence (InSAR),0.0849
19333,Ground subsidence (InSAR),0.1086
19334,Ground subsidence (InSAR),0.0849
19335,Ground subsidence (InSAR),0.1182
19337,Ground subsidence (InSAR),0.1086
19338,Ground subsidence (InSAR),0.4107
19340,Ground subsidence (InSAR),0.4107
19341,Ground subsidence (InSAR),0.1086
19342,Ground subsidence (InSAR),0.1086
19343,Ground subsidence (InSAR),0.1184
19346,Ground subsidence (InSAR),0.1184
19347,Ground subsidence (InSAR),0.2294
19348,Ground subsidence (InSAR),0.095
19349,Ground subsidence (InSAR),0.1086
19350,Ground subsidence (InSAR),0.2294
19352,Ground subsidence (InSAR),0.2294
19353,Ground subsidence (InSAR),0.2294
19354,Ground subsidence (InSAR),0.2294
19355,Ground subsidence (InSAR),0.2294
19357,Ground subsidence (InSAR),0.1086
19358,Ground subsidence (InSAR),0.2012
19359,Ground subsidence (InSAR),0.1086
19360,Ground subsidence (InSAR),0.2012
19361,Ground subsidence (InSAR),0.1086
19363,Ground subsidence (InSAR),0.2012
19364,Ground subsidence (InSAR),0.1086
19365,Ground subsidence (InSAR),0.7667
19367,Ground subsidence (InSAR),0.7667
19368,Ground subsidence (InSAR),0.0588
19371,Ground subsidence (InSAR),0.7977
19374,Ground subsidence (InSAR),0.2916
19375,Ground subsidence (InSAR),0.2916
19377,Ground subsidence (InSAR),0.3189
19379,Ground subsidence (InSAR),0.4099
19380,Ground subsidence (InSAR),0.4099
19383,Ground subsidence (InSAR),0.1182
19384,Ground subsidence (InSAR),0.1182
19387,Ground subsidence (InSAR),0.2362
19390,Ground subsidence (InSAR),0.138
19391,Ground subsidence (InSAR),0.4099
19392,Ground subsidence (InSAR),0.4474
19393,Ground subsidence (InSAR),0.138
19396,Ground subsidence (InSAR),0.4099
19397,Ground subsidence (InSAR),0.2854
19398,Ground subsidence (InSAR),0.2854
19399,Ground subsidence (InSAR),0.2854
19400,Ground subsidence (InSAR),0.186
19401,Ground subsidence (InSAR),0.2854
19403,Ground subsidence (InSAR),0.186
19405,Ground subsidence (InSAR),0.2818
19407,Ground subsidence (InSAR),0.2861
19410,Ground subsidence (InSAR),0.0699
19411,Ground subsidence (InSAR),0.2753
19413,Ground subsidence (InSAR),0.2753
19414,Ground subsidence (InSAR),0.2818
19416,Ground subsidence (InSAR),0.2753
19422,Ground subsidence (InSAR),0.1943
19423,Ground subsidence (InSAR),0.1928
19424,Ground subsidence (InSAR),0.2714
19434,Ground subsidence (InSAR),0.3467
19437,Ground subsidence (InSAR),0.434
19439,Ground subsidence (InSAR),0.2714
19443,Ground subsidence (InSAR),0.3467
19448,Ground subsidence (InSAR),0.3361
19453,Ground subsidence (InSAR),0.434
19464,Ground subsidence (InSAR),0.434
19467,Ground subsidence (InSAR),0.434
19468,Ground subsidence (InSAR),0.434
19469,Ground subsidence (InSAR),0.1196
19472,Ground subsidence (InSAR),0.1848
19477,Ground subsidence (InSAR),0.1848
19486,Ground subsidence (InSAR),0.1848
19487,Ground subsidence (InSAR),0.0911
19489,Ground subsidence (InSAR),0.2836
19497,Ground subsidence (InSAR),0.228
19507,Ground subsidence (InSAR),0.757
19509,Ground subsidence (InSAR),0.3071
19510,Ground subsidence (InSAR),0.757
19514,Ground subsidence (InSAR),0.3071
19519,Ground subsidence (InSAR),0.3071
19521,Ground subsidence (InSAR),0.2662
19522,Ground subsidence (InSAR),0.6827
19527,Ground subsidence (InSAR),0.2662
19535,Ground subsidence (InSAR),0.1594
19545,Ground subsidence (InSAR),0.1594
19546,Ground subsidence (InSAR),0.4801
19548,Ground subsidence (InSAR),0.2512
19549,Ground subsidence (InSAR),0.0494
19550,Ground subsidence (InSAR),0.2512
19551,Ground subsidence (InSAR),0.2512
19552,Ground subsidence (InSAR),0.0494
19554,Ground subsidence (InSAR),0.2512
19556,Ground subsidence (InSAR),0.0844
19557,Ground subsidence (InSAR),0.0844
19558,Ground subsidence (InSAR),0.0844
19560,Ground subsidence (InSAR),0.0844
19562,Ground subsidence (InSAR),0.5272
19563,Ground subsidence (InSAR),0.0844
19567,Ground subsidence (InSAR),0.0844
19568,Ground subsidence (InSAR),0.0844
19580,Ground subsidence (InSAR),0.1134
19581,Ground subsidence (InSAR),0.1671
19619,Ground subsidence (InSAR),0.3359
19626,Ground subsidence (InSAR),0.216
19627,Ground subsidence (InSAR),0.216
19629,Ground subsidence (InSAR),0.2969
19630,Ground subsidence (InSAR),0.216
19632,Ground subsidence (InSAR),0.0494
19633,Ground subsidence (InSAR),0.0494
19634,Ground subsidence (InSAR),0.3013
19635,Ground subsidence (InSAR),0.3013
19658,Ground subsidence (InSAR),0.2362
19661,Ground subsidence (InSAR),0.2362
19665,Ground subsidence (InSAR),0.2362
19682,Ground subsidence (InSAR),0.2362
19684,Ground subsidence (InSAR),0.2362
19688,Ground subsidence (InSAR),0.111
19689,Ground subsidence (InSAR),0.2362
19692,Ground subsidence (InSAR),0.111
19694,Ground subsidence (InSAR),0.1594
19715,Ground subsidence (InSAR),0.1397
19719,Ground subsidence (InSAR),0.1397
19725,Ground subsidence (InSAR),0.3808
19728,Ground subsidence (InSAR),0.3808
19731,Ground subsidence (InSAR),0.6498
19732,Ground subsidence (InSAR),0.6498
19735,Ground subsidence (InSAR),0.6498
19739,Ground subsidence (InSAR),0.1053
19740,Ground subsidence (InSAR),0.1053
19743,Ground subsidence (InSAR),0.1207
19744,Ground subsidence (InSAR),0.1583
19745,Ground subsidence (InSAR),0.3308
19749,Ground subsidence (InSAR),0.3308
19751,Ground subsidence (InSAR),1.0
19753,Ground subsidence (InSAR),0.3308
19756,Ground subsidence (InSAR),0.2595
19757,Ground subsidence (InSAR),0.1296
19758,Ground subsidence (InSAR),0.1296
19759,Ground subsidence (InSAR),0.2595
19760,Ground subsidence (InSAR),0.1296
19761,Ground subsidence (InSAR),0.1296
19762,Ground subsidence (InSAR),0.1296
19763,Ground subsidence (InSAR),0.0977
19764,Ground subsidence (InSAR),0.4053
19766,Ground subsidence (InSAR),0.4053
19767,Ground subsidence (InSAR),0.0977
19770,Ground subsidence (InSAR),0.0977
19771,Ground subsidence (InSAR),0.0977
19774,Ground subsidence (InSAR),0.0977
19792,Ground subsidence (InSAR),0.4942
19802,Ground subsidence (InSAR),0.244
19804,Ground subsidence (InSAR),0.1928
19806,Ground subsidence (InSAR),0.173
19809,Ground subsidence (InSAR),0.244
19811,Ground subsidence (InSAR),0.0278
19812,Ground subsidence (InSAR),0.244
19814,Ground subsidence (InSAR),0.0278
19818,Ground subsidence (InSAR),0.2469
19820,Ground subsidence (InSAR),0.2757
19821,Ground subsidence (InSAR),0.2757
19822,Ground subsidence (InSAR),0.2757
19824,Ground subsidence (InSAR),0.2757
19825,Ground subsidence (InSAR),0.6823
19826,Ground subsidence (InSAR),0.6823
19827,Ground subsidence (InSAR),0.2757
19828,Ground subsidence (InSAR),0.3612
19830,Ground subsidence (InSAR),0.3612
19832,Ground subsidence (InSAR),0.2757
19833,Ground subsidence (InSAR),0.3612
19834,Ground subsidence (InSAR),0.0467
19835,Ground subsidence (InSAR),0.3612
19836,Ground subsidence (InSAR),0.0274
19837,Ground subsidence (InSAR),0.3612
19839,Ground subsidence (InSAR),0.3612
19840,Ground subsidence (InSAR),0.128
19843,Ground subsidence (InSAR),0.3612
19844,Ground subsidence (InSAR),0.0878
19845,Ground subsidence (InSAR),0.1182
19850,Ground subsidence (InSAR),0.1182
19857,Ground subsidence (InSAR),0.1182
19862,Ground subsidence (InSAR),0.1139
19863,Ground subsidence (InSAR),0.1182
19867,Ground subsidence (InSAR),0.1139
19872,Ground subsidence (InSAR),0.1182
19877,Ground subsidence (InSAR),0.2552
19918,Ground subsidence (InSAR),0.0977
19919,Ground subsidence (InSAR),0.0977
19921,Ground subsidence (InSAR),0.0977
19922,Ground subsidence (InSAR),0.0977
19923,Ground subsidence (InSAR),0.0977
19928,Ground subsidence (InSAR),0.1367
19935,Ground subsidence (InSAR),0.1654
19936,Ground subsidence (InSAR),0.1654
19939,Ground subsidence (InSAR),0.0785
19951,Ground subsidence (InSAR),0.0653
19952,Ground subsidence (InSAR),0.0686
19959,Ground subsidence (InSAR),0.3211
19965,Ground subsidence (InSAR),0.3035
19990,Ground subsidence (InSAR),0.266
19992,Ground subsidence (InSAR),0.3308
19994,Ground subsidence (InSAR),0.3308
19995,Ground subsidence (InSAR),0.3308
19999,Ground subsidence (InSAR),0.266
20038,Ground subsidence (InSAR),0.244
20071,Ground subsidence (InSAR),0.1428
20075,Ground subsidence (InSAR),0.07
20080,Ground subsidence (InSAR),0.07
20115,Ground subsidence (InSAR),0.119
20118,Ground subsidence (InSAR),0.119
20119,Ground subsidence (InSAR),0.3275
20125,Ground subsidence (InSAR),0.1874
20143,Ground subsidence (InSAR),0.2064
20145,Ground subsidence (InSAR),0.1186
20147,Ground subsidence (InSAR),0.1186
20151,Ground subsidence (InSAR),0.4357
20152,Ground subsidence (InSAR),0.2064
20153,Ground subsidence (InSAR),0.0992
20154,Ground subsidence (InSAR),0.0992
20155,Ground subsidence (InSAR),0.0918
20157,Ground subsidence (InSAR),0.0918
20159,Ground subsidence (InSAR),0.0918
20160,Ground subsidence (InSAR),0.0918
20161,Ground subsidence (InSAR),0.5937
20162,Ground subsidence (InSAR),1.0
20163,Ground subsidence (InSAR),1.0
20164,Ground subsidence (InSAR),0.6321
20165,Ground subsidence (InSAR),0.0849
20166,Ground subsidence (InSAR),0.6321
20167,Ground subsidence (InSAR),0.0922
20168,Ground subsidence (InSAR),0.0849
20169,Ground subsidence (InSAR),0.0922
20170,Ground subsidence (InSAR),0.6321
20171,Ground subsidence (InSAR),0.2055
20172,Ground subsidence (InSAR),0.26
20173,Ground subsidence (InSAR),0.2055
20174,Ground subsidence (InSAR),0.26
20175,Ground subsidence (InSAR),0.2055
20177,Ground subsidence (InSAR),0.2055
20178,Ground subsidence (InSAR),0.2055
20179,Ground subsidence (InSAR),0.1107
20183,Ground subsidence (InSAR),0.1107
20185,Ground subsidence (InSAR),0.1107
20186,Ground subsidence (InSAR),0.1107
20187,Ground subsidence (InSAR),0.1107
20188,Ground subsidence (InSAR),0.204
20189,Ground subsidence (InSAR),0.204
20190,Ground subsidence (InSAR),0.204
20206,Ground subsidence (InSAR),0.8181
20232,Ground subsidence (InSAR),0.1173
20233,Ground subsidence (InSAR),0.1173
20234,Ground subsidence (InSAR),0.0993
20235,Ground subsidence (InSAR),0.6321
20236,Ground subsidence (InSAR),0.6321
20248,Ground subsidence (InSAR),0.0712
20250,Ground subsidence (InSAR),0.0712
20252,Ground subsidence (InSAR),0.0712
20254,Ground subsidence (InSAR),0.5638
20255,Ground subsidence (InSAR),0.5638
20256,Ground subsidence (InSAR),0.3276
20258,Ground subsidence (InSAR),0.26
20260,Ground subsidence (InSAR),0.26
20261,Ground subsidence (InSAR),0.26
20267,Ground subsidence (InSAR),0.3424
20287,Ground subsidence (InSAR),0.2281
20291,Ground subsidence (InSAR),0.6813
20327,Ground subsidence (InSAR),0.0992
20329,Ground subsidence (InSAR),0.0918
20330,Ground subsidence (InSAR),0.0918
20332,Ground subsidence (InSAR),0.3175
20340,Ground subsidence (InSAR),0.2281
20342,Ground subsidence (InSAR),0.2281
20343,Ground subsidence (InSAR),0.4632
20345,Ground subsidence (InSAR),0.6813
20348,Ground subsidence (InSAR),0.4632
20350,Ground subsidence (InSAR),0.6499
20351,Ground subsidence (InSAR),0.2281
20358,Ground subsidence (InSAR),0.5158
20360,Ground subsidence (InSAR),0.5158
20393,Ground subsidence (InSAR),0.5158
20399,Ground subsidence (InSAR),0.5158
20408,Ground subsidence (InSAR),0.2278
20412,Ground subsidence (InSAR),0.2278
20470,Ground subsidence (InSAR),0.5158
20471,Ground subsidence (InSAR),0.5158
20509,Ground subsidence (InSAR),0.266
20510,Ground subsidence (InSAR),0.0541
20518,Ground subsidence (InSAR),0.1118
20529,Ground subsidence (InSAR),0.1798
20553,Ground subsidence (InSAR),0.0541
20555,Ground subsidence (InSAR),0.0541
20569,Ground subsidence (InSAR),0.2553
20571,Ground subsidence (InSAR),0.1322
20572,Ground subsidence (InSAR),0.8517
20573,Ground subsidence (InSAR),0.8517
20575,Ground subsidence (InSAR),0.1322
20576,Ground subsidence (InSAR),0.1322
20579,Ground subsidence (InSAR),0.1322
20583,Ground subsidence (InSAR),0.7559
20595,Ground subsidence (InSAR),0.3227
20604,Ground subsidence (InSAR),0.4423
20605,Ground subsidence (InSAR),0.4423
20607,Ground subsidence (InSAR),0.4423
20608,Ground subsidence (InSAR),0.4423
20609,Ground subsidence (InSAR),0.4423
20610,Ground subsidence (InSAR),0.4423
20612,Ground subsidence (InSAR),0.4423
20614,Ground subsidence (InSAR),0.4423
20615,Ground subsidence (InSAR),0.2237
20617,Ground subsidence (InSAR),0.2237
20618,Ground subsidence (InSAR),0.2237
20619,Ground subsidence (InSAR),0.2237
20620,Ground subsidence (InSAR),0.2237
20621,Ground subsidence (InSAR),0.2237
20623,Ground subsidence (InSAR),0.2237
20626,Ground subsidence (InSAR),0.2237
20653,Ground subsidence (InSAR),0.0541
20659,Ground subsidence (InSAR),0.3651
20670,Ground subsidence (InSAR),0.4357
20676,Ground subsidence (InSAR),0.0541
20679,Ground subsidence (InSAR),0.0541
20681,Ground subsidence (InSAR),0.0541
20684,Ground subsidence (InSAR),0.0541
20685,Ground subsidence (InSAR),0.0541
20696,Ground subsidence (InSAR),0.3259
20698,Ground subsidence (InSAR),0.3259
20701,Ground subsidence (InSAR),0.5001
20702,Ground subsidence (InSAR),0.2472
20703,Ground subsidence (InSAR),0.3259
20706,Ground subsidence (InSAR),0.095
20753,Ground subsidence (InSAR),0.2306
20757,Ground subsidence (InSAR),0.3026
20760,Ground subsidence (InSAR),0.0712
20762,Ground subsidence (InSAR),0.0712
20766,Ground subsidence (InSAR),0.0712
20768,Ground subsidence (InSAR),0.6265
20772,Ground subsidence (InSAR),0.6265
20773,Ground subsidence (InSAR),0.2306
20775,Ground subsidence (InSAR),0.2631
20798,Ground subsidence (InSAR),0.3211
20799,Ground subsidence (InSAR),0.3211
20802,Ground subsidence (InSAR),0.3509
20824,Ground subsidence (InSAR),0.173
20840,Ground subsidence (InSAR),0.4986
20841,Ground subsidence (InSAR),0.4986
20842,Ground subsidence (InSAR),0.7114
20843,Ground subsidence (InSAR),0.484
20845,Ground subsidence (InSAR),0.484
20846,Ground subsidence (InSAR),1.0
20847,Ground subsidence (InSAR),1.0
20850,Ground subsidence (InSAR),0.4575
20884,Ground subsidence (InSAR),0.3781
20911,Ground subsidence (InSAR),0.5346
20914,Ground subsidence (InSAR),0.1931
20917,Ground subsidence (InSAR),0.5346
20922,Ground subsidence (InSAR),1.0
20924,Ground subsidence (InSAR),1.0
20925,Ground subsidence (InSAR),0.4814
20927,Ground subsidence (InSAR),0.5565
20931,Ground subsidence (InSAR),0.4379
20932,Ground subsidence (InSAR),1.0
20942,Ground subsidence (InSAR),0.5565
20943,Ground subsidence (InSAR),0.1288
20946,Ground subsidence (InSAR),0.1288
20947,Ground subsidence (InSAR),0.1288
20949,Ground subsidence (InSAR),0.0541
20951,Ground subsidence (InSAR),0.0541
20973,Ground subsidence (InSAR),0.2363
20977,Ground subsidence (InSAR),0.046
20979,Ground subsidence (InSAR),0.1656
20989,Ground subsidence (InSAR),0.312
20993,Ground subsidence (InSAR),0.1175
20998,Ground subsidence (InSAR),0.1562
21011,Ground subsidence (InSAR),0.312
21014,Ground subsidence (InSAR),0.0284
21023,Ground subsidence (InSAR),0.7742
21035,Ground subsidence (InSAR),0.3427
21038,Ground subsidence (InSAR),0.3427
21119,Ground subsidence (InSAR),0.1656
21121,Ground subsidence (InSAR),0.1656
21135,Ground subsidence (InSAR),0.9359
21138,Ground subsidence (InSAR),0.9359
21146,Ground subsidence (InSAR),0.9359
21173,Ground subsidence (InSAR),0.2145
21175,Ground subsidence (InSAR),0.1501
21176,Ground subsidence (InSAR),0.1501
21178,Ground subsidence (InSAR),0.1501
21195,Ground subsidence (InSAR),0.0284
21196,Ground subsidence (InSAR),0.1074
21198,Ground subsidence (InSAR),0.0284
21199,Ground subsidence (InSAR),0.5097
21206,Ground subsidence (InSAR),0.5097
21207,Ground subsidence (InSAR),0.5097
21219,Ground subsidence (InSAR),0.0978
21221,Ground subsidence (InSAR),0.4471
21222,Ground subsidence (InSAR),0.1063
21223,Ground subsidence (InSAR),0.4471
21224,Ground subsidence (InSAR),0.4471
21225,Ground subsidence (InSAR),0.4471
21226,Ground subsidence (InSAR),0.312
21248,Ground subsidence (InSAR),0.1153
21250,Ground subsidence (InSAR),0.2136
21253,Ground subsidence (InSAR),0.1735
21255,Ground subsidence (InSAR),0.2373
21257,Ground subsidence (InSAR),0.2373
21264,Ground subsidence (InSAR),0.2233
21265,Ground subsidence (InSAR),0.2233
21266,Ground subsidence (InSAR),0.7977
21267,Ground subsidence (InSAR),0.2233
21268,Ground subsidence (InSAR),0.2233
21270,Ground subsidence (InSAR),0.2363
21271,Ground subsidence (InSAR),0.2363
21273,Ground subsidence (InSAR),0.046
21274,Ground subsidence (InSAR),0.046
21275,Ground subsidence (InSAR),0.046
21276,Ground subsidence (InSAR),0.8403
21277,Ground subsidence (InSAR),0.046
21278,Ground subsidence (InSAR),0.1645
21279,Ground subsidence (InSAR),0.1122
21280,Ground subsidence (InSAR),0.1127
21281,Ground subsidence (InSAR),0.1122
21283,Ground subsidence (InSAR),0.0386
21284,Ground subsidence (InSAR),0.0386
21285,Ground subsidence (InSAR),0.4765
21286,Ground subsidence (InSAR),0.1175
21289,Ground subsidence (InSAR),0.4915
21290,Ground subsidence (InSAR),0.4915
21291,Ground subsidence (InSAR),0.2148
21293,Ground subsidence (InSAR),0.5636
21295,Ground subsidence (InSAR),0.204
21296,Ground subsidence (InSAR),0.7977
21298,Ground subsidence (InSAR),0.204
21299,Ground subsidence (InSAR),0.204
21300,Ground subsidence (InSAR),0.7977
21301,Ground subsidence (InSAR),0.204
21323,Ground subsidence (InSAR),0.1108
21325,Ground subsidence (InSAR),0.1108
21329,Ground subsidence (InSAR),0.6061
21334,Ground subsidence (InSAR),0.225
21339,Ground subsidence (InSAR),0.1107
21343,Ground subsidence (InSAR),0.6061
21354,Ground subsidence (InSAR),0.2039
21361,Ground subsidence (InSAR),0.4345
21363,Ground subsidence (InSAR),0.8403
21372,Ground subsidence (InSAR),1.0
21373,Ground subsidence (InSAR),0.5035
21375,Ground subsidence (InSAR),0.2039
21376,Ground subsidence (InSAR),0.0996
21377,Ground subsidence (InSAR),0.2294
21380,Ground subsidence (InSAR),0.0996
21381,Ground subsidence (InSAR),0.0996
21383,Ground subsidence (InSAR),0.0996
21385,Ground subsidence (InSAR),0.0996
21388,Ground subsidence (InSAR),0.0996
21390,Ground subsidence (InSAR),0.0996
21392,Ground subsidence (InSAR),0.0996
21393,Ground subsidence (InSAR),0.5217
21394,Ground subsidence (InSAR),0.2012
21396,Ground subsidence (InSAR),0.5217
21398,Ground subsidence (InSAR),0.0693
21399,Ground subsidence (InSAR),0.0693
21400,Ground subsidence (InSAR),0.5217
21401,Ground subsidence (InSAR),0.0996
21403,Ground subsidence (InSAR),0.2055
21406,Ground subsidence (InSAR),0.1781
21408,Ground subsidence (InSAR),0.2964
21409,Ground subsidence (InSAR),0.0128
21410,Ground subsidence (InSAR),0.2012
21412,Ground subsidence (InSAR),0.2055
21413,Ground subsidence (InSAR),0.1107
21414,Ground subsidence (InSAR),0.1417
21416,Ground subsidence (InSAR),0.8403
21418,Ground subsidence (InSAR),0.8403
21421,Ground subsidence (InSAR),0.0802
21424,Ground subsidence (InSAR),0.0802
21425,Ground subsidence (InSAR),0.0802
21426,Ground subsidence (InSAR),0.1173
21427,Ground subsidence (InSAR),0.1173
21428,Ground subsidence (InSAR),0.0693
21430,Ground subsidence (InSAR),0.8403
21431,Ground subsidence (InSAR),0.8403
21432,Ground subsidence (InSAR),0.5217
21433,Ground subsidence (InSAR),0.1938
21434,Ground subsidence (InSAR),0.1938
21438,Ground subsidence (InSAR),0.645
21443,Ground subsidence (InSAR),0.7485
21447,Ground subsidence (InSAR),0.7485
21469,Ground subsidence (InSAR),0.6202
21471,Ground subsidence (InSAR),0.6202
21488,Ground subsidence (InSAR),0.6091
21490,Ground subsidence (InSAR),0.2422
21491,Ground subsidence (InSAR),0.7485
21494,Ground subsidence (InSAR),0.4308
21498,Ground subsidence (InSAR),0.2094
21500,Ground subsidence (InSAR),0.2094
21504,Ground subsidence (InSAR),0.2624
21506,Ground subsidence (InSAR),0.5787
21509,Ground subsidence (InSAR),0.5787
21525,Ground subsidence (InSAR),0.5787
21528,Ground subsidence (InSAR),0.5787
21531,Ground subsidence (InSAR),0.5787
21533,Ground subsidence (InSAR),0.5787
21535,Ground subsidence (InSAR),0.5787
21536,Ground subsidence (InSAR),0.5787
21550,Ground subsidence (InSAR),0.1801
21552,Ground subsidence (InSAR),0.1801
21587,Ground subsidence (InSAR),0.2516
21590,Ground subsidence (InSAR),0.2516
21591,Ground subsidence (InSAR),0.2516
21592,Ground subsidence (InSAR),0.0078
21593,Ground subsidence (InSAR),0.5404
21606,Ground subsidence (InSAR),0.5404
21611,Ground subsidence (InSAR),0.5404
21613,Ground subsidence (InSAR),0.5404
21614,Ground subsidence (InSAR),0.5404
21615,Ground subsidence (InSAR),0.2516
21617,Ground subsidence (InSAR),0.5404
21618,Ground subsidence (InSAR),0.5404
21619,Ground subsidence (InSAR),0.5404
21620,Ground subsidence (InSAR),0.2012
21635,Ground subsidence (InSAR),0.2516
21637,Ground subsidence (InSAR),0.312
21638,Ground subsidence (InSAR),0.2012
21651,Ground subsidence (InSAR),0.488
21687,Ground subsidence (InSAR),1.0
21704,Ground subsidence (InSAR),0.2901
21705,Ground subsidence (InSAR),1.0
21707,Ground subsidence (InSAR),1.0
21756,Ground subsidence (InSAR),0.0712
21758,Ground subsidence (InSAR),0.0712
21774,Ground subsidence (InSAR),0.0911
21782,Ground subsidence (InSAR),0.0911
21790,Ground subsidence (InSAR),0.2414
21792,Ground subsidence (InSAR),0.2414
21795,Ground subsidence (InSAR),0.1846
21797,Ground subsidence (InSAR),0.1846
21810,Ground subsidence (InSAR),0.3167
21811,Ground subsidence (InSAR),0.2758
21813,Ground subsidence (InSAR),0.1846
21816,Ground subsidence (InSAR),0.4359
21817,Ground subsidence (InSAR),0.3167
21819,Ground subsidence (InSAR),0.4359
21824,Ground subsidence (InSAR),0.3167
21841,Ground subsidence (InSAR),0.3167
21846,Ground subsidence (InSAR),0.3167
21850,Ground subsidence (InSAR),0.4
21856,Ground subsidence (InSAR),1.0
21857,Ground subsidence (InSAR),1.0
21861,Ground subsidence (InSAR),0.1555
21862,Ground subsidence (InSAR),1.0
21863,Ground subsidence (InSAR),1.0
21868,Ground subsidence (InSAR),0.6963
21871,Ground subsidence (InSAR),0.6963
21877,Ground subsidence (InSAR),0.0293
21886,Ground subsidence (InSAR),0.0721
21893,Ground subsidence (InSAR),0.0678
21894,Ground subsidence (InSAR),0.2412
21904,Ground subsidence (InSAR),0.6963
21907,Ground subsidence (InSAR),0.6963
21908,Ground subsidence (InSAR),0.0293
21911,Ground subsidence (InSAR),0.0293
21915,Ground subsidence (InSAR),0.317
21956,Ground subsidence (InSAR),0.0541
21958,Ground subsidence (InSAR),0.0541
22045,Ground subsidence (InSAR),0.7296
22050,Ground subsidence (InSAR),0.7296
22064,Ground subsidence (InSAR),0.6963
22069,Ground subsidence (InSAR),0.6963
22071,Ground subsidence (InSAR),0.6963
22078,Ground subsidence (InSAR),0.6963
22176,Ground subsidence (InSAR),0.2349
22282,Ground subsidence (InSAR),0.7034
22284,Ground subsidence (InSAR),0.7034
22295,Ground subsidence (InSAR),0.7034
22305,Ground subsidence (InSAR),0.7034
22312,Ground subsidence (InSAR),0.7034
22320,Ground subsidence (InSAR),0.7034
22326,Ground subsidence (InSAR),0.7034
22344,Ground subsidence (InSAR),0.3707
22346,Ground subsidence (InSAR),0.7034
22350,Ground subsidence (InSAR),0.3707
22351,Ground subsidence (InSAR),0.7034
22354,Ground subsidence (InSAR),0.3168
22355,Ground subsidence (InSAR),0.3022
22359,Ground subsidence (InSAR),0.159
22373,Ground subsidence (InSAR),0.2064
22378,Ground subsidence (InSAR),0.2064
22384,Ground subsidence (InSAR),0.2064
22388,Ground subsidence (InSAR),0.2304
22394,Ground subsidence (InSAR),0.2304
22411,Ground subsidence (InSAR),0.3978
22414,Ground subsidence (InSAR),0.3978
22416,Ground subsidence (InSAR),0.8513
22424,Ground subsidence (InSAR),0.2241
22428,Ground subsidence (InSAR),0.2701
22433,Ground subsidence (InSAR),0.2701
22439,Ground subsidence (InSAR),0.4467
22441,Ground subsidence (InSAR),0.2241
22446,Ground subsidence (InSAR),0.1031
22454,Ground subsidence (InSAR),0.3574
22457,Ground subsidence (InSAR),0.3489
22464,Ground subsidence (InSAR),0.4319
22465,Ground subsidence (InSAR),0.4319
22467,Ground subsidence (InSAR),0.2701
22468,Ground subsidence (InSAR),0.3574
22470,Ground subsidence (InSAR),0.3574
22474,Ground subsidence (InSAR),0.312
22504,Ground subsidence (InSAR),0.7171
22505,Ground subsidence (InSAR),0.4902
22506,Ground subsidence (InSAR),0.2424
22508,Ground subsidence (InSAR),0.085
22510,Ground subsidence (InSAR),0.085
22512,Ground subsidence (InSAR),0.085
22514,Ground subsidence (InSAR),0.085
22518,Ground subsidence (InSAR),0.7171
22523,Ground subsidence (InSAR),0.7171
22539,Ground subsidence (InSAR),1.0
22541,Ground subsidence (InSAR),0.6062
22553,Ground subsidence (InSAR),1.0
22557,Ground subsidence (InSAR),1.0
22563,Ground subsidence (InSAR),0.6062
22564,Ground subsidence (InSAR),0.6062
22565,Ground subsidence (InSAR),0.1328
22566,Ground subsidence (InSAR),0.1328
22569,Ground subsidence (InSAR),0.1211
22573,Ground subsidence (InSAR),0.4652
22580,Ground subsidence (InSAR),0.1602
22581,Ground subsidence (InSAR),0.0638
22585,Ground subsidence (InSAR),0.0638
22590,Ground subsidence (InSAR),0.1265
22602,Ground subsidence (InSAR),0.795
22603,Ground subsidence (InSAR),0.2998
22607,Ground subsidence (InSAR),0.214
22611,Ground subsidence (InSAR),1.0
22612,Ground subsidence (InSAR),0.1843
22615,Ground subsidence (InSAR),0.214
22618,Ground subsidence (InSAR),1.0
22622,Ground subsidence (InSAR),0.07
22631,Ground subsidence (InSAR),1.0
22633,Ground subsidence (InSAR),0.0853
22636,Ground subsidence (InSAR),0.0457
22639,Ground subsidence (InSAR),0.1657
22642,Ground subsidence (InSAR),0.1602
22649,Ground subsidence (InSAR),0.1602
22651,Ground subsidence (InSAR),0.0638
22654,Ground subsidence (InSAR),0.0638
22657,Ground subsidence (InSAR),0.0638
22667,Ground subsidence (InSAR),0.214
22673,Ground subsidence (InSAR),0.214
22692,Ground subsidence (InSAR),0.0853
22701,Ground subsidence (InSAR),0.2069
22702,Ground subsidence (InSAR),0.2069
22703,Ground subsidence (InSAR),0.2069
22704,Ground subsidence (InSAR),0.2069
22912,Ground subsidence (InSAR),0.5035
22938,Ground subsidence (InSAR),0.2229
22939,Ground subsidence (InSAR),0.1205
22940,Ground subsidence (InSAR),1.0
22941,Ground subsidence (InSAR),0.1205
22943,Ground subsidence (InSAR),0.1205
22944,Ground subsidence (InSAR),1.0
22945,Ground subsidence (InSAR),0.2229
22946,Ground subsidence (InSAR),0.2229
22950,Ground subsidence (InSAR),0.3439
22951,Ground subsidence (InSAR),0.1205
23049,Ground subsidence (InSAR),1.0
23051,Ground subsidence (InSAR),1.0
23211,Ground subsidence (InSAR),0.3311
23220,Ground subsidence (InSAR),0.3311
23274,Ground subsidence (InSAR),1.0
23312,Ground subsidence (InSAR),0.1903
23318,Ground subsidence (InSAR),0.1903
23336,Ground subsidence (InSAR),0.3311
23338,Ground subsidence (InSAR),0.3311
23344,Ground subsidence (InSAR),0.032
23346,Ground subsidence (InSAR),1.0
23348,Ground subsidence (InSAR),1.0
23352,Ground subsidence (InSAR),0.032
23443,Ground subsidence (InSAR),0.4316
23446,Ground subsidence (InSAR),0.4316
23468,Ground subsidence (InSAR),0.173
23473,Ground subsidence (InSAR),0.7241
23484,Ground subsidence (InSAR),0.9154
23496,Ground subsidence (InSAR),1.0
23500,Ground subsidence (InSAR),0.2017
23505,Ground subsidence (InSAR),0.0886
23507,Ground subsidence (InSAR),0.9154
23508,Ground subsidence (InSAR),0.1827
23509,Ground subsidence (InSAR),0.9154
23510,Ground subsidence (InSAR),1.0
23528,Ground subsidence (InSAR),0.3314
23533,Ground subsidence (InSAR),0.1746
23543,Ground subsidence (InSAR),0.1069
23549,Ground subsidence (InSAR),0.1069
23557,Ground subsidence (InSAR),0.0886
23578,Ground subsidence (InSAR),0.1697
23579,Ground subsidence (InSAR),0.1697
23581,Ground subsidence (InSAR),0.6733
23585,Ground subsidence (InSAR),0.1715
23587,Ground subsidence (InSAR),0.1715
23589,Ground subsidence (InSAR),0.1715
23592,Ground subsidence (InSAR),0.1715
23595,Ground subsidence (InSAR),0.1715
23598,Ground subsidence (InSAR),0.018
23600,Ground subsidence (InSAR),0.018
23604,Ground subsidence (InSAR),0.018
23606,Ground subsidence (InSAR),0.6733
23615,Ground subsidence (InSAR),0.1746
23618,Ground subsidence (InSAR),0.1069
23620,Ground subsidence (InSAR),0.1069
23623,Ground subsidence (InSAR),0.2017
23661,Ground subsidence (InSAR),0.1069
23662,Ground subsidence (InSAR),1.0
23663,Ground subsidence (InSAR),0.6823
23664,Ground subsidence (InSAR),0.6823
23665,Ground subsidence (InSAR),0.134
23667,Ground subsidence (InSAR),1.0
23682,Ground subsidence (InSAR),0.2836
23685,Ground subsidence (InSAR),0.2836
23690,Ground subsidence (InSAR),1.0
23723,Ground subsidence (InSAR),0.2771
23758,Ground subsidence (InSAR),0.1697
23762,Ground subsidence (InSAR),0.1697
23788,Ground subsidence (InSAR),0.7241
23789,Ground subsidence (InSAR),1.0
23790,Ground subsidence (InSAR),0.7241
23793,Ground subsidence (InSAR),0.7241
23795,Ground subsidence (InSAR),1.0
23807,Ground subsidence (InSAR),0.3314
23815,Ground subsidence (InSAR),0.3314
23818,Ground subsidence (InSAR),0.1746
23819,Ground subsidence (InSAR),0.1746
23909,Ground subsidence (InSAR),0.798
23910,Ground subsidence (InSAR),0.798
23963,Ground subsidence (InSAR),0.8051
23964,Ground subsidence (InSAR),0.8051
23969,Ground subsidence (InSAR),0.1697
23971,Ground subsidence (InSAR),0.1697
23996,Ground subsidence (InSAR),0.107
23997,Ground subsidence (InSAR),0.107
23999,Ground subsidence (InSAR),1.0
24001,Ground subsidence (InSAR),1.0
24002,Ground subsidence (InSAR),1.0
24004,Ground subsidence (InSAR),1.0
24007,Ground subsidence (InSAR),1.0
24010,Ground subsidence (InSAR),1.0
24018,Ground subsidence (InSAR),0.107
24020,Ground subsidence (InSAR),0.107
24022,Ground subsidence (InSAR),0.4646
24027,Ground subsidence (InSAR),0.4646
24032,Ground subsidence (InSAR),0.4646
24036,Ground subsidence (InSAR),0.4646
24039,Ground subsidence (InSAR),0.4646
24042,Ground subsidence (InSAR),0.4646
24045,Ground subsidence (InSAR),0.4646
24050,Ground subsidence (InSAR),0.107
24059,Ground subsidence (InSAR),0.1042
24061,Ground subsidence (InSAR),0.1042
24062,Ground subsidence (InSAR),0.107
24066,Ground subsidence (InSAR),0.107
24067,Ground subsidence (InSAR),0.3642
24071,Ground subsidence (InSAR),0.0408
24154,Ground subsidence (InSAR),0.3038
24159,Ground subsidence (InSAR),0.0858
24162,Ground subsidence (InSAR),0.0858
24164,Ground subsidence (InSAR),0.0858
24166,Ground subsidence (InSAR),0.5748
24210,Ground subsidence (InSAR),0.2139
24214,Ground subsidence (InSAR),0.0878
24224,Ground subsidence (InSAR),0.192
24225,Ground subsidence (InSAR),0.2726
24233,Ground subsidence (InSAR),0.192
24238,Ground subsidence (InSAR),0.2726
24242,Ground subsidence (InSAR),0.2726
24244,Ground subsidence (InSAR),0.2726
24246,Ground subsidence (InSAR),0.2726
24261,Ground subsidence (InSAR),0.0974
24270,Ground subsidence (InSAR),0.0974
24278,Ground subsidence (InSAR),0.0974
24282,Ground subsidence (InSAR),0.1127
24283,Ground subsidence (InSAR),0.3211
24285,Ground subsidence (InSAR),0.1127
24286,Ground subsidence (InSAR),0.2969
24287,Ground subsidence (InSAR),0.3211
24289,Ground subsidence (InSAR),0.3211
24292,Ground subsidence (InSAR),0.3211
24293,Ground subsidence (InSAR),0.3211
24295,Ground subsidence (InSAR),0.3211
24296,Ground subsidence (InSAR),0.0974
24297,Ground subsidence (InSAR),0.0974
24298,Ground subsidence (InSAR),0.0974
24299,Ground subsidence (InSAR),0.2726
24300,Ground subsidence (InSAR),0.2726
24303,Ground subsidence (InSAR),0.2726
24305,Ground subsidence (InSAR),0.2726
24307,Ground subsidence (InSAR),0.2726
24312,Ground subsidence (InSAR),0.0758
24318,Ground subsidence (InSAR),0.0758
24319,Ground subsidence (InSAR),0.0758
24322,Ground subsidence (InSAR),0.0758
24325,Ground subsidence (InSAR),0.122
24329,Ground subsidence (InSAR),0.122
24331,Ground subsidence (InSAR),0.3515
24335,Ground subsidence (InSAR),0.122
24337,Ground subsidence (InSAR),0.1207
24347,Ground subsidence (InSAR),0.275
24356,Ground subsidence (InSAR),0.275
24358,Ground subsidence (InSAR),0.1524
24359,Ground subsidence (InSAR),0.0864
24361,Ground subsidence (InSAR),0.0864
24367,Ground subsidence (InSAR),0.1524
24368,Ground subsidence (InSAR),0.0864
24371,Ground subsidence (InSAR),0.1524
24381,Ground subsidence (InSAR),0.0864
24387,Ground subsidence (InSAR),0.1524
24389,Ground subsidence (InSAR),0.1524
24415,Ground subsidence (InSAR),0.0661
24418,Ground subsidence (InSAR),0.4814
24419,Ground subsidence (InSAR),0.0661
24420,Ground subsidence (InSAR),0.4814
24424,Ground subsidence (InSAR),0.0661
24428,Ground subsidence (InSAR),0.4089
24431,Ground subsidence (InSAR),0.4089
24434,Ground subsidence (InSAR),0.4089
24438,Ground subsidence (InSAR),0.4089
24453,Ground subsidence (InSAR),0.3007
24460,Ground subsidence (InSAR),0.0974
24469,Ground subsidence (InSAR),0.0974
24483,Ground subsidence (InSAR),0.3211
24487,Ground subsidence (InSAR),0.3211
24489,Ground subsidence (InSAR),0.3211
24516,Ground subsidence (InSAR),0.0591
24520,Ground subsidence (InSAR),0.2149
24699,Ground subsidence (InSAR),0.3443
24714,Ground subsidence (InSAR),0.174
24717,Ground subsidence (InSAR),0.174
24722,Ground subsidence (InSAR),0.174
24727,Ground subsidence (InSAR),0.174
24730,Ground subsidence (InSAR),0.1825
24734,Ground subsidence (InSAR),0.1825
24736,Ground subsidence (InSAR),0.045
24740,Ground subsidence (InSAR),0.045
24742,Ground subsidence (InSAR),0.045
24762,Ground subsidence (InSAR),0.1228
24766,Ground subsidence (InSAR),0.1228
24769,Ground subsidence (InSAR),0.3167
24821,Ground subsidence (InSAR),0.4099
24961,Ground subsidence (InSAR),0.1554
25029,Ground subsidence (InSAR),0.2578
25031,Ground subsidence (InSAR),0.0922
25033,Ground subsidence (InSAR),0.2578
25037,Ground subsidence (InSAR),0.1054
25040,Ground subsidence (InSAR),0.2578
25054,Ground subsidence (InSAR),1.0
25061,Ground subsidence (InSAR),0.2578
25066,Ground subsidence (InSAR),0.2578
25067,Ground subsidence (InSAR),0.247
25069,Ground subsidence (InSAR),0.2578
25070,Ground subsidence (InSAR),0.299
25071,Ground subsidence (InSAR),0.1054
25073,Ground subsidence (InSAR),0.1054
25074,Ground subsidence (InSAR),0.2578
25077,Ground subsidence (InSAR),0.247
25080,Ground subsidence (InSAR),0.247
25084,Ground subsidence (InSAR),0.1073
25103,Ground subsidence (InSAR),1.0
25106,Ground subsidence (InSAR),1.0
25108,Ground subsidence (InSAR),1.0
25135,Ground subsidence (InSAR),1.0
25136,Ground subsidence (InSAR),1.0
25151,Ground subsidence (InSAR),0.1715
25153,Ground subsidence (InSAR),0.1715
25240,Ground subsidence (InSAR),0.2757
25244,Ground subsidence (InSAR),0.2757
25248,Ground subsidence (InSAR),0.2757
25289,Ground subsidence (InSAR),0.1916
25320,Ground subsidence (InSAR),0.1254
25337,Ground subsidence (InSAR),0.1254
25362,Ground subsidence (InSAR),0.7742
25364,Ground subsidence (InSAR),0.0785
25366,Ground subsidence (InSAR),0.0785
25374,Ground subsidence (InSAR),0.5465
25377,Ground subsidence (InSAR),0.5465
25378,Ground subsidence (InSAR),0.5465
25380,Ground subsidence (InSAR),0.5465
25390,Ground subsidence (InSAR),0.2291
25391,Ground subsidence (InSAR),0.3339
25393,Ground subsidence (InSAR),0.4001
25394,Ground subsidence (InSAR),0.3339
25401,Ground subsidence (InSAR),0.4001
25411,Ground subsidence (InSAR),0.4001
25435,Ground subsidence (InSAR),0.0607
25547,Ground subsidence (InSAR),0.0607
25549,Ground subsidence (InSAR),0.2021
25551,Ground subsidence (InSAR),0.1242
25554,Ground subsidence (InSAR),0.1242
25555,Ground subsidence (InSAR),0.1242
25559,Ground subsidence (InSAR),0.2021
25563,Ground subsidence (InSAR),0.0607
25564,Ground subsidence (InSAR),0.1554
25566,Ground subsidence (InSAR),0.3167
25569,Ground subsidence (InSAR),0.3167
25574,Ground subsidence (InSAR),0.2021
25580,Ground subsidence (InSAR),0.2291
25581,Ground subsidence (InSAR),0.2029
25583,Ground subsidence (InSAR),0.1409
25585,Ground subsidence (InSAR),0.2291
25588,Ground subsidence (InSAR),0.2291
25589,Ground subsidence (InSAR),0.2291
25591,Ground subsidence (InSAR),0.2444
25593,Ground subsidence (InSAR),0.2444
25594,Ground subsidence (InSAR),0.2291
25595,Ground subsidence (InSAR),0.2444
25596,Ground subsidence (InSAR),0.2444
25597,Ground subsidence (InSAR),0.1409
25600,Ground subsidence (InSAR),0.2444
25602,Ground subsidence (InSAR),0.1409
25603,Ground subsidence (InSAR),0.2444
25605,Ground subsidence (InSAR),0.1004
25606,Ground subsidence (InSAR),0.1004
25608,Ground subsidence (InSAR),0.1605
25614,Ground subsidence (InSAR),0.0837
25627,Ground subsidence (InSAR),0.1629
25637,Ground subsidence (InSAR),0.0837
25668,Ground subsidence (InSAR),0.3016
25675,Ground subsidence (InSAR),0.1259
25676,Ground subsidence (InSAR),0.1259
25680,Ground subsidence (InSAR),0.2349
25686,Ground subsidence (InSAR),0.0405
25691,Ground subsidence (InSAR),0.0405
25692,Ground subsidence (InSAR),0.0405
25693,Ground subsidence (InSAR),0.0405
25694,Ground subsidence (InSAR),0.0405
25696,Ground subsidence (InSAR),0.2728
25697,Ground subsidence (InSAR),0.2728
25716,Ground subsidence (InSAR),0.2728
25725,Ground subsidence (InSAR),0.2728
25730,Ground subsidence (InSAR),0.1242
25733,Ground subsidence (InSAR),0.3158
25735,Ground subsidence (InSAR),0.3158
25736,Ground subsidence (InSAR),0.1242
25738,Ground subsidence (InSAR),0.3158
25741,Ground subsidence (InSAR),0.3158
25742,Ground subsidence (InSAR),0.3158
25743,Ground subsidence (InSAR),0.3158
25749,Ground subsidence (InSAR),0.3158
25751,Ground subsidence (InSAR),0.3158
25753,Ground subsidence (InSAR),0.3158
25755,Ground subsidence (InSAR),0.8374
25756,Ground subsidence (InSAR),0.8374
25757,Ground subsidence (InSAR),0.8374
25758,Ground subsidence (InSAR),0.2021
25770,Ground subsidence (InSAR),0.2021
25778,Ground subsidence (InSAR),0.2021
25788,Ground subsidence (InSAR),0.2021
25793,Ground subsidence (InSAR),0.2728
25804,Ground subsidence (InSAR),0.2803
25810,Ground subsidence (InSAR),0.4232
25812,Ground subsidence (InSAR),0.2803
25815,Ground subsidence (InSAR),0.4232
25816,Ground subsidence (InSAR),0.4232
25818,Ground subsidence (InSAR),0.2803
25820,Ground subsidence (InSAR),0.4232
25823,Ground subsidence (InSAR),0.4232
25824,Ground subsidence (InSAR),0.4232
25826,Ground subsidence (InSAR),0.4232
25829,Ground subsidence (InSAR),0.1298
25830,Ground subsidence (InSAR),0.4232
25834,Ground subsidence (InSAR),0.2803
25836,Ground subsidence (InSAR),0.2803
25839,Ground subsidence (InSAR),0.2728
25842,Ground subsidence (InSAR),0.1451
25849,Ground subsidence (InSAR),0.1486
25851,Ground subsidence (InSAR),0.1486
25854,Ground subsidence (InSAR),0.1486
25856,Ground subsidence (InSAR),0.1486
25861,Ground subsidence (InSAR),0.1486
25879,Ground subsidence (InSAR),0.0911
25909,Ground subsidence (InSAR),0.137
25917,Ground subsidence (InSAR),0.2137
25920,Ground subsidence (InSAR),0.0911
25942,Ground subsidence (InSAR),0.8001
25987,Ground subsidence (InSAR),0.0982
26010,Ground subsidence (InSAR),0.6061
26012,Ground subsidence (InSAR),0.6061
26015,Ground subsidence (InSAR),0.2971
26016,Ground subsidence (InSAR),0.2971
26017,Ground subsidence (InSAR),0.2971
26043,Ground subsidence (InSAR),0.2412
26044,Ground subsidence (InSAR),0.2412
26045,Ground subsidence (InSAR),0.2412
26046,Ground subsidence (InSAR),0.3083
26181,Ground subsidence (InSAR),0.3584
26200,Ground subsidence (InSAR),0.3584
26231,Ground subsidence (InSAR),0.2552
26244,Ground subsidence (InSAR),0.2294
26245,Ground subsidence (InSAR),0.2294
26247,Ground subsidence (InSAR),0.2294
26248,Ground subsidence (InSAR),0.2294
26249,Ground subsidence (InSAR),0.2294
26251,Ground subsidence (InSAR),0.2294
26255,Ground subsidence (InSAR),0.3864
26258,Ground subsidence (InSAR),0.3864
26259,Ground subsidence (InSAR),0.3864
26260,Ground subsidence (InSAR),0.3864
26262,Ground subsidence (InSAR),0.3864
26263,Ground subsidence (InSAR),0.3864
26266,Ground subsidence (InSAR),0.3864
26267,Ground subsidence (InSAR),0.3864
26269,Ground subsidence (InSAR),0.5106
26270,Ground subsidence (InSAR),0.3864
26271,Ground subsidence (InSAR),0.3112
26273,Ground subsidence (InSAR),0.2231
26275,Ground subsidence (InSAR),0.2231
26277,Ground subsidence (InSAR),0.2231
26278,Ground subsidence (InSAR),0.2231
26279,Ground subsidence (InSAR),0.2231
26285,Ground subsidence (InSAR),0.1972
26352,Ground subsidence (InSAR),0.303
26354,Ground subsidence (InSAR),0.4787
26526,Ground subsidence (InSAR),0.1629
26544,Ground subsidence (InSAR),0.1629
26571,Ground subsidence (InSAR),0.484
26574,Ground subsidence (InSAR),0.484
26575,Ground subsidence (InSAR),0.0421
26596,Ground subsidence (InSAR),0.1824
26650,Ground subsidence (InSAR),0.1212
26746,Ground subsidence (InSAR),0.2231
26752,Ground subsidence (InSAR),0.1911
26759,Ground subsidence (InSAR),0.1911
26762,Ground subsidence (InSAR),0.1911
26771,Ground subsidence (InSAR),0.1911
26773,Ground subsidence (InSAR),0.1911
26777,Ground subsidence (InSAR),0.1911
26779,Ground subsidence (InSAR),0.4244
26782,Ground subsidence (InSAR),0.4244
26784,Ground subsidence (InSAR),0.4244
26786,Ground subsidence (InSAR),0.4244
26791,Ground subsidence (InSAR),0.4244
26795,Ground subsidence (InSAR),0.4244
26796,Ground subsidence (InSAR),0.4244
26850,Ground subsidence (InSAR),0.3443
26874,Ground subsidence (InSAR),0.8001
26900,Ground subsidence (InSAR),0.3864
26903,Ground subsidence (InSAR),0.3864
26907,Ground subsidence (InSAR),0.3864
26910,Ground subsidence (InSAR),0.3864
26927,Ground subsidence (InSAR),0.3864
26930,Ground subsidence (InSAR),0.3864
26933,Ground subsidence (InSAR),0.3864
26936,Ground subsidence (InSAR),0.3864
26938,Ground subsidence (InSAR),0.2206
26940,Ground subsidence (InSAR),0.2206
26942,Ground subsidence (InSAR),0.2206
26943,Ground subsidence (InSAR),0.2206
26950,Ground subsidence (InSAR),0.2206
26952,Ground subsidence (InSAR),0.2206
27016,Ground subsidence (InSAR),0.4904
27018,Ground subsidence (InSAR),0.4904
27087,Ground subsidence (InSAR),0.5768
27113,Ground subsidence (InSAR),0.4619
27130,Ground subsidence (InSAR),0.1691
27133,Ground subsidence (InSAR),0.0622
27136,Ground subsidence (InSAR),0.1321
27138,Ground subsidence (InSAR),0.1578
27139,Ground subsidence (InSAR),0.1321
27142,Ground subsidence (InSAR),0.1318
27143,Ground subsidence (InSAR),0.4619
27145,Ground subsidence (InSAR),0.1318
27149,Ground subsidence (InSAR),0.1096
27158,Ground subsidence (InSAR),0.1096
27163,Ground subsidence (InSAR),0.0925
27167,Ground subsidence (InSAR),0.0925
27193,Ground subsidence (InSAR),0.458
27194,Ground subsidence (InSAR),0.458
27198,Ground subsidence (InSAR),0.458
27200,Ground subsidence (InSAR),0.458
27203,Ground subsidence (InSAR),0.4653
27204,Ground subsidence (InSAR),0.4653
27205,Ground subsidence (InSAR),0.4653
27206,Ground subsidence (InSAR),0.4653
27209,Ground subsidence (InSAR),0.4534
27210,Ground subsidence (InSAR),0.4534
27211,Ground subsidence (InSAR),0.3515
27212,Ground subsidence (InSAR),0.3515
27214,Ground subsidence (InSAR),0.3515
27215,Ground subsidence (InSAR),0.3515
27216,Ground subsidence (InSAR),0.3515
27220,Ground subsidence (InSAR),0.3515
27229,Ground subsidence (InSAR),0.4619
27237,Ground subsidence (InSAR),0.4619
27247,Ground subsidence (InSAR),0.4619
27250,Ground subsidence (InSAR),0.1061
27254,Ground subsidence (InSAR),0.4619
27276,Ground subsidence (InSAR),0.1921
27278,Ground subsidence (InSAR),0.2541
27280,Ground subsidence (InSAR),0.4619
27286,Ground subsidence (InSAR),0.4619
27288,Ground subsidence (InSAR),0.488
27292,Ground subsidence (InSAR),0.488
27293,Ground subsidence (InSAR),0.2179
27297,Ground subsidence (InSAR),0.488
27298,Ground subsidence (InSAR),0.1941
27362,Ground subsidence (InSAR),0.2771
27367,Ground subsidence (InSAR),0.2771
27369,Ground subsidence (InSAR),0.2771
27379,Ground subsidence (InSAR),0.2649
27383,Ground subsidence (InSAR),0.3874
27387,Ground subsidence (InSAR),0.1246
27390,Ground subsidence (InSAR),0.1246
27395,Ground subsidence (InSAR),0.2649
27397,Ground subsidence (InSAR),0.2041
27398,Ground subsidence (InSAR),0.1657
27399,Ground subsidence (InSAR),0.1602
27400,Ground subsidence (InSAR),0.2041
27401,Ground subsidence (InSAR),0.0694
27416,Ground subsidence (InSAR),0.2055
27417,Ground subsidence (InSAR),0.2055
27418,Ground subsidence (InSAR),0.1107
27420,Ground subsidence (InSAR),0.1107
27422,Ground subsidence (InSAR),0.1107
27423,Ground subsidence (InSAR),0.1107
27424,Ground subsidence (InSAR),0.1107
27426,Ground subsidence (InSAR),0.204
27433,Ground subsidence (InSAR),0.5447
27438,Ground subsidence (InSAR),0.204
27440,Ground subsidence (InSAR),0.204
27445,Ground subsidence (InSAR),0.204
27448,Ground subsidence (InSAR),0.204
27454,Ground subsidence (InSAR),0.1108
27465,Ground subsidence (InSAR),0.4904
27469,Ground subsidence (InSAR),0.4904
27471,Ground subsidence (InSAR),0.4904
27472,Ground subsidence (InSAR),0.1748
27475,Ground subsidence (InSAR),0.2394
27476,Ground subsidence (InSAR),0.2394
27477,Ground subsidence (InSAR),0.1918
27483,Ground subsidence (InSAR),0.9868
27485,Ground subsidence (InSAR),0.3041
27498,Ground subsidence (InSAR),0.1432
27528,Ground subsidence (InSAR),0.0805
27567,Ground subsidence (InSAR),0.1471
27572,Ground subsidence (InSAR),0.1471
27579,Ground subsidence (InSAR),0.0805
27584,Ground subsidence (InSAR),0.0805
27603,Ground subsidence (InSAR),0.1471
27609,Ground subsidence (InSAR),0.225
27610,Ground subsidence (InSAR),0.4787
27621,Ground subsidence (InSAR),0.4787
27622,Ground subsidence (InSAR),0.4787
27625,Ground subsidence (InSAR),1.0
27632,Ground subsidence (InSAR),0.1471
27637,Ground subsidence (InSAR),0.1471
27642,Ground subsidence (InSAR),0.1471
27643,Ground subsidence (InSAR),0.3151
27645,Ground subsidence (InSAR),0.3151
27647,Ground subsidence (InSAR),0.3151
27648,Ground subsidence (InSAR),0.1393
27653,Ground subsidence (InSAR),0.2021
27654,Ground subsidence (InSAR),0.2745
27655,Ground subsidence (InSAR),0.2745
27657,Ground subsidence (InSAR),0.2577
27661,Ground subsidence (InSAR),0.2745
27664,Ground subsidence (InSAR),0.2577
27667,Ground subsidence (InSAR),0.2231
27672,Ground subsidence (InSAR),0.2758
27674,Ground subsidence (InSAR),0.0616
27675,Ground subsidence (InSAR),0.2231
27677,Ground subsidence (InSAR),0.0616
27678,Ground subsidence (InSAR),0.1911
27679,Ground subsidence (InSAR),0.2577
27682,Ground subsidence (InSAR),0.1911
27684,Ground subsidence (InSAR),0.1911
27686,Ground subsidence (InSAR),0.0616
27687,Ground subsidence (InSAR),0.1911
27689,Ground subsidence (InSAR),0.1202
27691,Ground subsidence (InSAR),0.2039
27693,Ground subsidence (InSAR),0.2577
27695,Ground subsidence (InSAR),0.1911
27697,Ground subsidence (InSAR),0.2039
27700,Ground subsidence (InSAR),0.1911
27701,Ground subsidence (InSAR),0.2039
27703,Ground subsidence (InSAR),0.1911
27704,Ground subsidence (InSAR),0.2593
27706,Ground subsidence (InSAR),0.2039
27710,Ground subsidence (InSAR),0.2039
27711,Ground subsidence (InSAR),0.4244
27712,Ground subsidence (InSAR),0.4244
27713,Ground subsidence (InSAR),0.1202
27714,Ground subsidence (InSAR),0.4244
27716,Ground subsidence (InSAR),0.4244
27719,Ground subsidence (InSAR),0.4509
27720,Ground subsidence (InSAR),0.4244
27721,Ground subsidence (InSAR),0.2593
27722,Ground subsidence (InSAR),0.4244
27723,Ground subsidence (InSAR),0.1202
27726,Ground subsidence (InSAR),0.1107
27728,Ground subsidence (InSAR),0.1107
27730,Ground subsidence (InSAR),0.0366
27731,Ground subsidence (InSAR),0.9615
27733,Ground subsidence (InSAR),0.1107
27734,Ground subsidence (InSAR),0.1107
27736,Ground subsidence (InSAR),0.1107
27741,Ground subsidence (InSAR),0.1107
27744,Ground subsidence (InSAR),0.1107
27745,Ground subsidence (InSAR),0.9615
27749,Ground subsidence (InSAR),0.9615
27751,Ground subsidence (InSAR),0.1107
27757,Ground subsidence (InSAR),0.1265
27761,Ground subsidence (InSAR),0.1265
27764,Ground subsidence (InSAR),0.1827
27768,Ground subsidence (InSAR),0.1297
27775,Ground subsidence (InSAR),0.2753
27781,Ground subsidence (InSAR),0.2593
27785,Ground subsidence (InSAR),0.2593
27796,Ground subsidence (InSAR),0.1748
27797,Ground subsidence (InSAR),0.458
27798,Ground subsidence (InSAR),0.1748
27801,Ground subsidence (InSAR),0.1748
27802,Ground subsidence (InSAR),0.458
27804,Ground subsidence (InSAR),0.458
27805,Ground subsidence (InSAR),0.1748
27807,Ground subsidence (InSAR),0.458
27808,Ground subsidence (InSAR),0.458
27813,Ground subsidence (InSAR),0.1827
27815,Ground subsidence (InSAR),0.2206
27817,Ground subsidence (InSAR),0.2206
27818,Ground subsidence (InSAR),0.7052
27819,Ground subsidence (InSAR),0.1689
27820,Ground subsidence (InSAR),0.2206
27821,Ground subsidence (InSAR),0.2206
27823,Ground subsidence (InSAR),0.4534
27824,Ground subsidence (InSAR),0.4534
27826,Ground subsidence (InSAR),0.4534
27827,Ground subsidence (InSAR),0.7505
27831,Ground subsidence (InSAR),0.7505
27834,Ground subsidence (InSAR),0.4534
27838,Ground subsidence (InSAR),0.1689
27841,Ground subsidence (InSAR),0.4534
27844,Ground subsidence (InSAR),0.4534
27846,Ground subsidence (InSAR),0.4534
27847,Ground subsidence (InSAR),0.1689
27854,Ground subsidence (InSAR),0.2054
27860,Ground subsidence (InSAR),0.0934
27864,Ground subsidence (InSAR),0.3358
27867,Ground subsidence (InSAR),0.2054
27869,Ground subsidence (InSAR),0.2054
27870,Ground subsidence (InSAR),0.2054
27872,Ground subsidence (InSAR),0.2054
27874,Ground subsidence (InSAR),0.3358
27877,Ground subsidence (InSAR),0.3358
27878,Ground subsidence (InSAR),0.2054
27881,Ground subsidence (InSAR),0.1689
27883,Ground subsidence (InSAR),0.1689
27886,Ground subsidence (InSAR),0.0934
27891,Ground subsidence (InSAR),0.0934
27893,Ground subsidence (InSAR),0.0934
27964,Ground subsidence (InSAR),0.1654
27967,Ground subsidence (InSAR),0.1654
28058,Ground subsidence (InSAR),0.1108
28088,Ground subsidence (InSAR),0.2812
28105,Ground subsidence (InSAR),0.3141
28110,Ground subsidence (InSAR),0.3141
28116,Ground subsidence (InSAR),0.3141
28119,Ground subsidence (InSAR),0.3141
28124,Ground subsidence (InSAR),0.4083
28132,Ground subsidence (InSAR),0.4083
28135,Ground subsidence (InSAR),0.4083
28141,Ground subsidence (InSAR),0.4083
28145,Ground subsidence (InSAR),0.4083
28149,Ground subsidence (InSAR),0.4083
28152,Ground subsidence (InSAR),0.4083
28155,Ground subsidence (InSAR),0.4083
28282,Ground subsidence (InSAR),0.3308
28305,Ground subsidence (InSAR),0.3308
28565,Ground subsidence (InSAR),0.1228
28570,Ground subsidence (InSAR),0.1228
28582,Ground subsidence (InSAR),0.3167
28583,Ground subsidence (InSAR),0.3167
28594,Ground subsidence (InSAR),0.1971
28595,Ground subsidence (InSAR),0.0494
28598,Ground subsidence (InSAR),0.1971
28601,Ground subsidence (InSAR),0.1971
28603,Ground subsidence (InSAR),0.1971
28604,Ground subsidence (InSAR),0.0494
28607,Ground subsidence (InSAR),0.2234
28611,Ground subsidence (InSAR),0.1007
28615,Ground subsidence (InSAR),0.1007
28616,Ground subsidence (InSAR),1.0
28620,Ground subsidence (InSAR),1.0
28640,Ground subsidence (InSAR),0.4857
28641,Ground subsidence (InSAR),0.4857
28671,Ground subsidence (InSAR),0.2503
28678,Ground subsidence (InSAR),0.2503
28720,Ground subsidence (InSAR),0.2503
28747,Ground subsidence (InSAR),0.2503
28839,Ground subsidence (InSAR),0.1594
28840,Ground subsidence (InSAR),0.3198
28841,Ground subsidence (InSAR),0.1225
28842,Ground subsidence (InSAR),0.1225
28843,Ground subsidence (InSAR),0.1225
28844,Ground subsidence (InSAR),0.1225
28861,Ground subsidence (InSAR),0.309
28877,Ground subsidence (InSAR),0.0293
28880,Ground subsidence (InSAR),0.309
28892,Ground subsidence (InSAR),0.2741
28905,Ground subsidence (InSAR),0.0293
28910,Ground subsidence (InSAR),0.1886
28914,Ground subsidence (InSAR),0.1813
28917,Ground subsidence (InSAR),0.1813
28919,Ground subsidence (InSAR),0.0293
28921,Ground subsidence (InSAR),0.1813
28922,Ground subsidence (InSAR),0.0443
28927,Ground subsidence (InSAR),0.0443
28933,Ground subsidence (InSAR),0.1202
28934,Ground subsidence (InSAR),0.1169
28936,Ground subsidence (InSAR),0.3737
28943,Ground subsidence (InSAR),0.8736
28947,Ground subsidence (InSAR),0.8736
28949,Ground subsidence (InSAR),0.8736
28951,Ground subsidence (InSAR),0.8736
28953,Ground subsidence (InSAR),0.1686
28954,Ground subsidence (InSAR),0.5292
28958,Ground subsidence (InSAR),0.8736
28960,Ground subsidence (InSAR),0.5292
28966,Ground subsidence (InSAR),0.0369
28968,Ground subsidence (InSAR),0.3737
28972,Ground subsidence (InSAR),0.0293
28976,Ground subsidence (InSAR),0.6061
28987,Ground subsidence (InSAR),0.6061
28990,Ground subsidence (InSAR),0.6061
29008,Ground subsidence (InSAR),0.2392
29014,Ground subsidence (InSAR),0.2392
29016,Ground subsidence (InSAR),0.0369
29019,Ground subsidence (InSAR),0.2392
29024,Ground subsidence (InSAR),0.544
29026,Ground subsidence (InSAR),0.0369
29071,Ground subsidence (InSAR),0.1772
29078,Ground subsidence (InSAR),0.1169
29112,Ground subsidence (InSAR),0.1169
29128,Ground subsidence (InSAR),0.3112
29140,Ground subsidence (InSAR),0.1772
29151,Ground subsidence (InSAR),0.1169
29155,Ground subsidence (InSAR),0.2067
29162,Ground subsidence (InSAR),0.2067
29166,Ground subsidence (InSAR),0.2442
29168,Ground subsidence (InSAR),0.2442
29188,Ground subsidence (InSAR),0.2067
29256,Ground subsidence (InSAR),0.2472
29262,Ground subsidence (InSAR),0.2986
29263,Ground subsidence (InSAR),0.5001
29273,Ground subsidence (InSAR),0.8001
29278,Ground subsidence (InSAR),0.2294
29279,Ground subsidence (InSAR),0.8001
29284,Ground subsidence (InSAR),0.2294
29285,Ground subsidence (InSAR),0.2294
29296,Ground subsidence (InSAR),0.2294
29304,Ground subsidence (InSAR),0.8403
29310,Ground subsidence (InSAR),0.2012
29312,Ground subsidence (InSAR),0.8403
29328,Ground subsidence (InSAR),0.2986
29331,Ground subsidence (InSAR),0.2986
29448,Ground subsidence (InSAR),0.1848
29459,Ground subsidence (InSAR),0.2528
29465,Ground subsidence (InSAR),0.2528
29469,Ground subsidence (InSAR),0.2528
29474,Ground subsidence (InSAR),0.2215
29479,Ground subsidence (InSAR),0.2215
29485,Ground subsidence (InSAR),0.1347
29487,Ground subsidence (InSAR),0.2215
29490,Ground subsidence (InSAR),0.2215
29528,Ground subsidence (InSAR),0.1709
29530,Ground subsidence (InSAR),0.1709
29532,Ground subsidence (InSAR),0.2215
29536,Ground subsidence (InSAR),0.2472
29544,Ground subsidence (InSAR),0.2215
29545,Ground subsidence (InSAR),0.2472
29553,Ground subsidence (InSAR),0.2472
29557,Ground subsidence (InSAR),0.2215
29564,Ground subsidence (InSAR),0.2215
29566,Ground subsidence (InSAR),0.1573
29571,Ground subsidence (InSAR),0.1573
29574,Ground subsidence (InSAR),0.2215
29578,Ground subsidence (InSAR),0.1573
29583,Ground subsidence (InSAR),0.1573
29584,Ground subsidence (InSAR),0.2215
29588,Ground subsidence (InSAR),0.5001
29596,Ground subsidence (InSAR),0.5001
29599,Ground subsidence (InSAR),0.532
29609,Ground subsidence (InSAR),0.1573
29617,Ground subsidence (InSAR),0.1573
29621,Ground subsidence (InSAR),0.2051
29623,Ground subsidence (InSAR),0.1573
29626,Ground subsidence (InSAR),0.1573
29627,Ground subsidence (InSAR),0.2551
29630,Ground subsidence (InSAR),0.2051
29631,Ground subsidence (InSAR),0.1573
29633,Ground subsidence (InSAR),0.394
29635,Ground subsidence (InSAR),0.394
29640,Ground subsidence (InSAR),0.2551
29644,Ground subsidence (InSAR),0.3825
29650,Ground subsidence (InSAR),0.3825
29653,Ground subsidence (InSAR),0.134
29656,Ground subsidence (InSAR),0.3825
29657,Ground subsidence (InSAR),0.134
29659,Ground subsidence (InSAR),0.3825
29660,Ground subsidence (InSAR),0.134
29664,Ground subsidence (InSAR),0.3825
29665,Ground subsidence (InSAR),0.2551
29667,Ground subsidence (InSAR),0.3175
29668,Ground subsidence (InSAR),0.3825
29672,Ground subsidence (InSAR),0.1278
29673,Ground subsidence (InSAR),0.2551
29698,Ground subsidence (InSAR),1.0
29713,Ground subsidence (InSAR),0.4581
29731,Ground subsidence (InSAR),0.7213
29732,Ground subsidence (InSAR),0.1745
29734,Ground subsidence (InSAR),0.1745
29801,Ground subsidence (InSAR),0.3333
29907,Ground subsidence (InSAR),0.2854
30013,Ground subsidence (InSAR),0.0996
30018,Ground subsidence (InSAR),0.0996
30023,Ground subsidence (InSAR),0.0293
30028,Ground subsidence (InSAR),0.0293
30037,Ground subsidence (InSAR),0.0293
30046,Ground subsidence (InSAR),0.0293
30107,Ground subsidence (InSAR),0.1972
30111,Ground subsidence (InSAR),0.1972
30152,Ground subsidence (InSAR),0.1383
30157,Ground subsidence (InSAR),0.1383
30161,Ground subsidence (InSAR),0.1383
30173,Ground subsidence (InSAR),0.4787
30204,Ground subsidence (InSAR),1.0
30242,Ground subsidence (InSAR),0.3183
30247,Ground subsidence (InSAR),0.3404
30249,Ground subsidence (InSAR),0.3183
30251,Ground subsidence (InSAR),0.3288
30266,Ground subsidence (InSAR),0.2897
30276,Ground subsidence (InSAR),0.4517
30284,Ground subsidence (InSAR),0.2121
30291,Ground subsidence (InSAR),0.1527
30303,Ground subsidence (InSAR),0.1825
30316,Ground subsidence (InSAR),0.2314
30318,Ground subsidence (InSAR),0.1148
30323,Ground subsidence (InSAR),0.0479
30328,Ground subsidence (InSAR),0.0248
30338,Ground subsidence (InSAR),0.1062
30341,Ground subsidence (InSAR),0.1818
30355,Ground subsidence (InSAR),0.165
30366,Ground subsidence (InSAR),0.1187
30368,Ground subsidence (InSAR),0.0248
30375,Ground subsidence (InSAR),0.3079
30379,Ground subsidence (InSAR),0.1536
30380,Ground subsidence (InSAR),0.6264
30382,Ground subsidence (InSAR),0.1536
30384,Ground subsidence (InSAR),0.6264
30385,Ground subsidence (InSAR),0.2625
30388,Ground subsidence (InSAR),0.6264
30390,Ground subsidence (InSAR),0.2472
30392,Ground subsidence (InSAR),1.0
30393,Ground subsidence (InSAR),0.2472
30394,Ground subsidence (InSAR),1.0
30396,Ground subsidence (InSAR),1.0
30399,Ground subsidence (InSAR),0.0498
30400,Ground subsidence (InSAR),1.0
30407,Ground subsidence (InSAR),0.1949
30409,Ground subsidence (InSAR),0.1376
30414,Ground subsidence (InSAR),0.1949
30416,Ground subsidence (InSAR),0.6264
30418,Ground subsidence (InSAR),0.6264
30448,Ground subsidence (InSAR),0.3769
30452,Ground subsidence (InSAR),0.2429
30473,Ground subsidence (InSAR),0.1583
30474,Ground subsidence (InSAR),0.1583
30475,Ground subsidence (InSAR),0.0744
30478,Ground subsidence (InSAR),0.1583
30484,Ground subsidence (InSAR),0.1921
30485,Ground subsidence (InSAR),0.2269
30489,Ground subsidence (InSAR),0.1921
30490,Ground subsidence (InSAR),0.2362
30495,Ground subsidence (InSAR),0.1921
30496,Ground subsidence (InSAR),0.2362
30498,Ground subsidence (InSAR),0.1921
30500,Ground subsidence (InSAR),0.1921
30502,Ground subsidence (InSAR),0.2269
30504,Ground subsidence (InSAR),0.2703
30506,Ground subsidence (InSAR),0.2269
30507,Ground subsidence (InSAR),0.2703
30510,Ground subsidence (InSAR),0.2259
30516,Ground subsidence (InSAR),0.5464
30526,Ground subsidence (InSAR),0.6264
30530,Ground subsidence (InSAR),0.6264
30531,Ground subsidence (InSAR),0.6264
30534,Ground subsidence (InSAR),0.6264
30548,Ground subsidence (InSAR),0.4284
30551,Ground subsidence (InSAR),0.4284
30553,Ground subsidence (InSAR),0.0596
30555,Ground subsidence (InSAR),0.0596
30556,Ground subsidence (InSAR),0.0596
30557,Ground subsidence (InSAR),0.2605
30558,Ground subsidence (InSAR),0.2605
30559,Ground subsidence (InSAR),0.2605
30560,Ground subsidence (InSAR),0.2414
30561,Ground subsidence (InSAR),0.2605
30564,Ground subsidence (InSAR),0.2605
30565,Ground subsidence (InSAR),0.2605
30569,Ground subsidence (InSAR),0.2947
30570,Ground subsidence (InSAR),0.2371
30574,Ground subsidence (InSAR),0.2605
30576,Ground subsidence (InSAR),0.2605
30578,Ground subsidence (InSAR),0.2605
30579,Ground subsidence (InSAR),0.2947
30580,Ground subsidence (InSAR),0.2371
30582,Ground subsidence (InSAR),0.2414
30585,Ground subsidence (InSAR),0.6264
30586,Ground subsidence (InSAR),0.2605
30588,Ground subsidence (InSAR),0.2605
30593,Ground subsidence (InSAR),0.322
30594,Ground subsidence (InSAR),0.2605
30595,Ground subsidence (InSAR),0.2605
30597,Ground subsidence (InSAR),0.2605
30598,Ground subsidence (InSAR),0.6111
30601,Ground subsidence (InSAR),0.2605
30603,Ground subsidence (InSAR),0.2605
30608,Ground subsidence (InSAR),0.2605
30619,Ground subsidence (InSAR),0.2605
30620,Ground subsidence (InSAR),0.7075
30630,Ground subsidence (InSAR),0.3687
30636,Ground subsidence (InSAR),0.3115
30643,Ground subsidence (InSAR),0.3115
30644,Ground subsidence (InSAR),0.0852
30650,Ground subsidence (InSAR),0.3115
30654,Ground subsidence (InSAR),0.1602
30657,Ground subsidence (InSAR),0.1921
30678,Ground subsidence (InSAR),0.1921
30680,Ground subsidence (InSAR),0.2179
30684,Ground subsidence (InSAR),0.2168
30685,Ground subsidence (InSAR),0.2179
30686,Ground subsidence (InSAR),0.2179
30688,Ground subsidence (InSAR),0.2168
30691,Ground subsidence (InSAR),0.2168
30693,Ground subsidence (InSAR),0.2095
30695,Ground subsidence (InSAR),0.2095
30697,Ground subsidence (InSAR),0.2179
30700,Ground subsidence (InSAR),0.2168
30701,Ground subsidence (InSAR),0.2095
30704,Ground subsidence (InSAR),0.2095
30706,Ground subsidence (InSAR),0.0536
30714,Ground subsidence (InSAR),0.2061
30715,Ground subsidence (InSAR),0.1046
30716,Ground subsidence (InSAR),0.1046
30719,Ground subsidence (InSAR),0.1046
30721,Ground subsidence (InSAR),0.2061
30729,Ground subsidence (InSAR),0.2061
30736,Ground subsidence (InSAR),0.2061
30757,Ground subsidence (InSAR),0.1046
30794,Ground subsidence (InSAR),0.2061
30802,Ground subsidence (InSAR),0.2061
30806,Ground subsidence (InSAR),0.2061
30807,Ground subsidence (InSAR),0.2061
30815,Ground subsidence (InSAR),0.2061
30817,Ground subsidence (InSAR),0.2061
30821,Ground subsidence (InSAR),0.2061
30826,Ground subsidence (InSAR),0.2061
30832,Ground subsidence (InSAR),0.2061
30836,Ground subsidence (InSAR),0.2061
30842,Ground subsidence (InSAR),0.2061
30847,Ground subsidence (InSAR),0.2061
30870,Ground subsidence (InSAR),0.2955
30874,Ground subsidence (InSAR),0.0744
30881,Ground subsidence (InSAR),0.044
30887,Ground subsidence (InSAR),0.044
30888,Ground subsidence (InSAR),1.0
30890,Ground subsidence (InSAR),1.0
30894,Ground subsidence (InSAR),0.1526
30898,Ground subsidence (InSAR),0.1719
30901,Ground subsidence (InSAR),1.0
30902,Ground subsidence (InSAR),0.2029
30903,Ground subsidence (InSAR),1.0
30905,Ground subsidence (InSAR),0.2029
30906,Ground subsidence (InSAR),1.0
30908,Ground subsidence (InSAR),0.1719
30909,Ground subsidence (InSAR),0.1719
30910,Ground subsidence (InSAR),0.2061
30912,Ground subsidence (InSAR),0.2955
30915,Ground subsidence (InSAR),1.0
30916,Ground subsidence (InSAR),1.0
30918,Ground subsidence (InSAR),1.0
30920,Ground subsidence (InSAR),1.0
30922,Ground subsidence (InSAR),1.0
30924,Ground subsidence (InSAR),0.0744
30927,Ground subsidence (InSAR),1.0
30928,Ground subsidence (InSAR),0.3115
30929,Ground subsidence (InSAR),1.0
30930,Ground subsidence (InSAR),0.2703
30931,Ground subsidence (InSAR),0.4364
30933,Ground subsidence (InSAR),0.0596
30934,Ground subsidence (InSAR),0.4364
30935,Ground subsidence (InSAR),0.0596
30937,Ground subsidence (InSAR),0.4516
30942,Ground subsidence (InSAR),0.1901
30947,Ground subsidence (InSAR),0.3806
30978,Ground subsidence (InSAR),0.3681
30988,Ground subsidence (InSAR),0.543
30990,Ground subsidence (InSAR),0.543
31003,Ground subsidence (InSAR),0.119
31008,Ground subsidence (InSAR),0.0762
31012,Ground subsidence (InSAR),0.2307
31016,Ground subsidence (InSAR),0.1629
31024,Ground subsidence (InSAR),0.1042
31033,Ground subsidence (InSAR),0.1042
31051,Ground subsidence (InSAR),0.1042
31053,Ground subsidence (InSAR),0.2859
31067,Ground subsidence (InSAR),0.1042
31071,Ground subsidence (InSAR),0.1323
31080,Ground subsidence (InSAR),0.286
31087,Ground subsidence (InSAR),0.2056
31090,Ground subsidence (InSAR),0.2511
31135,Ground subsidence (InSAR),0.0877
31230,Ground subsidence (InSAR),0.1342
31233,Ground subsidence (InSAR),0.0425
31250,Ground subsidence (InSAR),0.0425
31254,Ground subsidence (InSAR),0.0425
31272,Ground subsidence (InSAR),0.1676
31274,Ground subsidence (InSAR),0.1676
31284,Ground subsidence (InSAR),0.6006
31291,Ground subsidence (InSAR),0.1676
31294,Ground subsidence (InSAR),0.1676
31346,Ground subsidence (InSAR),0.2051
31358,Ground subsidence (InSAR),0.2051
31388,Ground subsidence (InSAR),0.0369
31405,Ground subsidence (InSAR),0.3317
31413,Ground subsidence (InSAR),0.6975
31415,Ground subsidence (InSAR),0.6975
31417,Ground subsidence (InSAR),0.6975
31419,Ground subsidence (InSAR),0.6975
31421,Ground subsidence (InSAR),0.6975
31422,Ground subsidence (InSAR),0.6975
31425,Ground subsidence (InSAR),0.3317
31426,Ground subsidence (InSAR),0.6975
31427,Ground subsidence (InSAR),0.6006
31428,Ground subsidence (InSAR),0.6006
31431,Ground subsidence (InSAR),0.0369
31432,Ground subsidence (InSAR),0.4655
31442,Ground subsidence (InSAR),0.4329
31444,Ground subsidence (InSAR),0.1368
31446,Ground subsidence (InSAR),0.6
31451,Ground subsidence (InSAR),0.6
31454,Ground subsidence (InSAR),0.1368
31459,Ground subsidence (InSAR),0.3547
31461,Ground subsidence (InSAR),0.6077
31465,Ground subsidence (InSAR),0.3547
31469,Ground subsidence (InSAR),0.1918
31471,Ground subsidence (InSAR),0.6077
31493,Ground subsidence (InSAR),0.1994
31503,Ground subsidence (InSAR),0.1636
31573,Ground subsidence (InSAR),0.5041
31578,Ground subsidence (InSAR),0.2967
31581,Ground subsidence (InSAR),0.2605
31583,Ground subsidence (InSAR),0.1969
31585,Ground subsidence (InSAR),0.1969
31586,Ground subsidence (InSAR),0.1969
31588,Ground subsidence (InSAR),0.2089
31591,Ground subsidence (InSAR),0.2089
31594,Ground subsidence (InSAR),0.1969
31597,Ground subsidence (InSAR),0.1969
31599,Ground subsidence (InSAR),0.1254
31601,Ground subsidence (InSAR),0.1969
31602,Ground subsidence (InSAR),0.1969
31604,Ground subsidence (InSAR),0.1969
31606,Ground subsidence (InSAR),0.1969
31608,Ground subsidence (InSAR),0.1969
31610,Ground subsidence (InSAR),0.1969
31614,Ground subsidence (InSAR),0.1969
31616,Ground subsidence (InSAR),0.1969
31617,Ground subsidence (InSAR),0.1969
31618,Ground subsidence (InSAR),0.1969
31620,Ground subsidence (InSAR),0.1969
31621,Ground subsidence (InSAR),0.1969
31624,Ground subsidence (InSAR),0.1969
31627,Ground subsidence (InSAR),0.1969
31713,Ground subsidence (InSAR),0.0923
31717,Ground subsidence (InSAR),0.2018
31724,Ground subsidence (InSAR),0.0923
31787,Ground subsidence (InSAR),0.2741
31789,Ground subsidence (InSAR),0.2741
31790,Ground subsidence (InSAR),0.2741
31811,Ground subsidence (InSAR),0.7435
31815,Ground subsidence (InSAR),1.0
31818,Ground subsidence (InSAR),1.0
31826,Ground subsidence (InSAR),1.0
31828,Ground subsidence (InSAR),1.0
31830,Ground subsidence (InSAR),1.0
31833,Ground subsidence (InSAR),1.0
31840,Ground subsidence (InSAR),0.112
31892,Ground subsidence (InSAR),0.417
31894,Ground subsidence (InSAR),0.2562
31899,Ground subsidence (InSAR),0.417
31906,Ground subsidence (InSAR),0.417
31948,Ground subsidence (InSAR),0.0558
31990,Ground subsidence (InSAR),0.1395
31991,Ground subsidence (InSAR),0.3482
31995,Ground subsidence (InSAR),0.1128
32001,Ground subsidence (InSAR),0.5707
32002,Ground subsidence (InSAR),0.5533
32003,Ground subsidence (InSAR),0.5533
32004,Ground subsidence (InSAR),0.4578
32006,Ground subsidence (InSAR),0.5533
32007,Ground subsidence (InSAR),0.1128
32009,Ground subsidence (InSAR),0.2901
32010,Ground subsidence (InSAR),0.3152
32011,Ground subsidence (InSAR),0.4763
32013,Ground subsidence (InSAR),0.4763
32015,Ground subsidence (InSAR),0.4763
32016,Ground subsidence (InSAR),0.2824
32018,Ground subsidence (InSAR),0.2824
32021,Ground subsidence (InSAR),0.2824
32024,Ground subsidence (InSAR),0.2824
32025,Ground subsidence (InSAR),0.3083
32026,Ground subsidence (InSAR),0.3083
32027,Ground subsidence (InSAR),0.3083
32030,Ground subsidence (InSAR),0.3083
32032,Ground subsidence (InSAR),0.8594
32033,Ground subsidence (InSAR),0.2038
32087,Ground subsidence (InSAR),0.0899
32110,Ground subsidence (InSAR),0.702
32119,Ground subsidence (InSAR),0.5878
32139,Ground subsidence (InSAR),0.5193
32216,Ground subsidence (InSAR),0.0899
32222,Ground subsidence (InSAR),0.3494
32223,Ground subsidence (InSAR),0.0899
32232,Ground subsidence (InSAR),0.0899
32327,Ground subsidence (InSAR),0.2051
32338,Ground subsidence (InSAR),0.1931
32363,Ground subsidence (InSAR),1.0
32366,Ground subsidence (InSAR),0.4533
32369,Ground subsidence (InSAR),0.0823
32370,Ground subsidence (InSAR),0.0823
32385,Ground subsidence (InSAR),0.2533
32447,Ground subsidence (InSAR),0.2051
32463,Ground subsidence (InSAR),0.2762
32465,Ground subsidence (InSAR),0.1483
32481,Ground subsidence (InSAR),0.2766
32489,Ground subsidence (InSAR),0.2766
32495,Ground subsidence (InSAR),0.2766
32504,Ground subsidence (InSAR),0.2766
32514,Ground subsidence (InSAR),0.2766
32516,Ground subsidence (InSAR),0.5106
32519,Ground subsidence (InSAR),0.2766
32521,Ground subsidence (InSAR),0.2766
32523,Ground subsidence (InSAR),0.5106
32524,Ground subsidence (InSAR),0.2766
32527,Ground subsidence (InSAR),0.2766
32529,Ground subsidence (InSAR),0.2766
32542,Ground subsidence (InSAR),0.2766
32548,Ground subsidence (InSAR),0.2766
32551,Ground subsidence (InSAR),0.134
32553,Ground subsidence (InSAR),0.1998
32555,Ground subsidence (InSAR),0.2762
32556,Ground subsidence (InSAR),0.2766
32558,Ground subsidence (InSAR),0.2762
32560,Ground subsidence (InSAR),0.0306
32561,Ground subsidence (InSAR),0.2766
32562,Ground subsidence (InSAR),0.2762
32563,Ground subsidence (InSAR),0.3847
32564,Ground subsidence (InSAR),0.1161
32577,Ground subsidence (InSAR),0.1298
32579,Ground subsidence (InSAR),0.0721
32582,Ground subsidence (InSAR),0.4197
32585,Ground subsidence (InSAR),0.4197
32586,Ground subsidence (InSAR),0.1884
32589,Ground subsidence (InSAR),0.1945
32596,Ground subsidence (InSAR),0.3351
32597,Ground subsidence (InSAR),0.3351
32598,Ground subsidence (InSAR),0.1555
32599,Ground subsidence (InSAR),0.3351
32600,Ground subsidence (InSAR),0.1555
32603,Ground subsidence (InSAR),0.3351
32605,Ground subsidence (InSAR),0.3351
32606,Ground subsidence (InSAR),0.1555
32607,Ground subsidence (InSAR),0.3351
32610,Ground subsidence (InSAR),0.3351
32612,Ground subsidence (InSAR),0.1555
32613,Ground subsidence (InSAR),0.3351
32616,Ground subsidence (InSAR),0.1555
32621,Ground subsidence (InSAR),0.1555
32624,Ground subsidence (InSAR),0.5707
32625,Ground subsidence (InSAR),0.1555
32627,Ground subsidence (InSAR),0.5707
32628,Ground subsidence (InSAR),0.5707
32632,Ground subsidence (InSAR),0.1555
32633,Ground subsidence (InSAR),0.5707
32636,Ground subsidence (InSAR),0.3351
32637,Ground subsidence (InSAR),0.3844
32639,Ground subsidence (InSAR),0.3351
32640,Ground subsidence (InSAR),0.3844
32641,Ground subsidence (InSAR),0.3351
32642,Ground subsidence (InSAR),0.3351
32650,Ground subsidence (InSAR),0.3351
32651,Ground subsidence (InSAR),0.0306
32652,Ground subsidence (InSAR),0.3351
32653,Ground subsidence (InSAR),0.3351
32661,Ground subsidence (InSAR),0.1654
32674,Ground subsidence (InSAR),0.5707
32677,Ground subsidence (InSAR),0.4274
32680,Ground subsidence (InSAR),0.3351
32683,Ground subsidence (InSAR),0.4274
32699,Ground subsidence (InSAR),0.3351
32702,Ground subsidence (InSAR),0.3351
32703,Ground subsidence (InSAR),0.3351
32705,Ground subsidence (InSAR),0.3351
32706,Ground subsidence (InSAR),0.3351
32710,Ground subsidence (InSAR),0.3351
32713,Ground subsidence (InSAR),0.2036
32715,Ground subsidence (InSAR),0.3351
32751,Ground subsidence (InSAR),0.1687
32757,Ground subsidence (InSAR),0.1687
32758,Ground subsidence (InSAR),0.3479
32761,Ground subsidence (InSAR),0.1687
32764,Ground subsidence (InSAR),0.1687
32788,Ground subsidence (InSAR),0.3351
32792,Ground subsidence (InSAR),0.3351
32794,Ground subsidence (InSAR),0.3351
32796,Ground subsidence (InSAR),0.5533
32800,Ground subsidence (InSAR),0.5533
32803,Ground subsidence (InSAR),0.3351
32804,Ground subsidence (InSAR),0.5533
32806,Ground subsidence (InSAR),0.2056
32810,Ground subsidence (InSAR),0.3351
32813,Ground subsidence (InSAR),0.3351
32855,Ground subsidence (InSAR),0.4186
32856,Ground subsidence (InSAR),0.4186
32858,Ground subsidence (InSAR),0.3823
32863,Ground subsidence (InSAR),0.3823
32864,Ground subsidence (InSAR),0.3823
32865,Ground subsidence (InSAR),0.3823
32866,Ground subsidence (InSAR),0.3823
32867,Ground subsidence (InSAR),0.0988
32868,Ground subsidence (InSAR),0.0988
32870,Ground subsidence (InSAR),0.0988
32871,Ground subsidence (InSAR),0.0988
32873,Ground subsidence (InSAR),0.0988
32874,Ground subsidence (InSAR),0.0988
32875,Ground subsidence (InSAR),0.0988
32902,Ground subsidence (InSAR),0.2415
32923,Ground subsidence (InSAR),0.4186
32924,Ground subsidence (InSAR),0.4186
32926,Ground subsidence (InSAR),0.4186
32928,Ground subsidence (InSAR),0.3823
32930,Ground subsidence (InSAR),0.3823
32943,Ground subsidence (InSAR),0.1793
32947,Ground subsidence (InSAR),0.2415
32951,Ground subsidence (InSAR),0.2415
32952,Ground subsidence (InSAR),0.2415
32954,Ground subsidence (InSAR),0.2415
32957,Ground subsidence (InSAR),0.2415
32959,Ground subsidence (InSAR),0.1793
32963,Ground subsidence (InSAR),0.1793
32970,Ground subsidence (InSAR),0.5707
32973,Ground subsidence (InSAR),0.5707
32982,Ground subsidence (InSAR),0.5707
32990,Ground subsidence (InSAR),0.5707
32996,Ground subsidence (InSAR),0.5707
33006,Ground subsidence (InSAR),0.5707
33013,Ground subsidence (InSAR),0.1793
33017,Ground subsidence (InSAR),0.1793
33023,Ground subsidence (InSAR),0.1793
33028,Ground subsidence (InSAR),0.1793
33031,Ground subsidence (InSAR),0.1793
33039,Ground subsidence (InSAR),0.1793
33099,Ground subsidence (InSAR),0.095
33101,Ground subsidence (InSAR),0.095
33103,Ground subsidence (InSAR),0.095
33158,Ground subsidence (InSAR),0.0562
33163,Ground subsidence (InSAR),0.0562
33165,Ground subsidence (InSAR),0.0562
33168,Ground subsidence (InSAR),0.0562
33169,Ground subsidence (InSAR),0.0562
33172,Ground subsidence (InSAR),0.0562
33176,Ground subsidence (InSAR),0.0562
33177,Ground subsidence (InSAR),0.0562
33179,Ground subsidence (InSAR),0.0562
33180,Ground subsidence (InSAR),0.0562
33184,Ground subsidence (InSAR),0.0562
33190,Ground subsidence (InSAR),0.3174
33195,Ground subsidence (InSAR),0.0804
33198,Ground subsidence (InSAR),0.9811
33201,Ground subsidence (InSAR),0.1186
33204,Ground subsidence (InSAR),0.9811
33208,Ground subsidence (InSAR),0.1186
33216,Ground subsidence (InSAR),0.2657
33221,Ground subsidence (InSAR),0.1186
33226,Ground subsidence (InSAR),0.2147
33230,Ground subsidence (InSAR),0.1186
33238,Ground subsidence (InSAR),0.5462
33243,Ground subsidence (InSAR),0.2147
33246,Ground subsidence (InSAR),0.5462
33249,Ground subsidence (InSAR),0.2147
33253,Ground subsidence (InSAR),0.2147
33255,Ground subsidence (InSAR),0.3174
33375,Ground subsidence (InSAR),0.0916
33408,Ground subsidence (InSAR),0.0861
33505,Ground subsidence (InSAR),0.5383
33517,Ground subsidence (InSAR),0.5383
33702,Ground subsidence (InSAR),0.1146
33705,Ground subsidence (InSAR),0.1146
33712,Ground subsidence (InSAR),0.1146
33718,Ground subsidence (InSAR),0.6383
33722,Ground subsidence (InSAR),0.3243
33724,Ground subsidence (InSAR),0.3243
33735,Ground subsidence (InSAR),0.3243
33737,Ground subsidence (InSAR),0.3243
33739,Ground subsidence (InSAR),0.3243
33740,Ground subsidence (InSAR),0.3243
33743,Ground subsidence (InSAR),0.3243
33745,Ground subsidence (InSAR),0.0722
33751,Ground subsidence (InSAR),0.0722
33756,Ground subsidence (InSAR),0.0722
33758,Ground subsidence (InSAR),0.0722
33766,Ground subsidence (InSAR),0.0722
33770,Ground subsidence (InSAR),0.3243
33773,Ground subsidence (InSAR),0.3243
33777,Ground subsidence (InSAR),0.3243
33801,Ground subsidence (InSAR),0.1455
33807,Ground subsidence (InSAR),0.0722
33824,Ground subsidence (InSAR),0.3892
33828,Ground subsidence (InSAR),0.3892
33834,Ground subsidence (InSAR),0.3892
33836,Ground subsidence (InSAR),0.2499
33838,Ground subsidence (InSAR),0.2499
33839,Ground subsidence (InSAR),0.3531
33905,Ground subsidence (InSAR),0.487
33916,Ground subsidence (InSAR),0.487
33920,Ground subsidence (InSAR),0.3576
33924,Ground subsidence (InSAR),0.3576
33926,Ground subsidence (InSAR),0.6849
33938,Ground subsidence (InSAR),0.4229
33939,Ground subsidence (InSAR),0.4229
33940,Ground subsidence (InSAR),0.4229
33941,Ground subsidence (InSAR),0.4229
33942,Ground subsidence (InSAR),0.4229
33944,Ground subsidence (InSAR),0.0801
33947,Ground subsidence (InSAR),0.0801
33954,Ground subsidence (InSAR),0.4229
33958,Ground subsidence (InSAR),0.3738
33960,Ground subsidence (InSAR),0.3738
33961,Ground subsidence (InSAR),0.3738
33966,Ground subsidence (InSAR),0.4392
33967,Ground subsidence (InSAR),0.4392
33968,Ground subsidence (InSAR),0.4229
33970,Ground subsidence (InSAR),0.4229
33971,Ground subsidence (InSAR),0.4229
33983,Ground subsidence (InSAR),0.4392
33984,Ground subsidence (InSAR),0.4392
33985,Ground subsidence (InSAR),0.4392
33986,Ground subsidence (InSAR),0.4392
33987,Ground subsidence (InSAR),0.4392
33989,Ground subsidence (InSAR),0.4392
33990,Ground subsidence (InSAR),0.4392
33992,Ground subsidence (InSAR),0.4392
33993,Ground subsidence (InSAR),0.4392
33994,Ground subsidence (InSAR),0.4229
33996,Ground subsidence (InSAR),0.4229
33997,Ground subsidence (InSAR),0.4229
33998,Ground subsidence (InSAR),0.4229
33999,Ground subsidence (InSAR),0.4229
34001,Ground subsidence (InSAR),0.4229
34002,Ground subsidence (InSAR),0.4229
34009,Ground subsidence (InSAR),0.1428
34011,Ground subsidence (InSAR),0.0801
34036,Ground subsidence (InSAR),0.3537
34039,Ground subsidence (InSAR),0.2432
34042,Ground subsidence (InSAR),0.3537
34044,Ground subsidence (InSAR),0.2076
34048,Ground subsidence (InSAR),0.1952
34050,Ground subsidence (InSAR),0.2432
34109,Ground subsidence (InSAR),0.5542
34142,Ground subsidence (InSAR),0.3477
34152,Ground subsidence (InSAR),0.0425
34220,Ground subsidence (InSAR),0.0899
34228,Ground subsidence (InSAR),0.1971
34236,Ground subsidence (InSAR),0.1971
34305,Ground subsidence (InSAR),0.3146
34307,Ground subsidence (InSAR),0.3146
34309,Ground subsidence (InSAR),0.3146
34312,Ground subsidence (InSAR),0.3146
34313,Ground subsidence (InSAR),0.3146
34317,Ground subsidence (InSAR),0.3146
34328,Ground subsidence (InSAR),0.3146
34331,Ground subsidence (InSAR),0.3146
34388,Ground subsidence (InSAR),1.0
34389,Ground subsidence (InSAR),1.0
34390,Ground subsidence (InSAR),1.0
34399,Ground subsidence (InSAR),0.3146
34436,Ground subsidence (InSAR),0.4775
34437,Ground subsidence (InSAR),0.5962
34442,Ground subsidence (InSAR),0.4775
34448,Ground subsidence (InSAR),0.4775
34450,Ground subsidence (InSAR),0.4775
34456,Ground subsidence (InSAR),0.5614
34459,Ground subsidence (InSAR),0.5614
34534,Ground subsidence (InSAR),0.2012
34536,Ground subsidence (InSAR),0.7977
34570,Ground subsidence (InSAR),0.2294
34578,Ground subsidence (InSAR),0.2294
34579,Ground subsidence (InSAR),0.2294
34714,Ground subsidence (InSAR),0.3529
34715,Ground subsidence (InSAR),0.4026
34790,Ground subsidence (InSAR),0.0641
34795,Ground subsidence (InSAR),0.5075
34807,Ground subsidence (InSAR),0.5075
34815,Ground subsidence (InSAR),0.5075
34820,Ground subsidence (InSAR),0.303
34831,Ground subsidence (InSAR),0.0464
34837,Ground subsidence (InSAR),0.5075
34840,Ground subsidence (InSAR),0.5075
34841,Ground subsidence (InSAR),0.303
34842,Ground subsidence (InSAR),0.303
34844,Ground subsidence (InSAR),0.3437
34845,Ground subsidence (InSAR),0.3437
34846,Ground subsidence (InSAR),0.2745
34847,Ground subsidence (InSAR),0.2745
34856,Ground subsidence (InSAR),0.1587
34858,Ground subsidence (InSAR),0.1587
34899,Ground subsidence (InSAR),0.7166
34900,Ground subsidence (InSAR),0.7166
34906,Ground subsidence (InSAR),0.7166
34921,Ground subsidence (InSAR),0.0996
34922,Ground subsidence (InSAR),0.0996
34923,Ground subsidence (InSAR),0.0996
34965,Ground subsidence (InSAR),0.3136
34966,Ground subsidence (InSAR),0.3136
35025,Ground subsidence (InSAR),0.4495
35027,Ground subsidence (InSAR),0.4495
35042,Ground subsidence (InSAR),0.1913
35043,Ground subsidence (InSAR),0.8181
35044,Ground subsidence (InSAR),0.1323
35045,Ground subsidence (InSAR),0.8181
35047,Ground subsidence (InSAR),0.1349
35048,Ground subsidence (InSAR),0.1349
35049,Ground subsidence (InSAR),0.1349
35050,Ground subsidence (InSAR),0.0437
35059,Ground subsidence (InSAR),0.7977
35062,Ground subsidence (InSAR),0.0366
35063,Ground subsidence (InSAR),0.0366
35065,Ground subsidence (InSAR),0.156
35066,Ground subsidence (InSAR),0.156
35067,Ground subsidence (InSAR),0.156
35071,Ground subsidence (InSAR),0.044
35072,Ground subsidence (InSAR),0.044
35080,Ground subsidence (InSAR),0.3308
35081,Ground subsidence (InSAR),0.3308
35083,Ground subsidence (InSAR),0.3308
35101,Ground subsidence (InSAR),0.2753
35106,Ground subsidence (InSAR),0.3068
35111,Ground subsidence (InSAR),0.2281
35112,Ground subsidence (InSAR),0.2281
35113,Ground subsidence (InSAR),0.2281
35114,Ground subsidence (InSAR),0.2281
35115,Ground subsidence (InSAR),0.3259
35116,Ground subsidence (InSAR),0.2281
35118,Ground subsidence (InSAR),0.2281
35119,Ground subsidence (InSAR),0.2281
35120,Ground subsidence (InSAR),0.2281
35123,Ground subsidence (InSAR),0.2281
35124,Ground subsidence (InSAR),0.7532
35125,Ground subsidence (InSAR),0.2272
35126,Ground subsidence (InSAR),0.2272
35127,Ground subsidence (InSAR),0.2272
35129,Ground subsidence (InSAR),0.0916
35131,Ground subsidence (InSAR),0.0916
35133,Ground subsidence (InSAR),0.0916
35138,Ground subsidence (InSAR),0.2392
35139,Ground subsidence (InSAR),0.2707
35140,Ground subsidence (InSAR),0.2281
35141,Ground subsidence (InSAR),0.2272
35142,Ground subsidence (InSAR),0.2272
35143,Ground subsidence (InSAR),0.0916
35144,Ground subsidence (InSAR),0.2272
35146,Ground subsidence (InSAR),0.0916
35147,Ground subsidence (InSAR),0.2272
35148,Ground subsidence (InSAR),0.0916
35149,Ground subsidence (InSAR),0.2272
35151,Ground subsidence (InSAR),0.2661
35153,Ground subsidence (InSAR),0.2272
35155,Ground subsidence (InSAR),0.2272
35176,Ground subsidence (InSAR),0.2714
35177,Ground subsidence (InSAR),0.2714
35178,Ground subsidence (InSAR),0.416
35179,Ground subsidence (InSAR),0.2714
35180,Ground subsidence (InSAR),0.2714
35181,Ground subsidence (InSAR),0.2661
35182,Ground subsidence (InSAR),0.2661
35183,Ground subsidence (InSAR),0.2661
35184,Ground subsidence (InSAR),0.105
35185,Ground subsidence (InSAR),0.2661
35186,Ground subsidence (InSAR),0.105
35188,Ground subsidence (InSAR),0.1263
35189,Ground subsidence (InSAR),0.2661
35190,Ground subsidence (InSAR),0.1263
35191,Ground subsidence (InSAR),0.2661
35192,Ground subsidence (InSAR),0.3301
35193,Ground subsidence (InSAR),0.2661
35194,Ground subsidence (InSAR),0.3301
35195,Ground subsidence (InSAR),0.1216
35196,Ground subsidence (InSAR),0.2631
35197,Ground subsidence (InSAR),0.1216
35198,Ground subsidence (InSAR),0.2631
35199,Ground subsidence (InSAR),0.5147
35200,Ground subsidence (InSAR),0.5147
35201,Ground subsidence (InSAR),0.3784
35202,Ground subsidence (InSAR),0.3784
35203,Ground subsidence (InSAR),0.2272
35206,Ground subsidence (InSAR),0.2272
35222,Ground subsidence (InSAR),0.046
35223,Ground subsidence (InSAR),0.046
35247,Ground subsidence (InSAR),0.5636
35250,Ground subsidence (InSAR),0.1511
35260,Ground subsidence (InSAR),0.1146
35261,Ground subsidence (InSAR),0.1793
35262,Ground subsidence (InSAR),0.1323
35263,Ground subsidence (InSAR),0.1323
35267,Ground subsidence (InSAR),0.266
35272,Ground subsidence (InSAR),0.266
35273,Ground subsidence (InSAR),0.0541
35279,Ground subsidence (InSAR),0.1798
35313,Ground subsidence (InSAR),0.2236
35330,Ground subsidence (InSAR),0.0943
35331,Ground subsidence (InSAR),0.0943
35349,Ground subsidence (InSAR),0.3678
35353,Ground subsidence (InSAR),0.3678
35360,Ground subsidence (InSAR),0.3678
35363,Ground subsidence (InSAR),0.3678
35365,Ground subsidence (InSAR),0.3678
35419,Ground subsidence (InSAR),0.4055
35420,Ground subsidence (InSAR),0.4055
35421,Ground subsidence (InSAR),0.4055
35422,Ground subsidence (InSAR),0.4055
35423,Ground subsidence (InSAR),0.4055
35424,Ground subsidence (InSAR),0.4055
35425,Ground subsidence (InSAR),0.4055
35450,Ground subsidence (InSAR),0.1159
35451,Ground subsidence (InSAR),0.1159
35459,Ground subsidence (InSAR),0.2076
35460,Ground subsidence (InSAR),0.2076
35461,Ground subsidence (InSAR),0.3198
35474,Ground subsidence (InSAR),0.2147
35475,Ground subsidence (InSAR),0.2147
35476,Ground subsidence (InSAR),0.1108
35492,Ground subsidence (InSAR),0.111
35493,Ground subsidence (InSAR),0.111
35590,Ground subsidence (InSAR),0.8374
35606,Ground subsidence (InSAR),0.3204
35612,Ground subsidence (InSAR),0.1186
35613,Ground subsidence (InSAR),0.3159
35615,Ground subsidence (InSAR),0.3159
35618,Ground subsidence (InSAR),0.3159
35619,Ground subsidence (InSAR),0.1536
35620,Ground subsidence (InSAR),0.1536
35621,Ground subsidence (InSAR),0.1186
35622,Ground subsidence (InSAR),0.1186
35623,Ground subsidence (InSAR),0.3159
35624,Ground subsidence (InSAR),0.3159
35625,Ground subsidence (InSAR),0.1672
35626,Ground subsidence (InSAR),0.1672
35627,Ground subsidence (InSAR),0.1672
35628,Ground subsidence (InSAR),0.1672
35629,Ground subsidence (InSAR),0.1013
35630,Ground subsidence (InSAR),0.1013
35642,Ground subsidence (InSAR),0.1536
35643,Ground subsidence (InSAR),0.1536
35644,Ground subsidence (InSAR),0.1013
35646,Ground subsidence (InSAR),0.1013
35686,Ground subsidence (InSAR),0.3708
35687,Ground subsidence (InSAR),0.3708
35712,Ground subsidence (InSAR),0.111
35717,Ground subsidence (InSAR),0.111
35764,Ground subsidence (InSAR),0.4641
35770,Ground subsidence (InSAR),0.4641
35771,Ground subsidence (InSAR),0.4641
35828,Ground subsidence (InSAR),0.5776
35829,Ground subsidence (InSAR),1.0
35843,Ground subsidence (InSAR),0.1662
35851,Ground subsidence (InSAR),0.1403
36003,Ground subsidence (InSAR),0.2688
36005,Ground subsidence (InSAR),0.2688
36006,Ground subsidence (InSAR),0.1534
36008,Ground subsidence (InSAR),0.5258
36009,Ground subsidence (InSAR),0.5258
36011,Ground subsidence (InSAR),0.5258
36012,Ground subsidence (InSAR),0.371
36013,Ground subsidence (InSAR),0.4563
36014,Ground subsidence (InSAR),0.4563
36062,Ground subsidence (InSAR),0.2393
36076,Ground subsidence (InSAR),0.2294
36077,Ground subsidence (InSAR),0.2294
36099,Ground subsidence (InSAR),0.1467
36135,Ground subsidence (InSAR),0.434
36149,Ground subsidence (InSAR),0.5551
36150,Ground subsidence (InSAR),0.8093
36151,Ground subsidence (InSAR),0.8093
36152,Ground subsidence (InSAR),0.8093
36189,Ground subsidence (InSAR),0.134
36204,Ground subsidence (InSAR),0.6738
36205,Ground subsidence (InSAR),0.6738
36206,Ground subsidence (InSAR),0.6738
36236,Ground subsidence (InSAR),0.1393
36253,Ground subsidence (InSAR),0.1029
36275,Ground subsidence (InSAR),0.1748
36304,Ground subsidence (InSAR),0.0919
36305,Ground subsidence (InSAR),0.0919
36328,Ground subsidence (InSAR),0.3259
36333,Ground subsidence (InSAR),0.1594
36354,Ground subsidence (InSAR),0.0261
36356,Ground subsidence (InSAR),0.1205
36410,Ground subsidence (InSAR),0.4522
36411,Ground subsidence (InSAR),0.4522
36438,Ground subsidence (InSAR),0.1288
36439,Ground subsidence (InSAR),0.1288
36440,Ground subsidence (InSAR),0.2462
36452,Ground subsidence (InSAR),0.3152
36474,Ground subsidence (InSAR),0.3443
36506,Ground subsidence (InSAR),0.2179
36529,Ground subsidence (InSAR),0.0484
36530,Ground subsidence (InSAR),0.1894
36531,Ground subsidence (InSAR),1.0
36534,Ground subsidence (InSAR),0.377
36535,Ground subsidence (InSAR),0.3275
36541,Ground subsidence (InSAR),0.4067
36542,Ground subsidence (InSAR),0.4067
36543,Ground subsidence (InSAR),0.4067
36544,Ground subsidence (InSAR),0.0899
36549,Ground subsidence (InSAR),0.0853
36550,Ground subsidence (InSAR),0.2839
36553,Ground subsidence (InSAR),0.3796
36635,Ground subsidence (InSAR),0.3702
36636,Ground subsidence (InSAR),0.1726
36639,Ground subsidence (InSAR),0.1617
36646,Ground subsidence (InSAR),0.1703
36647,Ground subsidence (InSAR),0.1703
36648,Ground subsidence (InSAR),0.1703
36674,Ground subsidence (InSAR),0.3443
36678,Ground subsidence (InSAR),1.0
36679,Ground subsidence (InSAR),1.0
36680,Ground subsidence (InSAR),1.0
36681,Ground subsidence (InSAR),1.0
36682,Ground subsidence (InSAR),1.0
36683,Ground subsidence (InSAR),0.9483
36684,Ground subsidence (InSAR),0.0698
36701,Ground subsidence (InSAR),0.1703
36705,Ground subsidence (InSAR),0.2734
36706,Ground subsidence (InSAR),0.2001
36707,Ground subsidence (InSAR),0.231
36721,Ground subsidence (InSAR),1.0
36725,Ground subsidence (InSAR),0.0192
36739,Ground subsidence (InSAR),0.3672
36740,Ground subsidence (InSAR),0.3672
36741,Ground subsidence (InSAR),0.2831
36747,Ground subsidence (InSAR),0.2818
36763,Ground subsidence (InSAR),0.1168
36764,Ground subsidence (InSAR),0.039
36773,Ground subsidence (InSAR),0.3308
36830,Ground subsidence (InSAR),0.225
36831,Ground subsidence (InSAR),0.225
36843,Ground subsidence (InSAR),0.7855
36844,Ground subsidence (InSAR),0.7855
36862,Ground subsidence (InSAR),0.0678
36865,Ground subsidence (InSAR),0.1529
36866,Ground subsidence (InSAR),0.0456
36867,Ground subsidence (InSAR),0.1547
36868,Ground subsidence (InSAR),0.1997
36870,Ground subsidence (InSAR),0.317
36871,Ground subsidence (InSAR),0.0978
36873,Ground subsidence (InSAR),0.5076
36874,Ground subsidence (InSAR),0.1175
36875,Ground subsidence (InSAR),0.5076
36876,Ground subsidence (InSAR),0.1656
36881,Ground subsidence (InSAR),1.0
36891,Ground subsidence (InSAR),0.2039
36934,Ground subsidence (InSAR),0.1958
36935,Ground subsidence (InSAR),0.1409
36965,Ground subsidence (InSAR),0.3068
36966,Ground subsidence (InSAR),0.3068
36967,Ground subsidence (InSAR),0.3068
36981,Ground subsidence (InSAR),0.0915
36982,Ground subsidence (InSAR),0.0915
36983,Ground subsidence (InSAR),0.2595
36996,Ground subsidence (InSAR),0.0915
37012,Ground subsidence (InSAR),0.7711
37115,Ground subsidence (InSAR),0.3443
37118,Ground subsidence (InSAR),0.7977
37119,Ground subsidence (InSAR),0.7977
37126,Ground subsidence (InSAR),0.045
37160,Ground subsidence (InSAR),0.2402
37174,Ground subsidence (InSAR),0.3278
37214,Ground subsidence (InSAR),0.0996
37330,Ground subsidence (InSAR),0.1173
37331,Ground subsidence (InSAR),0.1173
37351,Ground subsidence (InSAR),0.1785
37361,Ground subsidence (InSAR),0.105
37383,Ground subsidence (InSAR),0.6587
37384,Ground subsidence (InSAR),0.6587
37388,Ground subsidence (InSAR),0.1917
37400,Ground subsidence (InSAR),0.0591
37407,Ground subsidence (InSAR),0.3582
37412,Ground subsidence (InSAR),1.0
37418,Ground subsidence (InSAR),0.2132
37421,Ground subsidence (InSAR),0.1377
37431,Ground subsidence (InSAR),0.1103
37432,Ground subsidence (InSAR),0.1432
37433,Ground subsidence (InSAR),0.1943
37439,Ground subsidence (InSAR),0.1594
37440,Ground subsidence (InSAR),0.1781
37441,Ground subsidence (InSAR),0.0616
37459,Ground subsidence (InSAR),0.2763
37460,Ground subsidence (InSAR),0.1735
37461,Ground subsidence (InSAR),0.2028
37502,Ground subsidence (InSAR),0.6325
37512,Ground subsidence (InSAR),0.0942
37526,Ground subsidence (InSAR),0.2384
37530,Ground subsidence (InSAR),0.0457
37536,Ground subsidence (InSAR),0.6111
37544,Ground subsidence (InSAR),0.1824
37552,Ground subsidence (InSAR),0.1202
37553,Ground subsidence (InSAR),0.1202
37556,Ground subsidence (InSAR),0.6673
37557,Ground subsidence (InSAR),0.6673
37558,Ground subsidence (InSAR),0.6673
37559,Ground subsidence (InSAR),0.6673
37560,Ground subsidence (InSAR),0.6673
37561,Ground subsidence (InSAR),0.6673
37568,Ground subsidence (InSAR),0.3467
37578,Ground subsidence (InSAR),0.6673
37579,Ground subsidence (InSAR),0.6673
37580,Ground subsidence (InSAR),0.6673
37585,Ground subsidence (InSAR),0.1848
37586,Ground subsidence (InSAR),0.1173
37590,Ground subsidence (InSAR),0.3058
37591,Ground subsidence (InSAR),0.5719
37595,Ground subsidence (InSAR),0.1108
37607,Ground subsidence (InSAR),0.2763
37608,Ground subsidence (InSAR),0.4467
37615,Ground subsidence (InSAR),1.0
37637,Ground subsidence (InSAR),0.0785
37641,Ground subsidence (InSAR),0.1202
37680,Ground subsidence (InSAR),0.1642
37698,Ground subsidence (InSAR),0.2021
37699,Ground subsidence (InSAR),0.2021
37702,Ground subsidence (InSAR),0.4522
37709,Ground subsidence (InSAR),0.2331
37710,Ground subsidence (InSAR),0.3029
37716,Ground subsidence (InSAR),0.2067
37727,Ground subsidence (InSAR),0.05
37747,Ground subsidence (InSAR),1.0
37748,Ground subsidence (InSAR),1.0
37778,Ground subsidence (InSAR),0.0162
37780,Ground subsidence (InSAR),0.911
37790,Ground subsidence (InSAR),0.2904
37791,Ground subsidence (InSAR),0.642
37792,Ground subsidence (InSAR),0.4577
37796,Ground subsidence (InSAR),0.795
37800,Ground subsidence (InSAR),0.2268
37801,Ground subsidence (InSAR),0.2268
37804,Ground subsidence (InSAR),0.6007
37807,Ground subsidence (InSAR),0.0631
37819,Ground subsidence (InSAR),0.3361
37820,Ground subsidence (InSAR),0.3361
37836,Ground subsidence (InSAR),1.0
37843,Ground subsidence (InSAR),0.7667
37844,Ground subsidence (InSAR),0.0984
37897,Ground subsidence (InSAR),0.3279
37910,Ground subsidence (InSAR),1.0
37911,Ground subsidence (InSAR),1.0
37977,Ground subsidence (InSAR),0.071
37993,Ground subsidence (InSAR),0.3454
38012,Ground subsidence (InSAR),0.0542
38019,Ground subsidence (InSAR),1.0
38023,Ground subsidence (InSAR),0.436
38032,Ground subsidence (InSAR),0.4054
38033,Ground subsidence (InSAR),0.05
38041,Ground subsidence (InSAR),0.8736
38042,Ground subsidence (InSAR),0.8736
38053,Ground subsidence (InSAR),0.1329
38054,Ground subsidence (InSAR),0.2144
38082,Ground subsidence (InSAR),0.2554
38090,Ground subsidence (InSAR),0.4153
38140,Ground subsidence (InSAR),0.09
38141,Ground subsidence (InSAR),0.09
38142,Ground subsidence (InSAR),0.09
38160,Ground subsidence (InSAR),0.0192
38174,Ground subsidence (InSAR),1.0
38181,Ground subsidence (InSAR),0.1795
38193,Ground subsidence (InSAR),1.0
38196,Ground subsidence (InSAR),1.0
38237,Ground subsidence (InSAR),0.6347
38248,Ground subsidence (InSAR),0.4512
38266,Ground subsidence (InSAR),0.144
38267,Ground subsidence (InSAR),0.1931
38268,Ground subsidence (InSAR),0.2293
38283,Ground subsidence (InSAR),0.1158
38284,Ground subsidence (InSAR),0.0941
38290,Ground subsidence (InSAR),0.2268
38297,Ground subsidence (InSAR),0.1645
38303,Ground subsidence (InSAR),0.1587
38305,Ground subsidence (InSAR),0.1777
38307,Ground subsidence (InSAR),0.1971
38308,Ground subsidence (InSAR),0.0659
38309,Ground subsidence (InSAR),0.1077
38317,Ground subsidence (InSAR),0.2268
38328,Ground subsidence (InSAR),0.6264
38329,Ground subsidence (InSAR),0.6264
38335,Ground subsidence (InSAR),0.2546
38349,Ground subsidence (InSAR),0.1205
38350,Ground subsidence (InSAR),0.1205
38351,Ground subsidence (InSAR),0.2942
38352,Ground subsidence (InSAR),0.2451
38353,Ground subsidence (InSAR),0.1205
38354,Ground subsidence (InSAR),0.1205
38355,Ground subsidence (InSAR),0.1205
38356,Ground subsidence (InSAR),0.2942
38363,Ground subsidence (InSAR),0.1049
38371,Ground subsidence (InSAR),0.0641
38372,Ground subsidence (InSAR),0.0641
38376,Ground subsidence (InSAR),0.2055
38377,Ground subsidence (InSAR),0.2055
38387,Ground subsidence (InSAR),0.2222
38389,Ground subsidence (InSAR),0.085
38399,Ground subsidence (InSAR),0.2839
38400,Ground subsidence (InSAR),0.2839
38401,Ground subsidence (InSAR),0.227
38402,Ground subsidence (InSAR),0.1412
38403,Ground subsidence (InSAR),0.9428
38404,Ground subsidence (InSAR),0.9428
38407,Ground subsidence (InSAR),0.0699
38408,Ground subsidence (InSAR),0.2229
38414,Ground subsidence (InSAR),0.134
38415,Ground subsidence (InSAR),0.112
38416,Ground subsidence (InSAR),0.134
38417,Ground subsidence (InSAR),0.1511
38418,Ground subsidence (InSAR),0.1511
38419,Ground subsidence (InSAR),0.2363
38422,Ground subsidence (InSAR),0.2363
38448,Ground subsidence (InSAR),0.3083
38463,Ground subsidence (InSAR),0.3038
38464,Ground subsidence (InSAR),0.3038
38465,Ground subsidence (InSAR),0.3038
38466,Ground subsidence (InSAR),0.3038
38467,Ground subsidence (InSAR),0.5748
38478,Ground subsidence (InSAR),0.2283
38483,Ground subsidence (InSAR),0.0699
38485,Ground subsidence (InSAR),0.0699
38486,Ground subsidence (InSAR),0.0699
38487,Ground subsidence (InSAR),0.0699
38520,Ground subsidence (InSAR),0.2132
38524,Ground subsidence (InSAR),0.3395
38525,Ground subsidence (InSAR),0.3395
38560,Ground subsidence (InSAR),0.6307
38564,Ground subsidence (InSAR),0.6307
38566,Ground subsidence (InSAR),0.6307
38574,Ground subsidence (InSAR),0.3625
38575,Ground subsidence (InSAR),0.3625
38582,Ground subsidence (InSAR),0.1915
38584,Ground subsidence (InSAR),0.1915
38585,Ground subsidence (InSAR),0.1915
38599,Ground subsidence (InSAR),0.1061
38611,Ground subsidence (InSAR),0.7624
38612,Ground subsidence (InSAR),0.4068
38614,Ground subsidence (InSAR),0.7624
38617,Ground subsidence (InSAR),0.4068
38619,Ground subsidence (InSAR),0.2371
38636,Ground subsidence (InSAR),0.2234
38677,Ground subsidence (InSAR),0.3024
38680,Ground subsidence (InSAR),0.2233
38682,Ground subsidence (InSAR),0.1175
38683,Ground subsidence (InSAR),0.6764
38689,Ground subsidence (InSAR),0.6764
38690,Ground subsidence (InSAR),0.6764
38692,Ground subsidence (InSAR),0.225
38693,Ground subsidence (InSAR),0.8833
38695,Ground subsidence (InSAR),0.225
38698,Ground subsidence (InSAR),0.3024
38724,Ground subsidence (InSAR),0.0922
38725,Ground subsidence (InSAR),0.0922
38732,Ground subsidence (InSAR),0.0698
38733,Ground subsidence (InSAR),0.1594
38741,Ground subsidence (InSAR),0.4835
38743,Ground subsidence (InSAR),0.4882
38746,Ground subsidence (InSAR),0.4882
38749,Ground subsidence (InSAR),0.4882
38751,Ground subsidence (InSAR),0.7658
38752,Ground subsidence (InSAR),0.6577
38821,Ground subsidence (InSAR),0.9687
38825,Ground subsidence (InSAR),0.9687
38834,Ground subsidence (InSAR),0.9687
38851,Ground subsidence (InSAR),0.3625
38853,Ground subsidence (InSAR),0.6731
38854,Ground subsidence (InSAR),0.3625
38856,Ground subsidence (InSAR),0.2028
38858,Ground subsidence (InSAR),0.2543
38859,Ground subsidence (InSAR),0.0362
38863,Ground subsidence (InSAR),0.052
38990,Ground subsidence (InSAR),0.4327
38991,Ground subsidence (InSAR),0.4327
38998,Ground subsidence (InSAR),0.6506
39045,Ground subsidence (InSAR),0.3769
39052,Ground subsidence (InSAR),0.6731
39066,Ground subsidence (InSAR),0.2661
39082,Ground subsidence (InSAR),0.1344
39098,Ground subsidence (InSAR),0.2758
39118,Ground subsidence (InSAR),0.434
39139,Ground subsidence (InSAR),0.1699
39143,Ground subsidence (InSAR),0.3009
39148,Ground subsidence (InSAR),0.0982
39156,Ground subsidence (InSAR),0.1107
39158,Ground subsidence (InSAR),0.1149
39169,Ground subsidence (InSAR),0.2132
39185,Ground subsidence (InSAR),0.1134
39290,Ground subsidence (InSAR),0.036
39328,Ground subsidence (InSAR),0.6199
39333,Ground subsidence (InSAR),0.5223
39345,Ground subsidence (InSAR),0.0429
39399,Ground subsidence (InSAR),0.278
39401,Ground subsidence (InSAR),0.487
39408,Ground subsidence (InSAR),0.23
39409,Ground subsidence (InSAR),0.834
39415,Ground subsidence (InSAR),0.0202
39420,Ground subsidence (InSAR),0.1205
39440,Ground subsidence (InSAR),0.257
39448,Ground subsidence (InSAR),0.1589
39449,Ground subsidence (InSAR),0.1589
39475,Ground subsidence (InSAR),0.3503
39479,Ground subsidence (InSAR),0.5177
39480,Ground subsidence (InSAR),0.5177
39483,Ground subsidence (InSAR),1.0
39484,Ground subsidence (InSAR),1.0
39491,Ground subsidence (InSAR),0.2838
39492,Ground subsidence (InSAR),0.2838
39493,Ground subsidence (InSAR),0.1645
39513,Ground subsidence (InSAR),0.3396
39514,Ground subsidence (InSAR),0.7367
39515,Ground subsidence (InSAR),0.0877
39532,Ground subsidence (InSAR),0.2202
39533,Ground subsidence (InSAR),0.2202
39534,Ground subsidence (InSAR),0.2202
39535,Ground subsidence (InSAR),0.2202
39536,Ground subsidence (InSAR),0.2202
39537,Ground subsidence (InSAR),0.2202
39538,Ground subsidence (InSAR),0.2202
39539,Ground subsidence (InSAR),0.1401
39540,Ground subsidence (InSAR),0.1401
39541,Ground subsidence (InSAR),0.1401
39542,Ground subsidence (InSAR),0.2202
39543,Ground subsidence (InSAR),0.2202
39544,Ground subsidence (InSAR),0.2202
39545,Ground subsidence (InSAR),0.2202
39546,Ground subsidence (InSAR),0.2202
39547,Ground subsidence (InSAR),0.2202
39548,Ground subsidence (InSAR),0.2202
39554,Ground subsidence (InSAR),0.1594
39773,Ground subsidence (InSAR),0.2229
39790,Ground subsidence (InSAR),0.1403
39793,Ground subsidence (InSAR),0.1697
39794,Ground subsidence (InSAR),0.1697
39796,Ground subsidence (InSAR),0.1999
39811,Ground subsidence (InSAR),0.2002
39812,Ground subsidence (InSAR),0.2002
39813,Ground subsidence (InSAR),0.2052
39814,Ground subsidence (InSAR),0.2052
39826,Ground subsidence (InSAR),0.5937
39827,Ground subsidence (InSAR),0.5937
39831,Ground subsidence (InSAR),1.0
39832,Ground subsidence (InSAR),1.0
39837,Ground subsidence (InSAR),0.2661
39840,Ground subsidence (InSAR),0.2121
39841,Ground subsidence (InSAR),0.2121
39842,Ground subsidence (InSAR),0.2121
39848,Ground subsidence (InSAR),0.4117
39850,Ground subsidence (InSAR),1.0
39853,Ground subsidence (InSAR),0.0922
39859,Ground subsidence (InSAR),0.2404
39861,Ground subsidence (InSAR),0.3612
39873,Ground subsidence (InSAR),0.4279
39877,Ground subsidence (InSAR),0.8002
39879,Ground subsidence (InSAR),0.0853
39886,Ground subsidence (InSAR),0.4691
39919,Ground subsidence (InSAR),0.2535
39920,Ground subsidence (InSAR),0.2726
39921,Ground subsidence (InSAR),0.2018
39926,Ground subsidence (InSAR),0.9611
39940,Ground subsidence (InSAR),0.2662
39957,Ground subsidence (InSAR),0.0807
39962,Ground subsidence (InSAR),0.0865
39963,Ground subsidence (InSAR),0.0865
39964,Ground subsidence (InSAR),0.0865
39965,Ground subsidence (InSAR),0.0865
39967,Ground subsidence (InSAR),0.2018
39969,Ground subsidence (InSAR),0.1296
39970,Ground subsidence (InSAR),0.1629
39979,Ground subsidence (InSAR),0.1342
39982,Ground subsidence (InSAR),0.1777
39983,Ground subsidence (InSAR),0.1777
39984,Ground subsidence (InSAR),0.1777
39985,Ground subsidence (InSAR),0.1777
39990,Ground subsidence (InSAR),0.0996
39991,Ground subsidence (InSAR),0.0996
39992,Ground subsidence (InSAR),0.0996
39993,Ground subsidence (InSAR),0.0996
40000,Ground subsidence (InSAR),0.2042
40005,Ground subsidence (InSAR),0.2294
40007,Ground subsidence (InSAR),0.3211
40010,Ground subsidence (InSAR),0.2259
40013,Ground subsidence (InSAR),0.2282
40014,Ground subsidence (InSAR),0.0721
40015,Ground subsidence (InSAR),0.0922
40016,Ground subsidence (InSAR),0.2392
40017,Ground subsidence (InSAR),0.3395
40018,Ground subsidence (InSAR),0.0977
40019,Ground subsidence (InSAR),0.1114
40020,Ground subsidence (InSAR),0.3395
40021,Ground subsidence (InSAR),0.0977
40022,Ground subsidence (InSAR),0.3308
40023,Ground subsidence (InSAR),0.046
40026,Ground subsidence (InSAR),0.0969
40029,Ground subsidence (InSAR),0.0216
40041,Ground subsidence (InSAR),0.4352
40049,Ground subsidence (InSAR),0.05
40051,Ground subsidence (InSAR),0.05
40052,Ground subsidence (InSAR),0.05
40053,Ground subsidence (InSAR),0.1695
40057,Ground subsidence (InSAR),0.1695
40058,Ground subsidence (InSAR),0.0631
40061,Ground subsidence (InSAR),0.174
40065,Ground subsidence (InSAR),0.144
40075,Ground subsidence (InSAR),0.8143
40082,Ground subsidence (InSAR),0.4588
40084,Ground subsidence (InSAR),1.0
40085,Ground subsidence (InSAR),0.2076
40086,Ground subsidence (InSAR),0.227
40087,Ground subsidence (InSAR),0.0601
40089,Ground subsidence (InSAR),0.1402
40095,Ground subsidence (InSAR),0.6091
40096,Ground subsidence (InSAR),0.3799
40103,Ground subsidence (InSAR),0.396
40114,Ground subsidence (InSAR),0.1582
40153,Ground subsidence (InSAR),0.0589
40154,Ground subsidence (InSAR),0.1197
40155,Ground subsidence (InSAR),0.1197
40156,Ground subsidence (InSAR),0.1197
40157,Ground subsidence (InSAR),0.0926
40158,Ground subsidence (InSAR),0.0926
40159,Ground subsidence (InSAR),0.0926
40160,Ground subsidence (InSAR),0.0589
40161,Ground subsidence (InSAR),0.2064
40166,Ground subsidence (InSAR),0.0923
40167,Ground subsidence (InSAR),0.2304
40168,Ground subsidence (InSAR),0.3702
40169,Ground subsidence (InSAR),0.3847
40172,Ground subsidence (InSAR),0.107
40173,Ground subsidence (InSAR),0.4646
40185,Ground subsidence (InSAR),0.2293
40186,Ground subsidence (InSAR),0.2293
40204,Ground subsidence (InSAR),0.7505
40205,Ground subsidence (InSAR),0.7505
40206,Ground subsidence (InSAR),0.2684
40208,Ground subsidence (InSAR),0.0541
40209,Ground subsidence (InSAR),0.1671
40210,Ground subsidence (InSAR),0.0541
40211,Ground subsidence (InSAR),0.0541
40213,Ground subsidence (InSAR),0.3541
40214,Ground subsidence (InSAR),0.3541
40216,Ground subsidence (InSAR),0.3541
40219,Ground subsidence (InSAR),0.4075
40220,Ground subsidence (InSAR),0.4075
40221,Ground subsidence (InSAR),0.4075
40226,Ground subsidence (InSAR),0.5542
40326,Ground subsidence (InSAR),0.1108
40327,Ground subsidence (InSAR),0.3311
40331,Ground subsidence (InSAR),0.1757
40337,Ground subsidence (InSAR),0.1801
40339,Ground subsidence (InSAR),0.3672
40341,Ground subsidence (InSAR),0.3395
40342,Ground subsidence (InSAR),0.1999
40343,Ground subsidence (InSAR),0.1999
40344,Ground subsidence (InSAR),0.1402
40345,Ground subsidence (InSAR),0.1402
40346,Ground subsidence (InSAR),0.0915
40347,Ground subsidence (InSAR),0.1265
40361,Ground subsidence (InSAR),0.2705
40362,Ground subsidence (InSAR),0.4714
40363,Ground subsidence (InSAR),1.0
40365,Ground subsidence (InSAR),0.4053
40371,Ground subsidence (InSAR),0.0816
40383,Ground subsidence (InSAR),0.133
40391,Ground subsidence (InSAR),1.0
40395,Ground subsidence (InSAR),0.1824
40396,Ground subsidence (InSAR),0.3025
40400,Ground subsidence (InSAR),0.2336
40401,Ground subsidence (InSAR),0.3503
40403,Ground subsidence (InSAR),0.3503
40404,Ground subsidence (InSAR),0.3503
40410,Ground subsidence (InSAR),0.1951
40440,Ground subsidence (InSAR),0.214
40442,Ground subsidence (InSAR),0.2896
40456,Ground subsidence (InSAR),0.3317
40472,Ground subsidence (InSAR),1.0
40474,Ground subsidence (InSAR),0.8833
40500,Ground subsidence (InSAR),0.5479
40519,Ground subsidence (InSAR),0.4357
40524,Ground subsidence (InSAR),0.4926
40525,Ground subsidence (InSAR),0.4926
40553,Ground subsidence (InSAR),0.0982
40555,Ground subsidence (InSAR),0.4357
40559,Ground subsidence (InSAR),0.1063
40587,Ground subsidence (InSAR),0.7735
40588,Ground subsidence (InSAR),0.7735
40605,Ground subsidence (InSAR),0.3799
40606,Ground subsidence (InSAR),0.3799
40608,Ground subsidence (InSAR),0.8097
40611,Ground subsidence (InSAR),0.2538
40614,Ground subsidence (InSAR),0.1339
40622,Ground subsidence (InSAR),0.3308
40639,Ground subsidence (InSAR),0.777
40646,Ground subsidence (InSAR),0.248
40647,Ground subsidence (InSAR),0.8288
40648,Ground subsidence (InSAR),0.8288
40649,Ground subsidence (InSAR),1.0
40665,Ground subsidence (InSAR),0.1034
40672,Ground subsidence (InSAR),0.3661
40801,Ground subsidence (InSAR),0.1587
40825,Ground subsidence (InSAR),0.3152
40826,Ground subsidence (InSAR),0.2586
40828,Ground subsidence (InSAR),0.1344
40829,Ground subsidence (InSAR),0.2141
40932,Ground subsidence (InSAR),0.3389
40933,Ground subsidence (InSAR),0.3813
40935,Ground subsidence (InSAR),0.4533
41015,Ground subsidence (InSAR),0.8294
41033,Ground subsidence (InSAR),0.3473
41036,Ground subsidence (InSAR),0.3009
41051,Ground subsidence (InSAR),0.3798
41052,Ground subsidence (InSAR),0.4533
41058,Ground subsidence (InSAR),0.317
41063,Ground subsidence (InSAR),0.3098
41076,Ground subsidence (InSAR),0.436
41083,Ground subsidence (InSAR),0.1108
41084,Ground subsidence (InSAR),0.1265
41104,Ground subsidence (InSAR),0.5964
41109,Ground subsidence (InSAR),0.2714
41115,Ground subsidence (InSAR),0.3938
41122,Ground subsidence (InSAR),0.2121
41198,Ground subsidence (InSAR),0.0922
41199,Ground subsidence (InSAR),0.0922
41202,Ground subsidence (InSAR),0.1047
41206,Ground subsidence (InSAR),0.2149
41208,Ground subsidence (InSAR),0.2896
41209,Ground subsidence (InSAR),0.2896
41211,Ground subsidence (InSAR),0.6347
41215,Ground subsidence (InSAR),0.6347
41219,Ground subsidence (InSAR),0.0984
41224,Ground subsidence (InSAR),0.2444
41226,Ground subsidence (InSAR),0.1153
41235,Ground subsidence (InSAR),0.0699
41246,Ground subsidence (InSAR),0.214
41249,Ground subsidence (InSAR),0.3985
41250,Ground subsidence (InSAR),0.3985
41251,Ground subsidence (InSAR),0.3985
41254,Ground subsidence (InSAR),0.3013
41256,Ground subsidence (InSAR),0.1585
41365,Ground subsidence (InSAR),0.2432
41399,Ground subsidence (InSAR),0.2202
41400,Ground subsidence (InSAR),0.2202
41401,Ground subsidence (InSAR),0.2202
41402,Ground subsidence (InSAR),0.2202
41403,Ground subsidence (InSAR),0.2202
41404,Ground subsidence (InSAR),0.2202
41405,Ground subsidence (InSAR),0.2202
41406,Ground subsidence (InSAR),0.1401
41407,Ground subsidence (InSAR),0.1401
41408,Ground subsidence (InSAR),0.2202
41409,Ground subsidence (InSAR),0.2202
41410,Ground subsidence (InSAR),0.2202
41411,Ground subsidence (InSAR),0.2202
41412,Ground subsidence (InSAR),0.2202
41413,Ground subsidence (InSAR),0.2202
41414,Ground subsidence (InSAR),0.2202
41415,Ground subsidence (InSAR),0.2202
41443,Ground subsidence (InSAR),0.2904
41444,Ground subsidence (InSAR),0.2313
41446,Ground subsidence (InSAR),0.1764
41476,Ground subsidence (InSAR),0.18
41477,Ground subsidence (InSAR),0.18
41478,Ground subsidence (InSAR),0.18
41482,Ground subsidence (InSAR),0.1377
41483,Ground subsidence (InSAR),0.1748
41484,Ground subsidence (InSAR),0.1748
41491,Ground subsidence (InSAR),0.1645
41492,Ground subsidence (InSAR),0.4488
41496,Ground subsidence (InSAR),0.021
41497,Ground subsidence (InSAR),0.1667
41498,Ground subsidence (InSAR),0.4758
41502,Ground subsidence (InSAR),0.3687
41503,Ground subsidence (InSAR),0.6347
41504,Ground subsidence (InSAR),0.093
41509,Ground subsidence (InSAR),0.1777
41511,Ground subsidence (InSAR),0.1554
41515,Ground subsidence (InSAR),0.0429
41516,Ground subsidence (InSAR),0.6347
41517,Ground subsidence (InSAR),0.1645
41518,Ground subsidence (InSAR),0.1952
41525,Ground subsidence (InSAR),0.112
41527,Ground subsidence (InSAR),0.0984
41568,Ground subsidence (InSAR),0.5768
41580,Ground subsidence (InSAR),0.1602
41962,Ground subsidence (InSAR),0.2042
41963,Ground subsidence (InSAR),0.2042
41978,Ground subsidence (InSAR),0.0457
41979,Ground subsidence (InSAR),0.0457
41980,Ground subsidence (InSAR),0.5654
41981,Ground subsidence (InSAR),0.0457
41987,Ground subsidence (InSAR),0.2268
41990,Ground subsidence (InSAR),0.0925
42011,Ground subsidence (InSAR),0.8147
42013,Ground subsidence (InSAR),0.2897
42014,Ground subsidence (InSAR),0.2348
42024,Ground subsidence (InSAR),1.0
42027,Ground subsidence (InSAR),1.0
42052,Ground subsidence (InSAR),0.0744
42069,Ground subsidence (InSAR),0.0744
42071,Ground subsidence (InSAR),0.4201
42091,Ground subsidence (InSAR),0.3436
42097,Ground subsidence (InSAR),0.2737
42238,Ground subsidence (InSAR),0.1428
42286,Ground subsidence (InSAR),0.1077
42287,Ground subsidence (InSAR),0.5121
42288,Ground subsidence (InSAR),0.0809
42289,Ground subsidence (InSAR),0.0809
42290,Ground subsidence (InSAR),0.401
42291,Ground subsidence (InSAR),0.401
42323,Ground subsidence (InSAR),0.2924
42324,Ground subsidence (InSAR),0.1757
42326,Ground subsidence (InSAR),0.3652
42327,Ground subsidence (InSAR),0.3652
42328,Ground subsidence (InSAR),0.8774
42335,Ground subsidence (InSAR),0.2466
42338,Ground subsidence (InSAR),0.2466
42339,Ground subsidence (InSAR),0.2466
42349,Ground subsidence (InSAR),0.1757
42370,Ground subsidence (InSAR),0.1843
42377,Ground subsidence (InSAR),0.5567
42381,Ground subsidence (InSAR),0.3808
42383,Ground subsidence (InSAR),0.0447
42384,Ground subsidence (InSAR),0.1225
42398,Ground subsidence (InSAR),0.3079
42420,Ground subsidence (InSAR),0.1264
42435,Ground subsidence (InSAR),0.1152
42608,Ground subsidence (InSAR),0.6664
42624,Ground subsidence (InSAR),0.3565
42699,Ground subsidence (InSAR),0.1741
42713,Ground subsidence (InSAR),0.112
42751,Ground subsidence (InSAR),0.1757
42771,Ground subsidence (InSAR),0.0408
42780,Ground subsidence (InSAR),0.1265
42799,Ground subsidence (InSAR),0.0497
42810,Ground subsidence (InSAR),0.2234
42811,Ground subsidence (InSAR),0.1594
42812,Ground subsidence (InSAR),0.3718
42862,Ground subsidence (InSAR),0.2159
42863,Ground subsidence (InSAR),0.2159
42864,Ground subsidence (InSAR),0.2159
42865,Ground subsidence (InSAR),0.2159
42866,Ground subsidence (InSAR),0.3405
42867,Ground subsidence (InSAR),0.3405
42868,Ground subsidence (InSAR),0.3405
42869,Ground subsidence (InSAR),0.3405
42870,Ground subsidence (InSAR),0.3405
42871,Ground subsidence (InSAR),0.3405
42872,Ground subsidence (InSAR),0.3405
42873,Ground subsidence (InSAR),0.2159
42874,Ground subsidence (InSAR),0.7177
42875,Ground subsidence (InSAR),0.7177
42905,Ground subsidence (InSAR),0.4323
42906,Ground subsidence (InSAR),0.1629
42907,Ground subsidence (InSAR),0.1629
42910,Ground subsidence (InSAR),0.1735
42927,Ground subsidence (InSAR),0.6658
42930,Ground subsidence (InSAR),0.1697
42931,Ground subsidence (InSAR),0.1697
42939,Ground subsidence (InSAR),0.4734
42940,Ground subsidence (InSAR),0.4734
42943,Ground subsidence (InSAR),0.2839
42970,Ground subsidence (InSAR),0.0622
42976,Ground subsidence (InSAR),0.2541
42999,Ground subsidence (InSAR),0.1168
43000,Ground subsidence (InSAR),0.1168
43007,Ground subsidence (InSAR),0.1122
43008,Ground subsidence (InSAR),0.2736
43010,Ground subsidence (InSAR),0.4075
43011,Ground subsidence (InSAR),0.4075
43017,Ground subsidence (InSAR),0.2714
43019,Ground subsidence (InSAR),0.1971
43020,Ground subsidence (InSAR),0.1971
43021,Ground subsidence (InSAR),0.3844
43022,Ground subsidence (InSAR),0.3844
43024,Ground subsidence (InSAR),0.3844
43025,Ground subsidence (InSAR),0.3844
43027,Ground subsidence (InSAR),0.2535
43030,Ground subsidence (InSAR),0.4825
43031,Ground subsidence (InSAR),0.4825
43080,Ground subsidence (InSAR),0.3203
43081,Ground subsidence (InSAR),0.3203
43082,Ground subsidence (InSAR),0.3203
43083,Ground subsidence (InSAR),0.1725
43084,Ground subsidence (InSAR),0.4706
43085,Ground subsidence (InSAR),0.4706
43086,Ground subsidence (InSAR),0.4706
43087,Ground subsidence (InSAR),0.0932
43088,Ground subsidence (InSAR),0.1315
43096,Ground subsidence (InSAR),0.0749
43097,Ground subsidence (InSAR),0.0749
43101,Ground subsidence (InSAR),0.6789
43112,Ground subsidence (InSAR),0.18
43113,Ground subsidence (InSAR),0.6769
43118,Ground subsidence (InSAR),0.2758
43136,Ground subsidence (InSAR),0.3531
43153,Ground subsidence (InSAR),0.1486
43154,Ground subsidence (InSAR),0.1486
43160,Ground subsidence (InSAR),0.231
43161,Ground subsidence (InSAR),0.231
43345,Ground subsidence (InSAR),0.2282
43346,Ground subsidence (InSAR),0.2282
43363,Ground subsidence (InSAR),0.6378
43365,Ground subsidence (InSAR),0.6378
43366,Ground subsidence (InSAR),0.6378
43717,Ground subsidence (InSAR),0.3482
43719,Ground subsidence (InSAR),0.3482
43725,Ground subsidence (InSAR),0.1843
43726,Ground subsidence (InSAR),0.2039
43739,Ground subsidence (InSAR),0.9281
43740,Ground subsidence (InSAR),0.9281
43741,Ground subsidence (InSAR),0.9281
43754,Ground subsidence (InSAR),0.5825
43755,Ground subsidence (InSAR),0.4947
43802,Ground subsidence (InSAR),0.5484
43803,Ground subsidence (InSAR),0.5484
43807,Ground subsidence (InSAR),0.5326
43811,Ground subsidence (InSAR),0.1038
43812,Ground subsidence (InSAR),0.1695
43852,Ground subsidence (InSAR),0.355
43866,Ground subsidence (InSAR),0.4119
43883,Ground subsidence (InSAR),0.0651
43884,Ground subsidence (InSAR),0.0651
43885,Ground subsidence (InSAR),0.1105
43888,Ground subsidence (InSAR),0.2294
43889,Ground subsidence (InSAR),0.2294
43891,Ground subsidence (InSAR),0.3278
43911,Ground subsidence (InSAR),0.1793
43936,Ground subsidence (InSAR),0.9225
43938,Ground subsidence (InSAR),0.1094
43939,Ground subsidence (InSAR),0.1094
43949,Ground subsidence (InSAR),0.4522
43950,Ground subsidence (InSAR),0.1999
43953,Ground subsidence (InSAR),0.1202
43975,Ground subsidence (InSAR),0.1329
43976,Ground subsidence (InSAR),0.1329
43977,Ground subsidence (InSAR),0.1329
43978,Ground subsidence (InSAR),0.1329
43979,Ground subsidence (InSAR),0.1329
43980,Ground subsidence (InSAR),0.1329
43981,Ground subsidence (InSAR),0.1329
43982,Ground subsidence (InSAR),0.1329
43983,Ground subsidence (InSAR),0.1329
43984,Ground subsidence (InSAR),0.1329
43990,Ground subsidence (InSAR),0.1344
44349,Ground subsidence (InSAR),0.2583
44351,Ground subsidence (InSAR),0.2583
44352,Ground subsidence (InSAR),0.3206
44353,Ground subsidence (InSAR),0.2583
44372,Ground subsidence (InSAR),0.6264
44377,Ground subsidence (InSAR),0.4323
44380,Ground subsidence (InSAR),0.2047
44383,Ground subsidence (InSAR),0.1676
44384,Ground subsidence (InSAR),0.1676
44401,Ground subsidence (InSAR),0.1692
44406,Ground subsidence (InSAR),0.2457
44409,Ground subsidence (InSAR),0.0289
44416,Ground subsidence (InSAR),0.1339
44417,Ground subsidence (InSAR),0.1339
44457,Ground subsidence (InSAR),0.8736
44458,Ground subsidence (InSAR),0.8736
44466,Ground subsidence (InSAR),0.2038
44467,Ground subsidence (InSAR),0.2038
44468,Ground subsidence (InSAR),1.0
44469,Ground subsidence (InSAR),1.0
44470,Ground subsidence (InSAR),1.0
44471,Ground subsidence (InSAR),1.0
44472,Ground subsidence (InSAR),1.0
44473,Ground subsidence (InSAR),0.9615
44474,Ground subsidence (InSAR),0.9615
44500,Ground subsidence (InSAR),0.2141
44503,Ground subsidence (InSAR),0.1228
44504,Ground subsidence (InSAR),0.1228
44507,Ground subsidence (InSAR),0.2583
44523,Ground subsidence (InSAR),0.2348
44550,Ground subsidence (InSAR),0.4435
44551,Ground subsidence (InSAR),0.4435
44552,Ground subsidence (InSAR),0.255
44553,Ground subsidence (InSAR),0.255
44571,Ground subsidence (InSAR),0.937
44572,Ground subsidence (InSAR),0.937
44575,Ground subsidence (InSAR),0.244
44576,Ground subsidence (InSAR),0.244
44581,Ground subsidence (InSAR),0.3424
44582,Ground subsidence (InSAR),0.3424
44601,Ground subsidence (InSAR),0.0732
44602,Ground subsidence (InSAR),0.1343
44603,Ground subsidence (InSAR),0.1343
44604,Ground subsidence (InSAR),0.3035
44605,Ground subsidence (InSAR),0.3035
44606,Ground subsidence (InSAR),0.3035
44607,Ground subsidence (InSAR),0.3035
44608,Ground subsidence (InSAR),0.3035
44609,Ground subsidence (InSAR),0.1845
44610,Ground subsidence (InSAR),0.1845
44611,Ground subsidence (InSAR),0.1845
44612,Ground subsidence (InSAR),0.1845
44613,Ground subsidence (InSAR),0.1845
44614,Ground subsidence (InSAR),0.0732
44615,Ground subsidence (InSAR),0.0732
44616,Ground subsidence (InSAR),0.0732
44619,Ground subsidence (InSAR),0.3097
44620,Ground subsidence (InSAR),0.3097
44624,Ground subsidence (InSAR),0.0686
44630,Ground subsidence (InSAR),0.4966
44634,Ground subsidence (InSAR),0.3311
44635,Ground subsidence (InSAR),0.3311
44638,Ground subsidence (InSAR),0.2484
44693,Ground subsidence (InSAR),0.1918
44694,Ground subsidence (InSAR),0.1918
44697,Ground subsidence (InSAR),0.2259
44698,Ground subsidence (InSAR),0.2039
44699,Ground subsidence (InSAR),0.2039
44700,Ground subsidence (InSAR),0.2331
44702,Ground subsidence (InSAR),0.2331
44703,Ground subsidence (InSAR),0.2331
44704,Ground subsidence (InSAR),0.2404
44705,Ground subsidence (InSAR),0.2404
44713,Ground subsidence (InSAR),0.3079
44714,Ground subsidence (InSAR),0.1072
44760,Ground subsidence (InSAR),1.0
44761,Ground subsidence (InSAR),1.0
44762,Ground subsidence (InSAR),0.1537
44774,Ground subsidence (InSAR),0.3214
44775,Ground subsidence (InSAR),0.0853
44784,Ground subsidence (InSAR),0.545
44794,Ground subsidence (InSAR),0.2583
44797,Ground subsidence (InSAR),1.0
44878,Ground subsidence (InSAR),0.7674
44879,Ground subsidence (InSAR),0.7674
44880,Ground subsidence (InSAR),0.797
44891,Ground subsidence (InSAR),0.112
44917,Ground subsidence (InSAR),0.2042
44935,Ground subsidence (InSAR),0.0216
44936,Ground subsidence (InSAR),0.5243
44939,Ground subsidence (InSAR),0.0915
44942,Ground subsidence (InSAR),0.1619
44943,Ground subsidence (InSAR),0.1747
44944,Ground subsidence (InSAR),0.1747
44945,Ground subsidence (InSAR),0.1141
44946,Ground subsidence (InSAR),0.1141
44947,Ground subsidence (InSAR),0.1141
44948,Ground subsidence (InSAR),0.1141
44949,Ground subsidence (InSAR),0.2583
44950,Ground subsidence (InSAR),0.3512
44951,Ground subsidence (InSAR),0.3512
44952,Ground subsidence (InSAR),0.4386
44953,Ground subsidence (InSAR),0.2959
44987,Ground subsidence (InSAR),0.2057
44988,Ground subsidence (InSAR),0.2057
45048,Ground subsidence (InSAR),0.2798
45059,Ground subsidence (InSAR),0.1077
45060,Ground subsidence (InSAR),0.5116
45093,Ground subsidence (InSAR),0.2179
45094,Ground subsidence (InSAR),0.2179
45105,Ground subsidence (InSAR),0.5035
45106,Ground subsidence (InSAR),0.5035
45114,Ground subsidence (InSAR),0.3477
45117,Ground subsidence (InSAR),0.3477
45118,Ground subsidence (InSAR),0.3477
45119,Ground subsidence (InSAR),0.1735
45124,Ground subsidence (InSAR),0.2139
45125,Ground subsidence (InSAR),0.1843
45126,Ground subsidence (InSAR),0.0638
45127,Ground subsidence (InSAR),0.214
45143,Ground subsidence (InSAR),0.4239
45144,Ground subsidence (InSAR),0.4239
45172,Ground subsidence (InSAR),0.2051
45173,Ground subsidence (InSAR),0.2051
45174,Ground subsidence (InSAR),0.1709
45175,Ground subsidence (InSAR),0.1709
45176,Ground subsidence (InSAR),0.071
45177,Ground subsidence (InSAR),0.071
45185,Ground subsidence (InSAR),0.0853
45186,Ground subsidence (InSAR),0.2069
45192,Ground subsidence (InSAR),0.0327
45250,Ground subsidence (InSAR),0.3594
45253,Ground subsidence (InSAR),0.3278
45254,Ground subsidence (InSAR),0.3278
45255,Ground subsidence (InSAR),0.0878
45262,Ground subsidence (InSAR),0.1837
45263,Ground subsidence (InSAR),0.1039
45292,Ground subsidence (InSAR),0.287
45314,Ground subsidence (InSAR),0.0601
45413,Ground subsidence (InSAR),0.1029
45414,Ground subsidence (InSAR),0.1472
45415,Ground subsidence (InSAR),0.0922
45428,Ground subsidence (InSAR),0.4431
45429,Ground subsidence (InSAR),0.4431
45434,Ground subsidence (InSAR),0.1736
45455,Ground subsidence (InSAR),0.1163
45456,Ground subsidence (InSAR),0.1163
45495,Ground subsidence (InSAR),0.5836
45496,Ground subsidence (InSAR),0.5836
45533,Ground subsidence (InSAR),0.156
45534,Ground subsidence (InSAR),0.3286
45540,Ground subsidence (InSAR),0.3443
45541,Ground subsidence (InSAR),0.3443
45721,Ground subsidence (InSAR),0.225
45724,Ground subsidence (InSAR),0.0921
45801,Ground subsidence (InSAR),0.3359
45802,Ground subsidence (InSAR),0.3359
45808,Ground subsidence (InSAR),1.0
45822,Ground subsidence (InSAR),0.2705
45824,Ground subsidence (InSAR),0.1318
45829,Ground subsidence (InSAR),1.0
45976,Ground subsidence (InSAR),0.0849
45977,Ground subsidence (InSAR),0.0849
45978,Ground subsidence (InSAR),0.0849
45980,Ground subsidence (InSAR),0.115
45981,Ground subsidence (InSAR),0.115
45982,Ground subsidence (InSAR),0.0589
45983,Ground subsidence (InSAR),0.0589
46004,Ground subsidence (InSAR),0.1928
46009,Ground subsidence (InSAR),0.2753
46068,Ground subsidence (InSAR),0.1928
46085,Ground subsidence (InSAR),1.0
46090,Ground subsidence (InSAR),0.4611
46091,Ground subsidence (InSAR),0.4611
46092,Ground subsidence (InSAR),0.5378
46093,Ground subsidence (InSAR),0.5378
46094,Ground subsidence (InSAR),0.0921
46095,Ground subsidence (InSAR),0.0921
46101,Ground subsidence (InSAR),0.2644
46102,Ground subsidence (InSAR),0.2644
46105,Ground subsidence (InSAR),0.2644
46106,Ground subsidence (InSAR),0.3013
46107,Ground subsidence (InSAR),0.3013
46111,Ground subsidence (InSAR),1.0
46130,Ground subsidence (InSAR),0.1469
46131,Ground subsidence (InSAR),0.1469
46144,Ground subsidence (InSAR),1.0
46161,Ground subsidence (InSAR),0.1409
46162,Ground subsidence (InSAR),0.8288
46163,Ground subsidence (InSAR),0.1432
46164,Ground subsidence (InSAR),0.3115
46165,Ground subsidence (InSAR),0.1578
46166,Ground subsidence (InSAR),0.1432
46168,Ground subsidence (InSAR),0.3669
46176,Ground subsidence (InSAR),0.1619
46182,Ground subsidence (InSAR),1.0
46185,Ground subsidence (InSAR),0.4085
46186,Ground subsidence (InSAR),0.937
46217,Ground subsidence (InSAR),0.1432
46218,Ground subsidence (InSAR),0.3115
46220,Ground subsidence (InSAR),0.1107
46221,Ground subsidence (InSAR),0.1107
46224,Ground subsidence (InSAR),0.0607
46230,Ground subsidence (InSAR),0.0607
46242,Ground subsidence (InSAR),0.2773
46243,Ground subsidence (InSAR),0.3115
46244,Ground subsidence (InSAR),0.2773
46245,Ground subsidence (InSAR),0.3187
46246,Ground subsidence (InSAR),0.2773
46247,Ground subsidence (InSAR),0.2773
46248,Ground subsidence (InSAR),0.2773
46249,Ground subsidence (InSAR),0.3187
46250,Ground subsidence (InSAR),0.2773
46252,Ground subsidence (InSAR),0.3443
46253,Ground subsidence (InSAR),0.3443
46255,Ground subsidence (InSAR),0.0785
46283,Ground subsidence (InSAR),1.0
46284,Ground subsidence (InSAR),1.0
46288,Ground subsidence (InSAR),0.3541
46293,Ground subsidence (InSAR),0.2073
46304,Ground subsidence (InSAR),0.2828
46305,Ground subsidence (InSAR),0.2828
46306,Ground subsidence (InSAR),1.0
46307,Ground subsidence (InSAR),1.0
46324,Ground subsidence (InSAR),0.225
46325,Ground subsidence (InSAR),0.225
46384,Ground subsidence (InSAR),1.0
46385,Ground subsidence (InSAR),1.0
46406,Ground subsidence (InSAR),0.2519
46407,Ground subsidence (InSAR),0.2519
46409,Ground subsidence (InSAR),1.0
46410,Ground subsidence (InSAR),1.0
46425,Ground subsidence (InSAR),0.2363
46426,Ground subsidence (InSAR),0.2363
46427,Ground subsidence (InSAR),0.2363
46428,Ground subsidence (InSAR),0.0541
46429,Ground subsidence (InSAR),0.0541
46435,Ground subsidence (InSAR),0.1486
46445,Ground subsidence (InSAR),0.5909
46446,Ground subsidence (InSAR),0.5909
46447,Ground subsidence (InSAR),0.1259
46448,Ground subsidence (InSAR),0.1259
46449,Ground subsidence (InSAR),0.1472
46450,Ground subsidence (InSAR),0.1472
46478,Ground subsidence (InSAR),0.396
46481,Ground subsidence (InSAR),0.1511
46483,Ground subsidence (InSAR),0.3136
46484,Ground subsidence (InSAR),0.3136
46519,Ground subsidence (InSAR),0.1265
46522,Ground subsidence (InSAR),0.294
46540,Ground subsidence (InSAR),0.0918
46541,Ground subsidence (InSAR),0.0918
46544,Ground subsidence (InSAR),0.0744
46545,Ground subsidence (InSAR),0.0986
46546,Ground subsidence (InSAR),0.0986
46556,Ground subsidence (InSAR),0.8866
46560,Ground subsidence (InSAR),0.8866
46677,Ground subsidence (InSAR),0.23
46678,Ground subsidence (InSAR),0.23
46679,Ground subsidence (InSAR),0.1587
46685,Ground subsidence (InSAR),0.287
46688,Ground subsidence (InSAR),0.1007
46696,Ground subsidence (InSAR),0.2828
46702,Ground subsidence (InSAR),1.0
46705,Ground subsidence (InSAR),0.6061
46706,Ground subsidence (InSAR),0.6061
46707,Ground subsidence (InSAR),0.0549
46708,Ground subsidence (InSAR),0.0549
46709,Ground subsidence (InSAR),0.0549
46710,Ground subsidence (InSAR),0.0549
46711,Ground subsidence (InSAR),0.0549
46712,Ground subsidence (InSAR),0.0549
46713,Ground subsidence (InSAR),0.0549
46714,Ground subsidence (InSAR),0.0549
46715,Ground subsidence (InSAR),0.0549
46716,Ground subsidence (InSAR),0.0549
46717,Ground subsidence (InSAR),0.4433
46742,Ground subsidence (InSAR),0.1829
46746,Ground subsidence (InSAR),0.1829
46749,Ground subsidence (InSAR),0.2901
46750,Ground subsidence (InSAR),0.2901
46751,Ground subsidence (InSAR),0.5533
46752,Ground subsidence (InSAR),0.5533
46772,Ground subsidence (InSAR),0.2744
46826,Ground subsidence (InSAR),0.2457
46830,Ground subsidence (InSAR),0.1105
46836,Ground subsidence (InSAR),0.6152
46894,Ground subsidence (InSAR),0.6152
46895,Ground subsidence (InSAR),0.3467
46903,Ground subsidence (InSAR),0.3055
46930,Ground subsidence (InSAR),1.0
46973,Ground subsidence (InSAR),0.2644
46974,Ground subsidence (InSAR),0.5492
46975,Ground subsidence (InSAR),0.5492
46976,Ground subsidence (InSAR),0.5492
46977,Ground subsidence (InSAR),0.2644
46978,Ground subsidence (InSAR),0.0454
46979,Ground subsidence (InSAR),0.0454
46990,Ground subsidence (InSAR),0.0921
46991,Ground subsidence (InSAR),0.0921
46992,Ground subsidence (InSAR),0.0381
46993,Ground subsidence (InSAR),0.2318
46994,Ground subsidence (InSAR),0.2318
46995,Ground subsidence (InSAR),0.1821
46996,Ground subsidence (InSAR),0.0381
46997,Ground subsidence (InSAR),0.0381
46998,Ground subsidence (InSAR),0.0381
46999,Ground subsidence (InSAR),0.0381
47000,Ground subsidence (InSAR),0.0381
47014,Ground subsidence (InSAR),0.2762
47015,Ground subsidence (InSAR),0.2762
47019,Ground subsidence (InSAR),0.2644
47050,Ground subsidence (InSAR),0.1197
47060,Ground subsidence (InSAR),0.3761
47061,Ground subsidence (InSAR),0.3761
47067,Ground subsidence (InSAR),0.2055
47068,Ground subsidence (InSAR),0.0922
47072,Ground subsidence (InSAR),1.0
47073,Ground subsidence (InSAR),1.0
47076,Ground subsidence (InSAR),0.488
47077,Ground subsidence (InSAR),0.488
47078,Ground subsidence (InSAR),0.0078
47079,Ground subsidence (InSAR),0.488
47091,Ground subsidence (InSAR),0.1928
47109,Ground subsidence (InSAR),0.2955
47110,Ground subsidence (InSAR),0.2955
47113,Ground subsidence (InSAR),0.1296
47164,Ground subsidence (InSAR),0.6152
47199,Ground subsidence (InSAR),0.257
47283,Ground subsidence (InSAR),0.2039
47284,Ground subsidence (InSAR),0.2039
47289,Ground subsidence (InSAR),0.5788
47290,Ground subsidence (InSAR),0.5788
47307,Ground subsidence (InSAR),0.1602
47308,Ground subsidence (InSAR),0.1471
47324,Ground subsidence (InSAR),0.7735
47325,Ground subsidence (InSAR),0.7735
47327,Ground subsidence (InSAR),0.8182
47328,Ground subsidence (InSAR),0.8182
47330,Ground subsidence (InSAR),0.3303
47331,Ground subsidence (InSAR),0.3303
47334,Ground subsidence (InSAR),0.1135
47335,Ground subsidence (InSAR),0.1135
47336,Ground subsidence (InSAR),0.1594
47337,Ground subsidence (InSAR),0.1594
47348,Ground subsidence (InSAR),0.1605
47349,Ground subsidence (InSAR),0.1605
47386,Ground subsidence (InSAR),0.3303
47391,Ground subsidence (InSAR),0.4588
47392,Ground subsidence (InSAR),0.4588
47507,Ground subsidence (InSAR),1.0
47508,Ground subsidence (InSAR),1.0
47522,Ground subsidence (InSAR),0.0267
47523,Ground subsidence (InSAR),0.0267
47687,Ground subsidence (InSAR),0.0659
47710,Ground subsidence (InSAR),0.9428
47711,Ground subsidence (InSAR),0.9428
47796,Ground subsidence (InSAR),0.6268
47806,Ground subsidence (InSAR),0.1594
47807,Ground subsidence (InSAR),0.1594
47813,Ground subsidence (InSAR),0.6268
47814,Ground subsidence (InSAR),0.4345
47843,Ground subsidence (InSAR),0.7371
47844,Ground subsidence (InSAR),0.7371
47845,Ground subsidence (InSAR),0.7371
47846,Ground subsidence (InSAR),0.7371
47847,Ground subsidence (InSAR),0.7371
47848,Ground subsidence (InSAR),0.7371
47849,Ground subsidence (InSAR),0.7371
47850,Ground subsidence (InSAR),0.7371
47855,Ground subsidence (InSAR),0.1971
48039,Ground subsidence (InSAR),0.1536
48040,Ground subsidence (InSAR),0.1536
48041,Ground subsidence (InSAR),0.2002
48042,Ground subsidence (InSAR),0.2002
48122,Ground subsidence (InSAR),0.3061
48123,Ground subsidence (InSAR),0.3061
48142,Ground subsidence (InSAR),0.3168
48143,Ground subsidence (InSAR),0.3308
48144,Ground subsidence (InSAR),0.3308
48199,Ground subsidence (InSAR),0.2056
48200,Ground subsidence (InSAR),0.2056
48201,Ground subsidence (InSAR),0.2056
48282,Ground subsidence (InSAR),0.0785
48283,Ground subsidence (InSAR),0.0785
48304,Ground subsidence (InSAR),0.2039
48305,Ground subsidence (InSAR),0.1107
48330,Ground subsidence (InSAR),0.2854
48331,Ground subsidence (InSAR),0.1848
48334,Ground subsidence (InSAR),0.5157
48335,Ground subsidence (InSAR),0.5157
48336,Ground subsidence (InSAR),0.0306
48337,Ground subsidence (InSAR),0.5157
48338,Ground subsidence (InSAR),0.5157
48339,Ground subsidence (InSAR),0.5157
48340,Ground subsidence (InSAR),0.5157
48341,Ground subsidence (InSAR),0.5157
48342,Ground subsidence (InSAR),0.5157
48343,Ground subsidence (InSAR),0.5157
48344,Ground subsidence (InSAR),0.5157
48345,Ground subsidence (InSAR),0.5157
48346,Ground subsidence (InSAR),0.5157
48350,Ground subsidence (InSAR),0.0306
48351,Ground subsidence (InSAR),0.0306
48352,Ground subsidence (InSAR),0.0306
48353,Ground subsidence (InSAR),0.5157
48354,Ground subsidence (InSAR),0.5157
48451,Ground subsidence (InSAR),0.0386
48452,Ground subsidence (InSAR),0.0386
48455,Ground subsidence (InSAR),1.0
48456,Ground subsidence (InSAR),1.0
48472,Ground subsidence (InSAR),0.797
48473,Ground subsidence (InSAR),0.797
48474,Ground subsidence (InSAR),0.1845
48480,Ground subsidence (InSAR),0.2039
48481,Ground subsidence (InSAR),0.1107
48498,Ground subsidence (InSAR),0.3259
48499,Ground subsidence (InSAR),0.3259
48500,Ground subsidence (InSAR),0.2971
48501,Ground subsidence (InSAR),0.2971
48528,Ground subsidence (InSAR),0.1094
48529,Ground subsidence (InSAR),0.1094
48530,Ground subsidence (InSAR),0.6768
48548,Ground subsidence (InSAR),0.3453
48549,Ground subsidence (InSAR),0.3453
48551,Ground subsidence (InSAR),0.244
48552,Ground subsidence (InSAR),0.244
48641,Ground subsidence (InSAR),0.2586
48642,Ground subsidence (InSAR),0.2586
48672,Ground subsidence (InSAR),0.3097
48673,Ground subsidence (InSAR),0.3097
48674,Ground subsidence (InSAR),0.3097
48687,Ground subsidence (InSAR),0.067
48688,Ground subsidence (InSAR),0.0474
48693,Ground subsidence (InSAR),0.1699
48703,Ground subsidence (InSAR),0.8844
48834,Ground subsidence (InSAR),0.1903
48835,Ground subsidence (InSAR),0.1903
48840,Ground subsidence (InSAR),0.2854
48841,Ground subsidence (InSAR),0.2854
48873,Ground subsidence (InSAR),0.0721
48874,Ground subsidence (InSAR),0.0721
48920,Ground subsidence (InSAR),0.07
48921,Ground subsidence (InSAR),0.4787
48922,Ground subsidence (InSAR),0.4787
48942,Ground subsidence (InSAR),0.4488
48943,Ground subsidence (InSAR),0.4488
48970,Ground subsidence (InSAR),1.0
48971,Ground subsidence (InSAR),1.0
49035,Ground subsidence (InSAR),0.1657
49036,Ground subsidence (InSAR),0.1657
49037,Ground subsidence (InSAR),1.0
49038,Ground subsidence (InSAR),1.0
49041,Ground subsidence (InSAR),0.1458
49042,Ground subsidence (InSAR),0.1458
49047,Ground subsidence (InSAR),0.1159
49080,Ground subsidence (InSAR),0.2585
49081,Ground subsidence (InSAR),0.2585
49082,Ground subsidence (InSAR),0.0564
49083,Ground subsidence (InSAR),0.0564
49094,Ground subsidence (InSAR),0.7087
49096,Ground subsidence (InSAR),0.7087
49155,Ground subsidence (InSAR),0.3304
49156,Ground subsidence (InSAR),0.1821
49157,Ground subsidence (InSAR),0.0541
49158,Ground subsidence (InSAR),0.0541
49185,Ground subsidence (InSAR),0.1821
49192,Ground subsidence (InSAR),0.1594
49193,Ground subsidence (InSAR),0.1594
49224,Ground subsidence (InSAR),0.2039
49225,Ground subsidence (InSAR),0.2039
49308,Ground subsidence (InSAR),0.0785
49309,Ground subsidence (InSAR),0.0785
49312,Ground subsidence (InSAR),0.1657
49347,Ground subsidence (InSAR),0.1138
49348,Ground subsidence (InSAR),0.1111
49349,Ground subsidence (InSAR),0.3612
49363,Ground subsidence (InSAR),0.1735
49368,Ground subsidence (InSAR),0.4905
49369,Ground subsidence (InSAR),0.4905
49397,Ground subsidence (InSAR),0.3449
49407,Ground subsidence (InSAR),0.5086
49408,Ground subsidence (InSAR),0.3681
49409,Ground subsidence (InSAR),0.3681
49410,Ground subsidence (InSAR),0.5086
49411,Ground subsidence (InSAR),0.6973
49412,Ground subsidence (InSAR),0.2575
49413,Ground subsidence (InSAR),0.3353
49414,Ground subsidence (InSAR),0.3353
49415,Ground subsidence (InSAR),0.5086
49509,Ground subsidence (InSAR),0.1829
49510,Ground subsidence (InSAR),0.1829
49511,Ground subsidence (InSAR),1.0
49558,Ground subsidence (InSAR),0.1675
49577,Ground subsidence (InSAR),0.3844
49578,Ground subsidence (InSAR),0.3844
49624,Ground subsidence (InSAR),1.0
49625,Ground subsidence (InSAR),1.0
49626,Ground subsidence (InSAR),1.0
49638,Ground subsidence (InSAR),0.4687
49639,Ground subsidence (InSAR),0.4687
49650,Ground subsidence (InSAR),0.266
49651,Ground subsidence (InSAR),0.266
49672,Ground subsidence (InSAR),0.3308
49673,Ground subsidence (InSAR),0.3308
49674,Ground subsidence (InSAR),0.0581
49675,Ground subsidence (InSAR),0.2002
49685,Ground subsidence (InSAR),0.3371
49702,Ground subsidence (InSAR),0.266
49703,Ground subsidence (InSAR),0.266
49706,Ground subsidence (InSAR),0.2541
49707,Ground subsidence (InSAR),0.2541
49708,Ground subsidence (InSAR),1.0
49709,Ground subsidence (InSAR),1.0
49710,Ground subsidence (InSAR),1.0
49716,Ground subsidence (InSAR),0.8374
49717,Ground subsidence (InSAR),0.4232
49718,Ground subsidence (InSAR),0.4232
49719,Ground subsidence (InSAR),0.4232
49720,Ground subsidence (InSAR),0.8374
49722,Ground subsidence (InSAR),0.1928
49724,Ground subsidence (InSAR),0.2631
49725,Ground subsidence (InSAR),0.2631
49768,Ground subsidence (InSAR),0.2796
49769,Ground subsidence (InSAR),0.1657
49787,Ground subsidence (InSAR),0.6129
49789,Ground subsidence (InSAR),0.7804
49793,Ground subsidence (InSAR),0.7615
49795,Ground subsidence (InSAR),0.7615
49796,Ground subsidence (InSAR),0.7615
49801,Ground subsidence (InSAR),0.7973
49802,Ground subsidence (InSAR),0.1086
49803,Ground subsidence (InSAR),0.1086
49825,Ground subsidence (InSAR),0.1776
49826,Ground subsidence (InSAR),0.1776
49829,Ground subsidence (InSAR),0.5075
49840,Ground subsidence (InSAR),0.3387
49841,Ground subsidence (InSAR),0.0626
49842,Ground subsidence (InSAR),1.0
49843,Ground subsidence (InSAR),1.0
49844,Ground subsidence (InSAR),0.3813
49852,Ground subsidence (InSAR),0.2233
49853,Ground subsidence (InSAR),0.2233
50114,Ground subsidence (InSAR),0.1108
50115,Ground subsidence (InSAR),0.1108
50118,Ground subsidence (InSAR),0.5964
50125,Ground subsidence (InSAR),0.1167
50136,Ground subsidence (InSAR),0.5964
50137,Ground subsidence (InSAR),0.5964
50139,Ground subsidence (InSAR),0.5452
50140,Ground subsidence (InSAR),0.5452
50141,Ground subsidence (InSAR),0.5452
50142,Ground subsidence (InSAR),0.2508
50143,Ground subsidence (InSAR),0.2508
50146,Ground subsidence (InSAR),0.0801
50160,Ground subsidence (InSAR),0.3183
50161,Ground subsidence (InSAR),0.3183
50162,Ground subsidence (InSAR),0.0785
50163,Ground subsidence (InSAR),0.0785
50176,Ground subsidence (InSAR),0.1401
50179,Ground subsidence (InSAR),0.1697
50183,Ground subsidence (InSAR),0.5035
50191,Ground subsidence (InSAR),0.1793
50215,Ground subsidence (InSAR),0.5447
50216,Ground subsidence (InSAR),0.5447
50220,Ground subsidence (InSAR),0.0996
50244,Ground subsidence (InSAR),0.2818
50246,Ground subsidence (InSAR),0.4687
50269,Ground subsidence (InSAR),0.1496
50282,Ground subsidence (InSAR),0.937
50285,Ground subsidence (InSAR),0.2362
50296,Ground subsidence (InSAR),0.4026
50302,Ground subsidence (InSAR),0.5414
50340,Ground subsidence (InSAR),0.2818
50357,Ground subsidence (InSAR),0.3167
50367,Ground subsidence (InSAR),0.3286
50386,Ground subsidence (InSAR),0.4687
50391,Ground subsidence (InSAR),0.5414
50398,Ground subsidence (InSAR),0.4687
50401,Ground subsidence (InSAR),0.3475
50407,Ground subsidence (InSAR),0.2039
50412,Ground subsidence (InSAR),0.435
50419,Ground subsidence (InSAR),0.1757
50423,Ground subsidence (InSAR),0.3044
50442,Ground subsidence (InSAR),0.1284
50448,Ground subsidence (InSAR),0.6152
50452,Ground subsidence (InSAR),0.3044
50493,Ground subsidence (InSAR),0.4835
50495,Ground subsidence (InSAR),0.8824
50510,Ground subsidence (InSAR),0.3167
50513,Ground subsidence (InSAR),0.2362
50520,Ground subsidence (InSAR),0.4026
50617,Ground subsidence (InSAR),0.0638
50669,Ground subsidence (InSAR),0.0455
50675,Ground subsidence (InSAR),0.2534
50676,Ground subsidence (InSAR),0.3424
50715,Ground subsidence (InSAR),0.1603
50722,Ground subsidence (InSAR),0.1049
50726,Ground subsidence (InSAR),0.7374
50729,Ground subsidence (InSAR),0.1603
50763,Ground subsidence (InSAR),0.0601
50775,Ground subsidence (InSAR),0.1049
50784,Ground subsidence (InSAR),0.1103
50811,Ground subsidence (InSAR),0.3591
50824,Ground subsidence (InSAR),0.1609
50830,Ground subsidence (InSAR),0.3874
50858,Ground subsidence (InSAR),0.3591
50862,Ground subsidence (InSAR),0.2762
50864,Ground subsidence (InSAR),0.2762
50865,Ground subsidence (InSAR),0.3424
50869,Ground subsidence (InSAR),0.1306
50909,Ground subsidence (InSAR),1.0
50917,Ground subsidence (InSAR),0.2137
50951,Ground subsidence (InSAR),0.1409
50952,Ground subsidence (InSAR),0.0601
50958,Ground subsidence (InSAR),0.7374
50961,Ground subsidence (InSAR),0.2002
50978,Ground subsidence (InSAR),0.1609
50979,Ground subsidence (InSAR),0.7804
50981,Ground subsidence (InSAR),0.4618
50991,Ground subsidence (InSAR),0.2126
51015,Ground subsidence (InSAR),0.0455
51027,Ground subsidence (InSAR),0.1306
