X,Y,OBJECTID,DATASET_EN,DATASET_TC,NAME_EN,ADDRESS_EN,NAME_TC,ADDRESS_TC,SEARCH01_EN,SEARCH01_TC,NSEARCH01_EN,NSEARCH01_TC,NORTHING,EASTING,LATITUDE,LONGITUDE,LASTUPDATE
12719755.9864085,2551501.64160813,1,Statutory Notices issued on prescribed inspection/repair for buildings,就樓宇訂明檢驗／訂明修葺所發出的法定通知,2033180,CLEAR WATER BAY RD A KUNG WAN,2033180,CLEAR WATER BAY RD A KUNG WAN,TOW,TOW,1,1,821505.2,845193.4,22.33257209,114.26351179,2025/07/30 11:44:47+00
12703567.9287646,2556265.06592809,2,Statutory Notices issued on prescribed inspection/repair for buildings,就樓宇訂明檢驗／訂明修葺所發出的法定通知,487025,1 CHUNG ON ST TSUEN WAN,487025,1 CHUNG ON ST TSUEN WAN,TOW,TOW,2,2,825886.2,830214,22.37214738,114.11809255,2025/07/30 11:44:47+00
12707505.908502,2552460.96194327,3,Statutory Notices issued on prescribed inspection/repair for buildings,就樓宇訂明檢驗／訂明修葺所發出的法定通知,1669327,1 KWONG SHING ST,1669327,1 KWONG SHING ST,TOW,TOW,1,1,822385.5,833856.8,22.34054384,114.15346734,2025/07/30 11:44:47+00
12711170.5270165,2543856.25955514,4,Statutory Notices issued on prescribed inspection/repair for buildings,就樓宇訂明檢驗／訂明修葺所發出的法定通知,5140464,1 MIN FAT ST,5140464,1 MIN FAT ST,TOW,TOW,1,1,814466.3,837248.5,22.26902954,114.18638794,2025/07/30 11:44:47+00
12709223.2388564,2548348.96948447,5,Statutory Notices issued on prescribed inspection/repair for buildings,就樓宇訂明檢驗／訂明修葺所發出的法定通知,289698,1 RECLAMATION ST,289698,1 RECLAMATION ST,TOW,TOW,1,1,818601.5,835445.8,22.30637335,114.16889497,2025/07/30 11:44:47+00
12709343.3462694,2548990.73070593,6,Statutory Notices issued on prescribed inspection/repair for buildings,就樓宇訂明檢驗／訂明修葺所發出的法定通知,194930,1 TEMPLE ST,194930,1 TEMPLE ST,TOW,TOW,1,1,819192.1,835557,22.31170688,114.16997334,2025/07/30 11:44:47+00
12711990.5155233,2544777.51172542,7,Statutory Notices issued on prescribed inspection/repair for buildings,就樓宇訂明檢驗／訂明修葺所發出的法定通知,605293,1 YIK KWAN AVE,605293,1 YIK KWAN AVE,TOW,TOW,5,5,815314.4,838007.6,22.27668806,114.19375366,2025/07/30 11:44:47+00
12713185.7855603,2546516.69878567,8,Statutory Notices issued on prescribed inspection/repair for buildings,就樓宇訂明檢驗／訂明修葺所發出的法定通知,1839563,1/11 HEALTHY ST W,1839563,1/11 HEALTHY ST W,TOW,TOW,26,26,816915.4,839113.9,22.2911444,114.20449082,2025/07/30 11:44:47+00
12710838.8354421,2543853.23569681,9,Statutory Notices issued on prescribed inspection/repair for buildings,就樓宇訂明檢驗／訂明修葺所發出的法定通知,791980,1/1B FUNG FAI TERRACE,791980,1/1B FUNG FAI TERRACE,TOW,TOW,1,1,814463.5,836941.4,22.2690043,114.18340806,2025/07/30 11:44:47+00
12710630.3094807,2545039.75239683,10,Statutory Notices issued on prescribed inspection/repair for buildings,就樓宇訂明檢驗／訂明修葺所發出的法定通知,1025127,1/2 CANAL RD E,1025127,1/2 CANAL RD E,TOW,TOW,1,1,815555.7,836748.3,22.27886752,114.1815349,2025/07/30 11:44:47+00
12708907.6158849,2550559.87982977,11,Statutory Notices issued on prescribed inspection/repair for buildings,就樓宇訂明檢驗／訂明修葺所發出的法定通知,176207,1/3 CEDAR ST,176207,1/3 CEDAR ST,TOW,TOW,2,2,820636.1,835153.8,22.32474719,114.16605982,2025/07/30 11:44:47+00
12712447.9049662,2553009.11116774,12,Statutory Notices issued on prescribed inspection/repair for buildings,就樓宇訂明檢驗／訂明修葺所發出的法定通知,1038269,1/3 KAM FUNG ST,1038269,1/3 KAM FUNG ST,TOW,TOW,2,2,822889.8,838430,22.34509811,114.19786287,2025/07/30 11:44:47+00
12709824.9577475,2544467.89458899,13,Statutory Notices issued on prescribed inspection/repair for buildings,就樓宇訂明檢驗／訂明修葺所發出的法定通知,691776,1/3 KING SING ST,691776,1/3 KING SING ST,TOW,TOW,3,3,815029.3,836002.7,22.27411406,114.17430006,2025/07/30 11:44:47+00
12711749.519205,2550147.97407349,14,Statutory Notices issued on prescribed inspection/repair for buildings,就樓宇訂明檢驗／訂明修葺所發出的法定通知,251848,1/3 LUN CHEUNG ST,251848,1/3 LUN CHEUNG ST,TOW,TOW,3,3,820257.1,837784,22.32132419,114.19158887,2025/07/30 11:44:47+00
12710873.0206848,2545063.53488556,15,Statutory Notices issued on prescribed inspection/repair for buildings,就樓宇訂明檢驗／訂明修葺所發出的法定通知,512747,1/3 PAK SHA RD,512747,1/3 PAK SHA RD,TOW,TOW,2,2,815577.6,836973,22.27906541,114.18371467,2025/07/30 11:44:47+00
12711906.2888238,2550074.93116978,16,Statutory Notices issued on prescribed inspection/repair for buildings,就樓宇訂明檢驗／訂明修葺所發出的法定通知,241913,1/3 TSUN FAT ST,241913,1/3 TSUN FAT ST,TOW,TOW,3,3,820189.9,837929.1,22.320717,114.19299722,2025/07/30 11:44:47+00
12703362.7938783,2555959.51209998,17,Statutory Notices issued on prescribed inspection/repair for buildings,就樓宇訂明檢驗／訂明修葺所發出的法定通知,2245844,1/3 YI PEI SQUARE TSUEN WAN,2245844,1/3 YI PEI SQUARE TSUEN WAN,TOW,TOW,10,10,825605.2,830024.1,22.36960997,114.11624947,2025/07/30 11:44:47+00
12708768.8926728,2565354.69686519,18,Statutory Notices issued on prescribed inspection/repair for buildings,就樓宇訂明檢驗／訂明修葺所發出的法定通知,1750729,1/5 ON FU RD TAI PO,1750729,1/5 ON FU RD TAI PO,TOW,TOW,16,16,834244.2,835026.5,22.44763483,114.16481346,2025/07/30 11:44:47+00
12709264.1265456,2549513.95024417,19,Statutory Notices issued on prescribed inspection/repair for buildings,就樓宇訂明檢驗／訂明修葺所發出的法定通知,101418,10 CHANGSHA ST,101418,10 CHANGSHA ST,TOW,TOW,1,1,819673.6,835483.7,22.31605493,114.1692622,2025/07/30 11:44:47+00
12709679.177099,2547362.27852557,20,Statutory Notices issued on prescribed inspection/repair for buildings,就樓宇訂明檢驗／訂明修葺所發出的法定通知,129074,10/10A HUMPHREYS AVE,129074,10/10A HUMPHREYS AVE,TOW,TOW,13,13,817693.4,835867.8,22.29817228,114.17299103,2025/07/30 11:44:47+00
12707307.4156561,2545829.78124638,21,Statutory Notices issued on prescribed inspection/repair for buildings,就樓宇訂明檢驗／訂明修葺所發出的法定通知,324859,10/12 HILLIER ST,324859,10/12 HILLIER ST,TOW,TOW,2,2,816283.1,833672.1,22.28543514,114.15168496,2025/07/30 11:44:47+00
12712382.6270354,2552964.77507257,22,Statutory Notices issued on prescribed inspection/repair for buildings,就樓宇訂明檢驗／訂明修葺所發出的法定通知,1059152,10/12 TSUI FUNG ST,1059152,10/12 TSUI FUNG ST,TOW,TOW,2,2,822849,838369.6,22.34472952,114.19727565,2025/07/30 11:44:47+00
12703412.9599942,2555922.57166971,23,Statutory Notices issued on prescribed inspection/repair for buildings,就樓宇訂明檢驗／訂明修葺所發出的法定通知,2059886,100/102 CHUNG ON ST TSUEN WAN,2059886,100/102 CHUNG ON ST TSUEN WAN,TOW,TOW,2,2,825571.2,830070.5,22.36930285,114.11669992,2025/07/30 11:44:47+00
12703299.2374882,2555965.4651912,24,Statutory Notices issued on prescribed inspection/repair for buildings,就樓宇訂明檢驗／訂明修葺所發出的法定通知,5214509,101 CHUEN LUNG ST TSUEN WAN,5214509,101 CHUEN LUNG ST TSUEN WAN,TOW,TOW,1,1,825610.7,829965.3,22.3696586,114.11567869,2025/07/30 11:44:47+00
12703301.7866461,2555808.92746248,25,Statutory Notices issued on prescribed inspection/repair for buildings,就樓宇訂明檢驗／訂明修葺所發出的法定通知,545204,101/117 CHUNG ON ST TSUEN WAN,545204,101/117 CHUNG ON ST TSUEN WAN,TOW,TOW,1,1,825466.7,829967.6,22.3683585,114.11570148,2025/07/30 11:44:47+00
12720787.7976157,2557272.76090897,26,Statutory Notices issued on prescribed inspection/repair for buildings,就樓宇訂明檢驗／訂明修葺所發出的法定通知,2248616,102 MAN NIN ST SAI KUNG,2248616,102 MAN NIN ST SAI KUNG,TOW,TOW,1,1,826815.1,846144.9,22.38051882,114.27278126,2025/07/30 11:44:47+00
12709287.3082691,2548269.10817168,27,Statutory Notices issued on prescribed inspection/repair for buildings,就樓宇訂明檢驗／訂明修葺所發出的法定通知,136325,102/104 SHANGHAI ST,136325,102/104 SHANGHAI ST,TOW,TOW,5,5,818528,835505.1,22.3057099,114.16947032,2025/07/30 11:44:47+00
12709475.6589567,2549977.21305552,28,Statutory Notices issued on prescribed inspection/repair for buildings,就樓宇訂明檢驗／訂明修葺所發出的法定通知,264150,102A/102C FA YUEN ST,264150,102A/102C FA YUEN ST,TOW,TOW,29,29,820099.9,835679.5,22.31990487,114.17116193,2025/07/30 11:44:47+00
12711191.3247649,2549846.78636627,29,Statutory Notices issued on prescribed inspection/repair for buildings,就樓宇訂明檢驗／訂明修葺所發出的法定通知,1235758,103/105 KAU PUI LUNG RD,1235758,103/105 KAU PUI LUNG RD,TOW,TOW,1,1,819979.9,837267.4,22.31882126,114.18657451,2025/07/30 11:44:47+00
12709036.7864767,2549766.04640597,30,Statutory Notices issued on prescribed inspection/repair for buildings,就樓宇訂明檢驗／訂明修葺所發出的法定通知,242452,1031/1035A CANTON RD,242452,1031/1035A CANTON RD,TOW,TOW,1,1,819905.6,835273.3,22.31815021,114.16721943,2025/07/30 11:44:47+00
12708721.720061,2551157.5806911,31,Statutory Notices issued on prescribed inspection/repair for buildings,就樓宇訂明檢驗／訂明修葺所發出的法定通知,4122,87/89 FUK WA ST,4122,87/89 FUK WA ST,TOW,TOW,3,3,821186.1,834981.8,22.32971312,114.16438975,2025/07/30 11:44:47+00
12693667.1595167,2536495.60596117,32,Statutory Notices issued on prescribed inspection/repair for buildings,就樓宇訂明檢驗／訂明修葺所發出的法定通知,2311921,87/89 HING LUNG MAIN ST CHEUNG CHAU,2311921,87/89 HING LUNG MAIN ST CHEUNG CHAU,TOW,TOW,2,2,807696.4,821036.2,22.2078263,114.0291526,2025/07/30 11:44:47+00
12708280.859269,2551151.01764331,33,Statutory Notices issued on prescribed inspection/repair for buildings,就樓宇訂明檢驗／訂明修葺所發出的法定通知,191410,87/89 KWEILIN ST,191410,87/89 KWEILIN ST,TOW,TOW,1,1,821180.1,834573.8,22.32965858,114.16042943,2025/07/30 11:44:47+00
12709153.5005396,2549322.14821057,34,Statutory Notices issued on prescribed inspection/repair for buildings,就樓宇訂明檢驗／訂明修葺所發出的法定通知,36791,874/876 CANTON RD,36791,874/876 CANTON RD,TOW,TOW,2,2,819497.1,835381.3,22.31446139,114.16826832,2025/07/30 11:44:47+00
12706992.9129851,2541434.89842331,35,Statutory Notices issued on prescribed inspection/repair for buildings,就樓宇訂明檢驗／訂明修葺所發出的法定通知,580104,88/88A SHEK PAI WAN RD,580104,88/88A SHEK PAI WAN RD,TOW,TOW,2,2,812237.4,833380.2,22.24889949,114.14885937,2025/07/30 11:44:47+00
12708451.1574922,2551102.78272504,36,Statutory Notices issued on prescribed inspection/repair for buildings,就樓宇訂明檢驗／訂明修葺所發出的法定通知,1861085,88/90 PEI HO ST,1861085,88/90 PEI HO ST,TOW,TOW,33,33,821135.7,834731.4,22.32925771,114.16195888,2025/07/30 11:44:47+00
12708889.3500841,2550633.01599655,37,Statutory Notices issued on prescribed inspection/repair for buildings,就樓宇訂明檢驗／訂明修葺所發出的法定通知,1114182,88/90 TAI NAN ST,1114182,88/90 TAI NAN ST,TOW,TOW,15,15,820703.4,835136.9,22.32535483,114.16589553,2025/07/30 11:44:47+00
12705152.2390996,2544945.9240178,38,Statutory Notices issued on prescribed inspection/repair for buildings,就樓宇訂明檢驗／訂明修葺所發出的法定通知,395998,88A/88B POK FU LAM RD,395998,88A/88B POK FU LAM RD,TOW,TOW,7,7,815470,831676.7,22.27808824,114.13232401,2025/07/30 11:44:47+00
12709143.881762,2549374.63328623,39,Statutory Notices issued on prescribed inspection/repair for buildings,就樓宇訂明檢驗／訂明修葺所發出的法定通知,36923,896 CANTON RD,36923,896 CANTON RD,TOW,TOW,1,1,819545.4,835372.4,22.31489727,114.16818203,2025/07/30 11:44:47+00
12709685.8716655,2547494.72754869,40,Statutory Notices issued on prescribed inspection/repair for buildings,就樓宇訂明檢驗／訂明修葺所發出的法定通知,29440,9 CAMERON LANE,29440,9 CAMERON LANE,TOW,TOW,1,1,817815.3,835874,22.29927311,114.17305053,2025/07/30 11:44:47+00
12709247.7542531,2550648.36133426,41,Statutory Notices issued on prescribed inspection/repair for buildings,就樓宇訂明檢驗／訂明修葺所發出的法定通知,66108,9 PLAYING FIELD RD,66108,9 PLAYING FIELD RD,TOW,TOW,1,1,820717.5,835468.6,22.32548245,114.16911518,2025/07/30 11:44:47+00
12707321.4365779,2545305.47792955,42,Statutory Notices issued on prescribed inspection/repair for buildings,就樓宇訂明檢驗／訂明修葺所發出的法定通知,409419,9 PRINCE'S TERRACE,409419,9 PRINCE'S TERRACE,TOW,TOW,2,2,815800.5,833685,22.28107717,114.15181067,2025/07/30 11:44:47+00
12711265.8276461,2549135.77446078,43,Statutory Notices issued on prescribed inspection/repair for buildings,就樓宇訂明檢驗／訂明修葺所發出的法定通知,263977,9 SHEK TONG ST,263977,9 SHEK TONG ST,TOW,TOW,2,2,819325.6,837336.4,22.31291235,114.18724378,2025/07/30 11:44:47+00
12708945.4299534,2550612.1545841,44,Statutory Notices issued on prescribed inspection/repair for buildings,就樓宇訂明檢驗／訂明修葺所發出的法定通知,176901,9/11 CEDAR ST,176901,9/11 CEDAR ST,TOW,TOW,1,1,820684.2,835188.8,22.32518143,114.16639928,2025/07/30 11:44:47+00
12710802.198441,2548559.2358561,45,Statutory Notices issued on prescribed inspection/repair for buildings,就樓宇訂明檢驗／訂明修葺所發出的法定通知,1402314,9/11 COOKE ST,1402314,9/11 COOKE ST,TOW,TOW,8,8,818795,836907.3,22.30812104,114.1830784,2025/07/30 11:44:47+00
12711866.1004921,2550125.68465872,46,Statutory Notices issued on prescribed inspection/repair for buildings,就樓宇訂明檢驗／訂明修葺所發出的法定通知,249453,9/11 SHIM LUEN ST,249453,9/11 SHIM LUEN ST,TOW,TOW,1,1,820236.6,837891.9,22.32113858,114.19263655,2025/07/30 11:44:47+00
12711892.4628406,2550113.51073039,47,Statutory Notices issued on prescribed inspection/repair for buildings,就樓宇訂明檢驗／訂明修葺所發出的法定通知,245317,9/11 YIN ON ST,245317,9/11 YIN ON ST,TOW,TOW,1,1,820225.4,837916.3,22.32103711,114.19287297,2025/07/30 11:44:47+00
12709510.3313899,2547214.39689052,48,Statutory Notices issued on prescribed inspection/repair for buildings,就樓宇訂明檢驗／訂明修葺所發出的法定通知,55331,9/11A LOCK RD,55331,9/11A LOCK RD,TOW,TOW,13,13,817557.3,835711.5,22.29694343,114.17147415,2025/07/30 11:44:47+00
12709181.1218645,2548035.26998423,49,Statutory Notices issued on prescribed inspection/repair for buildings,就樓宇訂明檢驗／訂明修葺所發出的法定通知,1187691,9/13 KWUN CHUNG ST,1187691,9/13 KWUN CHUNG ST,TOW,TOW,1,1,818312.8,835406.8,22.30376635,114.16851658,2025/07/30 11:44:47+00
12703510.649853,2555970.55079649,50,Statutory Notices issued on prescribed inspection/repair for buildings,就樓宇訂明檢驗／訂明修葺所發出的法定通知,1426488,9/14 SZE PEI SQUARE TSUEN WAN,1426488,9/14 SZE PEI SQUARE TSUEN WAN,TOW,TOW,1,1,825615.3,830160.9,22.36970136,114.11757785,2025/07/30 11:44:47+00
12709448.3371104,2549618.49644494,51,Statutory Notices issued on prescribed inspection/repair for buildings,就樓宇訂明檢驗／訂明修葺所發出的法定通知,173419,9/15 TUNG CHOI ST,173419,9/15 TUNG CHOI ST,TOW,TOW,41,41,819769.8,835654.2,22.31692396,114.17091726,2025/07/30 11:44:47+00
12711482.5981985,2549621.8214218,52,Statutory Notices issued on prescribed inspection/repair for buildings,就樓宇訂明檢驗／訂明修葺所發出的法定通知,246312,9/9A LOK SHAN RD,246312,9/9A LOK SHAN RD,TOW,TOW,2,2,819772.9,837537,22.31695149,114.18919102,2025/07/30 11:44:47+00
12708539.7196616,2550391.62345094,53,Statutory Notices issued on prescribed inspection/repair for buildings,就樓宇訂明檢驗／訂明修葺所發出的法定通知,1573459,90/92 LARCH ST,1573459,90/92 LARCH ST,TOW,TOW,2,2,820481.3,834813.3,22.32334842,114.16275453,2025/07/30 11:44:47+00
12708714.2637145,2551164.86145813,54,Statutory Notices issued on prescribed inspection/repair for buildings,就樓宇訂明檢驗／訂明修葺所發出的法定通知,4151,91/93 FUK WA ST,4151,91/93 FUK WA ST,TOW,TOW,2,2,821192.8,834974.9,22.32977408,114.16432298,2025/07/30 11:44:47+00
12711416.209353,2550376.32279899,55,Statutory Notices issued on prescribed inspection/repair for buildings,就樓宇訂明檢驗／訂明修葺所發出的法定通知,1645654,91/93 TAM KUNG RD,1645654,91/93 TAM KUNG RD,TOW,TOW,2,2,820467.2,837475.5,22.3232212,114.18859423,2025/07/30 11:44:47+00
12708881.5699596,2550639.31852429,56,Statutory Notices issued on prescribed inspection/repair for buildings,就樓宇訂明檢驗／訂明修葺所發出的法定通知,5042758,92/94 TAI NAN ST,5042758,92/94 TAI NAN ST,TOW,TOW,1,1,820709.2,835129.7,22.32540678,114.16582532,2025/07/30 11:44:47+00
12708661.31241,2551219.52179999,57,Statutory Notices issued on prescribed inspection/repair for buildings,就樓宇訂明檢驗／訂明修葺所發出的法定通知,4199,93B FUK WA ST,4199,93B FUK WA ST,TOW,TOW,14,14,821243.1,834925.9,22.3302281,114.16384673,2025/07/30 11:44:47+00
12706148.4704102,2545814.01108001,58,Statutory Notices issued on prescribed inspection/repair for buildings,就樓宇訂明檢驗／訂明修葺所發出的法定通知,415987,95 HIGH ST,415987,95 HIGH ST,TOW,TOW,4,4,816268.8,832599.2,22.28530366,114.14127391,2025/07/30 11:44:47+00
12711331.9500285,2549150.5481247,59,Statutory Notices issued on prescribed inspection/repair for buildings,就樓宇訂明檢驗／訂明修葺所發出的法定通知,207942,95/101 MA TAU WAI RD,207942,95/101 MA TAU WAI RD,TOW,TOW,3,3,819339.2,837397.6,22.31303513,114.18783736,2025/07/30 11:44:47+00
12711972.1881957,2549988.74843644,60,Statutory Notices issued on prescribed inspection/repair for buildings,就樓宇訂明檢驗／訂明修葺所發出的法定通知,5303075,95/97 MA TAU KOK RD,5303075,95/97 MA TAU KOK RD,TOW,TOW,3,3,820110.6,837990.1,22.32000105,114.19358943,2025/07/30 11:44:47+00
12708980.5136636,2552723.49595729,61,Statutory Notices issued on prescribed inspection/repair for buildings,就樓宇訂明檢驗／訂明修葺所發出的法定通知,1372836,BEACON HEIGHTS BLK 8 8/14 LUNG PING RD,1372836,BEACON HEIGHTS BLK 8 8/14 LUNG PING RD,TOW,TOW,32,32,822626.9,835221.4,22.34272464,114.16671417,2025/07/30 11:44:47+00
12713175.805432,2546286.04269406,62,Statutory Notices issued on prescribed inspection/repair for buildings,就樓宇訂明檢驗／訂明修葺所發出的法定通知,1989749,BEDFORD GARDENS HONG FOOK COURT 153 TIN HAU TEMPLE RD,1989749,BEDFORD GARDENS HONG FOOK COURT 153 TIN HAU TEMPLE RD,TOW,TOW,1,1,816703.1,839104.7,22.28922733,114.20440094,2025/07/30 11:44:47+00
12713187.2748058,2546389.90688731,63,Statutory Notices issued on prescribed inspection/repair for buildings,就樓宇訂明檢驗／訂明修葺所發出的法定通知,1990825,BEDFORD GARDENS HUNG FOOK COURT 169 TIN HAU TEMPLE RD,1990825,BEDFORD GARDENS HUNG FOOK COURT 169 TIN HAU TEMPLE RD,TOW,TOW,1,1,816798.7,839115.3,22.2900903,114.20450421,2025/07/30 11:44:47+00
12713144.2614667,2546279.3123781,64,Statutory Notices issued on prescribed inspection/repair for buildings,就樓宇訂明檢驗／訂明修葺所發出的法定通知,1989620,BEDFORD GARDENS KA FOOK COURT 151 TIN HAU TEMPLE RD,1989620,BEDFORD GARDENS KA FOOK COURT 151 TIN HAU TEMPLE RD,TOW,TOW,1,1,816696.9,839075.5,22.28917178,114.20411799,2025/07/30 11:44:47+00
12713180.2593018,2546423.15422057,65,Statutory Notices issued on prescribed inspection/repair for buildings,就樓宇訂明檢驗／訂明修葺所發出的法定通知,1991094,BEDFORD GARDENS KING FOOK COURT 173 TIN HAU TEMPLE RD,1991094,BEDFORD GARDENS KING FOOK COURT 173 TIN HAU TEMPLE RD,TOW,TOW,1,1,816829.3,839108.8,22.29036687,114.20444148,2025/07/30 11:44:47+00
12713203.5689295,2546294.51199755,66,Statutory Notices issued on prescribed inspection/repair for buildings,就樓宇訂明檢驗／訂明修葺所發出的法定通知,1989873,BEDFORD GARDENS ON FOOK COURT 155 TIN HAU TEMPLE RD,1989873,BEDFORD GARDENS ON FOOK COURT 155 TIN HAU TEMPLE RD,TOW,TOW,1,1,816710.9,839130.4,22.28929812,114.20465113,2025/07/30 11:44:47+00
12713162.3142801,2546351.01585439,67,Statutory Notices issued on prescribed inspection/repair for buildings,就樓宇訂明檢驗／訂明修葺所發出的法定通知,1990434,BEDFORD GARDENS PAK CHEUNG COURT 163 TIN HAU TEMPLE RD,1990434,BEDFORD GARDENS PAK CHEUNG COURT 163 TIN HAU TEMPLE RD,TOW,TOW,1,1,816762.9,839092.2,22.28976777,114.20427974,2025/07/30 11:44:47+00
12713168.8977946,2546318.31198115,68,Statutory Notices issued on prescribed inspection/repair for buildings,就樓宇訂明檢驗／訂明修葺所發出的法定通知,1990100,BEDFORD GARDENS PAK HEE COURT 159 TIN HAU TEMPLE RD,1990100,BEDFORD GARDENS PAK HEE COURT 159 TIN HAU TEMPLE RD,TOW,TOW,1,1,816732.8,839098.3,22.289496,114.20433973,2025/07/30 11:44:47+00
12713194.0744534,2546357.85477132,69,Statutory Notices issued on prescribed inspection/repair for buildings,就樓宇訂明檢驗／訂明修葺所發出的法定通知,1990581,BEDFORD GARDENS PAK KAI COURT 165 TIN HAU TEMPLE RD,1990581,BEDFORD GARDENS PAK KAI COURT 165 TIN HAU TEMPLE RD,TOW,TOW,1,1,816769.2,839121.6,22.28982445,114.20456571,2025/07/30 11:44:47+00
12713148.2829831,2546416.42393798,70,Statutory Notices issued on prescribed inspection/repair for buildings,就樓宇訂明檢驗／訂明修葺所發出的法定通知,1990989,BEDFORD GARDENS PAK LEE COURT 171 TIN HAU TEMPLE RD,1990989,BEDFORD GARDENS PAK LEE COURT 171 TIN HAU TEMPLE RD,TOW,TOW,1,1,816823.1,839079.2,22.29031105,114.2041546,2025/07/30 11:44:47+00
12713200.873936,2546325.0421859,71,Statutory Notices issued on prescribed inspection/repair for buildings,就樓宇訂明檢驗／訂明修葺所發出的法定通知,1990279,BEDFORD GARDENS PAK SING COURT 161 TIN HAU TEMPLE RD,1990279,BEDFORD GARDENS PAK SING COURT 161 TIN HAU TEMPLE RD,TOW,TOW,1,1,816739,839127.9,22.28955155,114.20462662,2025/07/30 11:44:47+00
12713161.023767,2546382.95829197,72,Statutory Notices issued on prescribed inspection/repair for buildings,就樓宇訂明檢驗／訂明修葺所發出的法定通知,1990746,BEDFORD GARDENS PAK TAK COURT 167 TIN HAU TEMPLE RD,1990746,BEDFORD GARDENS PAK TAK COURT 167 TIN HAU TEMPLE RD,TOW,TOW,1,1,816792.3,839091,22.29003249,114.20426857,2025/07/30 11:44:47+00
12713141.9989686,2546312.6672627,73,Statutory Notices issued on prescribed inspection/repair for buildings,就樓宇訂明檢驗／訂明修葺所發出的法定通知,1989970,BEDFORD GARDENS TAK FOOK COURT 157 TIN HAU TEMPLE RD,1989970,BEDFORD GARDENS TAK FOOK COURT 157 TIN HAU TEMPLE RD,TOW,TOW,1,1,816727.6,839073.4,22.28944835,114.2040979,2025/07/30 11:44:47+00
12710406.8057218,2549974.94020972,74,Statutory Notices issued on prescribed inspection/repair for buildings,就樓宇訂明檢驗／訂明修葺所發出的法定通知,1323068,BEL-AIR HOUSE 15/19 PRINCESS MARGARET RD,1323068,BEL-AIR HOUSE 15/19 PRINCESS MARGARET RD,TOW,TOW,4,4,820097.8,836541.3,22.31988603,114.17952683,2025/07/30 11:44:47+00
12705097.3323354,2545795.04259218,75,Statutory Notices issued on prescribed inspection/repair for buildings,就樓宇訂明檢驗／訂明修葺所發出的法定通知,440699,BELCHER COURT 2 SAI CHEUNG ST,440699,BELCHER COURT 2 SAI CHEUNG ST,TOW,TOW,1,1,816251.6,831626.1,22.28514573,114.13183143,2025/07/30 11:44:47+00
12710678.4129211,2552507.99848878,76,Statutory Notices issued on prescribed inspection/repair for buildings,就樓宇訂明檢驗／訂明修葺所發出的法定通知,1544525,BELMONT HEIGHTS BLK 2 3 MARCONI RD,1544525,BELMONT HEIGHTS BLK 2 3 MARCONI RD,TOW,TOW,1,1,822428.6,836792.6,22.34093417,114.18196662,2025/07/30 11:44:47+00
12711103.2913427,2548422.09112435,77,Statutory Notices issued on prescribed inspection/repair for buildings,就樓宇訂明檢驗／訂明修葺所發出的法定通知,1583877,BERKELEY BUILDING 2 MARSH ST,1583877,BERKELEY BUILDING 2 MARSH ST,TOW,TOW,1,1,818668.8,837186,22.30698092,114.18578405,2025/07/30 11:44:47+00
12710148.5813657,2552923.41117055,78,Statutory Notices issued on prescribed inspection/repair for buildings,就樓宇訂明檢驗／訂明修葺所發出的法定通知,1068970,BEVERLEY HEIGHTS 67 BEACON HILL RD,1068970,BEVERLEY HEIGHTS 67 BEACON HILL RD,TOW,TOW,1,1,822810.8,836302.3,22.34438574,114.17720746,2025/07/30 11:44:47+00
12709343.5501119,2549261.73993615,79,Statutory Notices issued on prescribed inspection/repair for buildings,就樓宇訂明檢驗／訂明修葺所發出的法定通知,103698,BIK LAN HOUSE 43 PITT ST,103698,BIK LAN HOUSE 43 PITT ST,TOW,TOW,1,1,819441.5,835557.2,22.31395894,114.16997573,2025/07/30 11:44:47+00
12687616.8193656,2559330.42231772,80,Statutory Notices issued on prescribed inspection/repair for buildings,就樓宇訂明檢驗／訂明修葺所發出的法定通知,761294,BIT HING BUILDING 2/4 MING NGAI ST TUEN MUN,761294,BIT HING BUILDING 2/4 MING NGAI ST TUEN MUN,TOW,TOW,1,1,828718.5,815460.1,22.39760962,113.97480077,2025/07/30 11:44:47+00
12686226.4674419,2556432.19293006,81,Statutory Notices issued on prescribed inspection/repair for buildings,就樓宇訂明檢驗／訂明修葺所發出的法定通知,1947106,BLK 1 MELODY GARDEN 2 WU CHUI RD TUEN MUN,1947106,BLK 1 MELODY GARDEN 2 WU CHUI RD TUEN MUN,TOW,TOW,1,1,826054.5,814170.2,22.37353611,113.96231096,2025/07/30 11:44:47+00
12705188.8509291,2572351.5287311,82,Statutory Notices issued on prescribed inspection/repair for buildings,就樓宇訂明檢驗／訂明修葺所發出的法定通知,1693387,BLK 1 ON KWOK VILLA OFF JOCKEY CLUB RD SHEUNG SHUI,1693387,BLK 1 ON KWOK VILLA OFF JOCKEY CLUB RD SHEUNG SHUI,TOW,TOW,1,1,840676.3,831718,22.50571352,114.13265354,2025/07/30 11:44:47+00
12702390.2624605,2554032.2422524,83,Statutory Notices issued on prescribed inspection/repair for buildings,就樓宇訂明檢驗／訂明修葺所發出的法定通知,1349222,BLK 1 SERENE GARDEN 77 TSING KING RD TSING YI,1349222,BLK 1 SERENE GARDEN 77 TSING KING RD TSING YI,TOW,TOW,1,1,823832.6,829123.5,22.3535984,114.10751354,2025/07/30 11:44:47+00
12703192.3211282,2556541.69188601,84,Statutory Notices issued on prescribed inspection/repair for buildings,就樓宇訂明檢驗／訂明修葺所發出的法定通知,2049623,BLK 1 TSUEN KAM CENTRE 342 CASTLE PEAK RD TSUEN WAN TSUEN WAN,2049623,BLK 1 TSUEN KAM CENTRE 342 CASTLE PEAK RD TSUEN WAN TSUEN WAN,TOW,TOW,1,1,826140.8,829866.6,22.37444527,114.11471813,2025/07/30 11:44:47+00
12713095.5900593,2558138.27775084,85,Statutory Notices issued on prescribed inspection/repair for buildings,就樓宇訂明檢驗／訂明修葺所發出的法定通知,1486484,BLK 10 CITY ONE SHATIN 1 TAK KEI ST SHA TIN,1486484,BLK 10 CITY ONE SHATIN 1 TAK KEI ST SHA TIN,TOW,TOW,1,1,827608.3,839028.5,22.3877081,114.20368108,2025/07/30 11:44:47+00
12705258.8476294,2572360.36320841,86,Statutory Notices issued on prescribed inspection/repair for buildings,就樓宇訂明檢驗／訂明修葺所發出的法定通知,1695527,BLK 10 ON KWOK VILLA OFF JOCKEY CLUB RD SHEUNG SHUI,1695527,BLK 10 ON KWOK VILLA OFF JOCKEY CLUB RD SHEUNG SHUI,TOW,TOW,1,1,840684.4,831782.7,22.50578715,114.1332825,2025/07/30 11:44:47+00
12713076.1229969,2558085.87736961,87,Statutory Notices issued on prescribed inspection/repair for buildings,就樓宇訂明檢驗／訂明修葺所發出的法定通知,1488994,BLK 11 CITY ONE SHATIN 2 TAK LEE ST SHA TIN,1488994,BLK 11 CITY ONE SHATIN 2 TAK LEE ST SHA TIN,TOW,TOW,1,1,827560.1,839010.5,22.38727241,114.2035062,2025/07/30 11:44:47+00
12705262.1999633,2572365.80483415,88,Statutory Notices issued on prescribed inspection/repair for buildings,就樓宇訂明檢驗／訂明修葺所發出的法定通知,1699826,BLK 11 ON KWOK VILLA OFF JOCKEY CLUB RD SHEUNG SHUI,1699826,BLK 11 ON KWOK VILLA OFF JOCKEY CLUB RD SHEUNG SHUI,TOW,TOW,1,1,840689.4,831785.8,22.50583201,114.13331266,2025/07/30 11:44:47+00
12713003.2768021,2558157.53784787,89,Statutory Notices issued on prescribed inspection/repair for buildings,就樓宇訂明檢驗／訂明修葺所發出的法定通知,1489421,BLK 12 CITY ONE SHATIN 4 TAK LEE ST SHA TIN,1489421,BLK 12 CITY ONE SHATIN 4 TAK LEE ST SHA TIN,TOW,TOW,1,1,827626,838943.1,22.38786763,114.20285114,2025/07/30 11:44:47+00
12705266.7422704,2572371.68206056,90,Statutory Notices issued on prescribed inspection/repair for buildings,就樓宇訂明檢驗／訂明修葺所發出的法定通知,1699857,BLK 12 ON KWOK VILLA OFF JOCKEY CLUB RD SHEUNG SHUI,1699857,BLK 12 ON KWOK VILLA OFF JOCKEY CLUB RD SHEUNG SHUI,TOW,TOW,1,1,840694.8,831790,22.50588078,114.13335331,2025/07/30 11:44:47+00
12712904.698506,2558206.47967449,91,Statutory Notices issued on prescribed inspection/repair for buildings,就樓宇訂明檢驗／訂明修葺所發出的法定通知,1510547,BLK 13 CITY ONE SHATIN 1 PAK LEE ST SHA TIN,1510547,BLK 13 CITY ONE SHATIN 1 PAK LEE ST SHA TIN,TOW,TOW,109,109,827671,838851.9,22.38827393,114.2019662,2025/07/30 11:44:47+00
12712865.0193444,2558165.82419802,92,Statutory Notices issued on prescribed inspection/repair for buildings,就樓宇訂明檢驗／訂明修葺所發出的法定通知,1479266,BLK 14 CITY ONE SHATIN 3 PAK LEE ST SHA TIN,1479266,BLK 14 CITY ONE SHATIN 3 PAK LEE ST SHA TIN,TOW,TOW,109,109,827633.6,838815.2,22.38793617,114.20161,2025/07/30 11:44:47+00
12705225.2140958,2572313.23741849,93,Statutory Notices issued on prescribed inspection/repair for buildings,就樓宇訂明檢驗／訂明修葺所發出的法定通知,1699877,BLK 14 ON KWOK VILLA OFF JOCKEY CLUB RD SHEUNG SHUI,1699877,BLK 14 ON KWOK VILLA OFF JOCKEY CLUB RD SHEUNG SHUI,TOW,TOW,1,1,840641.1,831751.6,22.50539585,114.13297954,2025/07/30 11:44:47+00
12705230.9494773,2572308.77779286,94,Statutory Notices issued on prescribed inspection/repair for buildings,就樓宇訂明檢驗／訂明修葺所發出的法定通知,1699894,BLK 15 ON KWOK VILLA OFF JOCKEY CLUB RD SHEUNG SHUI,1699894,BLK 15 ON KWOK VILLA OFF JOCKEY CLUB RD SHEUNG SHUI,TOW,TOW,1,1,840637,831756.9,22.50535913,114.13303136,2025/07/30 11:44:47+00
12705240.1492177,2572296.48468515,95,Statutory Notices issued on prescribed inspection/repair for buildings,就樓宇訂明檢驗／訂明修葺所發出的法定通知,1663301,BLK 16 ON KWOK VILLA OFF JOCKEY CLUB RD SHEUNG SHUI,1663301,BLK 16 ON KWOK VILLA OFF JOCKEY CLUB RD SHEUNG SHUI,TOW,TOW,1,1,840625.7,831765.4,22.50525742,114.1331145,2025/07/30 11:44:47+00
12705246.858048,2572292.89584396,96,Statutory Notices issued on prescribed inspection/repair for buildings,就樓宇訂明檢驗／訂明修葺所發出的法定通知,1678329,BLK 17 ON KWOK VILLA OFF JOCKEY CLUB RD SHEUNG SHUI,1678329,BLK 17 ON KWOK VILLA OFF JOCKEY CLUB RD SHEUNG SHUI,TOW,TOW,1,1,840622.4,831771.6,22.50522711,114.13317456,2025/07/30 11:44:47+00
12705256.3801959,2572288.00207589,97,Statutory Notices issued on prescribed inspection/repair for buildings,就樓宇訂明檢驗／訂明修葺所發出的法定通知,1678340,BLK 18 ON KWOK VILLA OFF JOCKEY CLUB RD SHEUNG SHUI,1678340,BLK 18 ON KWOK VILLA OFF JOCKEY CLUB RD SHEUNG SHUI,TOW,TOW,1,1,840617.9,831780.4,22.50518663,114.13325994,2025/07/30 11:44:47+00
12705263.1972094,2572284.41326154,98,Statutory Notices issued on prescribed inspection/repair for buildings,就樓宇訂明檢驗／訂明修葺所發出的法定通知,1678347,BLK 19 ON KWOK VILLA OFF JOCKEY CLUB RD SHEUNG SHUI,1678347,BLK 19 ON KWOK VILLA OFF JOCKEY CLUB RD SHEUNG SHUI,TOW,TOW,1,1,840614.6,831786.7,22.50515676,114.13332137,2025/07/30 11:44:47+00
12705195.0190315,2572347.28686194,99,Statutory Notices issued on prescribed inspection/repair for buildings,就樓宇訂明檢驗／訂明修葺所發出的法定通知,1693555,BLK 2 ON KWOK VILLA OFF JOCKEY CLUB RD SHEUNG SHUI,1693555,BLK 2 ON KWOK VILLA OFF JOCKEY CLUB RD SHEUNG SHUI,TOW,TOW,1,1,840672.4,831723.7,22.50567866,114.13270863,2025/07/30 11:44:47+00
12702442.2441557,2554034.98362041,100,Statutory Notices issued on prescribed inspection/repair for buildings,就樓宇訂明檢驗／訂明修葺所發出的法定通知,1349697,BLK 2 SERENE GARDEN 77 TSING KING RD TSING YI,1349697,BLK 2 SERENE GARDEN 77 TSING KING RD TSING YI,TOW,TOW,1,1,823835.1,829171.6,22.35362114,114.10798044,2025/07/30 11:44:47+00
12703244.3241564,2556511.38286653,101,Statutory Notices issued on prescribed inspection/repair for buildings,就樓宇訂明檢驗／訂明修葺所發出的法定通知,644460,BLK 2 TSUEN KAM CENTRE 328 CASTLE PEAK RD TSUEN WAN TSUEN WAN,644460,BLK 2 TSUEN KAM CENTRE 328 CASTLE PEAK RD TSUEN WAN TSUEN WAN,TOW,TOW,1,1,826112.9,829914.7,22.37419372,114.11518582,2025/07/30 11:44:47+00
12705272.9357279,2572279.51954967,102,Statutory Notices issued on prescribed inspection/repair for buildings,就樓宇訂明檢驗／訂明修葺所發出的法定通知,1678489,BLK 20 ON KWOK VILLA OFF JOCKEY CLUB RD SHEUNG SHUI,1678489,BLK 20 ON KWOK VILLA OFF JOCKEY CLUB RD SHEUNG SHUI,TOW,TOW,1,1,840610.1,831795.7,22.50511632,114.13340819,2025/07/30 11:44:47+00
12705279.3199744,2572275.93060417,103,Statutory Notices issued on prescribed inspection/repair for buildings,就樓宇訂明檢驗／訂明修葺所發出的法定通知,1678732,BLK 21 ON KWOK VILLA OFF JOCKEY CLUB RD SHEUNG SHUI,1678732,BLK 21 ON KWOK VILLA OFF JOCKEY CLUB RD SHEUNG SHUI,TOW,TOW,1,1,840606.8,831801.6,22.50508688,114.13346573,2025/07/30 11:44:47+00
12705289.0585457,2572270.81926065,104,Statutory Notices issued on prescribed inspection/repair for buildings,就樓宇訂明檢驗／訂明修葺所發出的法定通知,1678739,BLK 22 ON KWOK VILLA OFF JOCKEY CLUB RD SHEUNG SHUI,1678739,BLK 22 ON KWOK VILLA OFF JOCKEY CLUB RD SHEUNG SHUI,TOW,TOW,1,1,840602.1,831810.6,22.50504444,114.13355386,2025/07/30 11:44:47+00
12705295.8755453,2572267.23043647,105,Statutory Notices issued on prescribed inspection/repair for buildings,就樓宇訂明檢驗／訂明修葺所發出的法定通知,1678982,BLK 23 ON KWOK VILLA OFF JOCKEY CLUB RD SHEUNG SHUI,1678982,BLK 23 ON KWOK VILLA OFF JOCKEY CLUB RD SHEUNG SHUI,TOW,TOW,1,1,840598.8,831816.9,22.5050146,114.13361464,2025/07/30 11:44:47+00
12705305.2895056,2572262.22780399,106,Statutory Notices issued on prescribed inspection/repair for buildings,就樓宇訂明檢驗／訂明修葺所發出的法定通知,1679883,BLK 24 ON KWOK VILLA OFF JOCKEY CLUB RD SHEUNG SHUI,1679883,BLK 24 ON KWOK VILLA OFF JOCKEY CLUB RD SHEUNG SHUI,TOW,TOW,1,1,840594.2,831825.6,22.50497244,114.13369967,2025/07/30 11:44:47+00
12705311.9983083,2572258.63894362,107,Statutory Notices issued on prescribed inspection/repair for buildings,就樓宇訂明檢驗／訂明修葺所發出的法定通知,1686818,BLK 25 ON KWOK VILLA OFF JOCKEY CLUB RD SHEUNG SHUI,1686818,BLK 25 ON KWOK VILLA OFF JOCKEY CLUB RD SHEUNG SHUI,TOW,TOW,1,1,840590.9,831831.8,22.5049429,114.13376001,2025/07/30 11:44:47+00
12705321.5204178,2572253.74514793,108,Statutory Notices issued on prescribed inspection/repair for buildings,就樓宇訂明檢驗／訂明修葺所發出的法定通知,1679966,BLK 26 ON KWOK VILLA OFF JOCKEY CLUB RD SHEUNG SHUI,1679966,BLK 26 ON KWOK VILLA OFF JOCKEY CLUB RD SHEUNG SHUI,TOW,TOW,1,1,840586.4,831840.6,22.50490268,114.13384503,2025/07/30 11:44:47+00
12705328.3373725,2572250.26512614,109,Statutory Notices issued on prescribed inspection/repair for buildings,就樓宇訂明檢驗／訂明修葺所發出的法定通知,1679995,BLK 27 ON KWOK VILLA OFF JOCKEY CLUB RD SHEUNG SHUI,1679995,BLK 27 ON KWOK VILLA OFF JOCKEY CLUB RD SHEUNG SHUI,TOW,TOW,1,1,840583.2,831846.9,22.5048732,114.13390601,2025/07/30 11:44:47+00
12705355.7057309,2572263.22165294,110,Statutory Notices issued on prescribed inspection/repair for buildings,就樓宇訂明檢驗／訂明修葺所發出的法定通知,1687967,BLK 28 ON KWOK VILLA OFF JOCKEY CLUB RD SHEUNG SHUI,1687967,BLK 28 ON KWOK VILLA OFF JOCKEY CLUB RD SHEUNG SHUI,TOW,TOW,1,1,840595.1,831872.2,22.50498125,114.13415247,2025/07/30 11:44:47+00
12705346.7247303,2572267.5715651,111,Statutory Notices issued on prescribed inspection/repair for buildings,就樓宇訂明檢驗／訂明修葺所發出的法定通知,1687976,BLK 29 ON KWOK VILLA OFF JOCKEY CLUB RD SHEUNG SHUI,1687976,BLK 29 ON KWOK VILLA OFF JOCKEY CLUB RD SHEUNG SHUI,TOW,TOW,1,1,840599.1,831863.9,22.50501703,114.1340719,2025/07/30 11:44:47+00
12705200.8621133,2572344.56827409,112,Statutory Notices issued on prescribed inspection/repair for buildings,就樓宇訂明檢驗／訂明修葺所發出的法定通知,1693686,BLK 3 ON KWOK VILLA OFF JOCKEY CLUB RD SHEUNG SHUI,1693686,BLK 3 ON KWOK VILLA OFF JOCKEY CLUB RD SHEUNG SHUI,TOW,TOW,1,1,840669.9,831729.1,22.50565595,114.13276138,2025/07/30 11:44:47+00
12702470.9688405,2554084.99687879,113,Statutory Notices issued on prescribed inspection/repair for buildings,就樓宇訂明檢驗／訂明修葺所發出的法定通知,1350038,BLK 3 SERENE GARDEN 77 TSING KING RD TSING YI,1350038,BLK 3 SERENE GARDEN 77 TSING KING RD TSING YI,TOW,TOW,1,1,823881.1,829198.2,22.35403635,114.10823863,2025/07/30 11:44:47+00
12705337.9575344,2572280.95295938,114,Statutory Notices issued on prescribed inspection/repair for buildings,就樓宇訂明檢驗／訂明修葺所發出的法定通知,1687989,BLK 30 ON KWOK VILLA OFF JOCKEY CLUB RD SHEUNG SHUI,1687989,BLK 30 ON KWOK VILLA OFF JOCKEY CLUB RD SHEUNG SHUI,TOW,TOW,1,1,840611.4,831855.8,22.50512798,114.13399303,2025/07/30 11:44:47+00
12705328.9765197,2572285.30286645,115,Statutory Notices issued on prescribed inspection/repair for buildings,就樓宇訂明檢驗／訂明修葺所發出的法定通知,1688002,BLK 31 ON KWOK VILLA OFF JOCKEY CLUB RD SHEUNG SHUI,1688002,BLK 31 ON KWOK VILLA OFF JOCKEY CLUB RD SHEUNG SHUI,TOW,TOW,1,1,840615.4,831847.5,22.50516403,114.13391185,2025/07/30 11:44:47+00
12705315.7750909,2572293.13354746,116,Statutory Notices issued on prescribed inspection/repair for buildings,就樓宇訂明檢驗／訂明修葺所發出的法定通知,1688015,BLK 32 ON KWOK VILLA OFF JOCKEY CLUB RD SHEUNG SHUI,1688015,BLK 32 ON KWOK VILLA OFF JOCKEY CLUB RD SHEUNG SHUI,TOW,TOW,1,1,840622.6,831835.3,22.50522891,114.13379337,2025/07/30 11:44:47+00
12705306.5776836,2572297.4833829,117,Statutory Notices issued on prescribed inspection/repair for buildings,就樓宇訂明檢驗／訂明修葺所發出的法定通知,1688022,BLK 33 ON KWOK VILLA OFF JOCKEY CLUB RD SHEUNG SHUI,1688022,BLK 33 ON KWOK VILLA OFF JOCKEY CLUB RD SHEUNG SHUI,TOW,TOW,1,1,840626.6,831826.8,22.50526572,114.13371132,2025/07/30 11:44:47+00
12705294.3501341,2572304.66145952,118,Statutory Notices issued on prescribed inspection/repair for buildings,就樓宇訂明檢驗／訂明修葺所發出的法定通知,1688030,BLK 34 ON KWOK VILLA OFF JOCKEY CLUB RD SHEUNG SHUI,1688030,BLK 34 ON KWOK VILLA OFF JOCKEY CLUB RD SHEUNG SHUI,TOW,TOW,1,1,840633.2,831815.5,22.50532444,114.13360072,2025/07/30 11:44:47+00
12705285.3691267,2572308.90253644,119,Statutory Notices issued on prescribed inspection/repair for buildings,就樓宇訂明檢驗／訂明修葺所發出的法定通知,1688039,BLK 35 ON KWOK VILLA OFF JOCKEY CLUB RD SHEUNG SHUI,1688039,BLK 35 ON KWOK VILLA OFF JOCKEY CLUB RD SHEUNG SHUI,TOW,TOW,1,1,840637.1,831807.2,22.50536015,114.1335205,2025/07/30 11:44:47+00
12705273.1415912,2572315.97178963,120,Statutory Notices issued on prescribed inspection/repair for buildings,就樓宇訂明檢驗／訂明修葺所發出的法定通知,1688048,BLK 36 ON KWOK VILLA OFF JOCKEY CLUB RD SHEUNG SHUI,1688048,BLK 36 ON KWOK VILLA OFF JOCKEY CLUB RD SHEUNG SHUI,TOW,TOW,1,1,840643.6,831795.9,22.50541898,114.13341073,2025/07/30 11:44:47+00
12705264.2687941,2572320.10407689,121,Statutory Notices issued on prescribed inspection/repair for buildings,就樓宇訂明檢驗／訂明修葺所發出的法定通知,1688090,BLK 37 ON KWOK VILLA OFF JOCKEY CLUB RD SHEUNG SHUI,1688090,BLK 37 ON KWOK VILLA OFF JOCKEY CLUB RD SHEUNG SHUI,TOW,TOW,1,1,840647.4,831787.7,22.5054527,114.13333113,2025/07/30 11:44:47+00
12705287.3086627,2572336.32388546,122,Statutory Notices issued on prescribed inspection/repair for buildings,就樓宇訂明檢驗／訂明修葺所發出的法定通知,1688101,BLK 38 ON KWOK VILLA OFF JOCKEY CLUB RD SHEUNG SHUI,1688101,BLK 38 ON KWOK VILLA OFF JOCKEY CLUB RD SHEUNG SHUI,TOW,TOW,1,1,840662.3,831809,22.5055879,114.13353769,2025/07/30 11:44:47+00
12705290.6598124,2572345.90038277,123,Statutory Notices issued on prescribed inspection/repair for buildings,就樓宇訂明檢驗／訂明修葺所發出的法定通知,1688220,BLK 39 ON KWOK VILLA OFF JOCKEY CLUB RD SHEUNG SHUI,1688220,BLK 39 ON KWOK VILLA OFF JOCKEY CLUB RD SHEUNG SHUI,TOW,TOW,1,1,840671.1,831812.1,22.50566706,114.13356832,2025/07/30 11:44:47+00
12713024.2663229,2558263.10357258,124,Statutory Notices issued on prescribed inspection/repair for buildings,就樓宇訂明檢驗／訂明修葺所發出的法定通知,1488513,BLK 4 CITY ONE SHATIN 8 TAK KEI ST SHA TIN,1488513,BLK 4 CITY ONE SHATIN 8 TAK KEI ST SHA TIN,TOW,TOW,109,109,827723.1,838962.5,22.38874446,114.20304006,2025/07/30 11:44:47+00
12705206.9220515,2572340.21755745,125,Statutory Notices issued on prescribed inspection/repair for buildings,就樓宇訂明檢驗／訂明修葺所發出的法定通知,1693918,BLK 4 ON KWOK VILLA OFF JOCKEY CLUB RD SHEUNG SHUI,1693918,BLK 4 ON KWOK VILLA OFF JOCKEY CLUB RD SHEUNG SHUI,TOW,TOW,1,1,840665.9,831734.7,22.50562,114.13281611,2025/07/30 11:44:47+00
12712981.4584951,2558261.37145558,126,Statutory Notices issued on prescribed inspection/repair for buildings,就樓宇訂明檢驗／訂明修葺所發出的法定通知,1511289,BLK 5 CITY ONE SHATIN 10 TAK KEI ST SHA TIN,1511289,BLK 5 CITY ONE SHATIN 10 TAK KEI ST SHA TIN,TOW,TOW,110,110,827721.5,838922.9,22.38872985,114.20265557,2025/07/30 11:44:47+00
12705236.6775175,2572329.56268749,127,Statutory Notices issued on prescribed inspection/repair for buildings,就樓宇訂明檢驗／訂明修葺所發出的法定通知,1694120,BLK 5 ON KWOK VILLA OFF JOCKEY CLUB RD SHEUNG SHUI,1694120,BLK 5 ON KWOK VILLA OFF JOCKEY CLUB RD SHEUNG SHUI,TOW,TOW,1,1,840656.1,831762.2,22.50553108,114.13308258,2025/07/30 11:44:47+00
12710699.2118154,2550877.02488299,128,Statutory Notices issued on prescribed inspection/repair for buildings,就樓宇訂明檢驗／訂明修葺所發出的法定通知,141344,BLK 6 BEVERLY VILLA 16 LA SALLE RD,141344,BLK 6 BEVERLY VILLA 16 LA SALLE RD,TOW,TOW,1,1,820927.9,836811.9,22.32738205,114.1821538,2025/07/30 11:44:47+00
12712944.3778409,2558247.02643067,129,Statutory Notices issued on prescribed inspection/repair for buildings,就樓宇訂明檢驗／訂明修葺所發出的法定通知,1488654,BLK 6 CITY ONE SHATIN 12 TAK KEI ST SHA TIN,1488654,BLK 6 CITY ONE SHATIN 12 TAK KEI ST SHA TIN,TOW,TOW,109,109,827708.3,838888.6,22.38861109,114.20232265,2025/07/30 11:44:47+00
12705241.2198692,2572335.22228288,130,Statutory Notices issued on prescribed inspection/repair for buildings,就樓宇訂明檢驗／訂明修葺所發出的法定通知,1694529,BLK 6 ON KWOK VILLA OFF JOCKEY CLUB RD SHEUNG SHUI,1694529,BLK 6 ON KWOK VILLA OFF JOCKEY CLUB RD SHEUNG SHUI,TOW,TOW,1,1,840661.3,831766.4,22.50557872,114.1331238,2025/07/30 11:44:47+00
12705244.5722239,2572340.55509135,131,Statutory Notices issued on prescribed inspection/repair for buildings,就樓宇訂明檢驗／訂明修葺所發出的法定通知,1695207,BLK 7 ON KWOK VILLA OFF JOCKEY CLUB RD SHEUNG SHUI,1695207,BLK 7 ON KWOK VILLA OFF JOCKEY CLUB RD SHEUNG SHUI,TOW,TOW,1,1,840666.2,831769.5,22.50562316,114.13315405,2025/07/30 11:44:47+00
12705249.0063591,2572346.3234693,132,Statutory Notices issued on prescribed inspection/repair for buildings,就樓宇訂明檢驗／訂明修葺所發出的法定通知,1695254,BLK 8 ON KWOK VILLA OFF JOCKEY CLUB RD SHEUNG SHUI,1695254,BLK 8 ON KWOK VILLA OFF JOCKEY CLUB RD SHEUNG SHUI,TOW,TOW,1,1,840671.5,831773.6,22.50567067,114.13319369,2025/07/30 11:44:47+00
12710808.4530931,2550881.91105101,133,Statutory Notices issued on prescribed inspection/repair for buildings,就樓宇訂明檢驗／訂明修葺所發出的法定通知,141567,BLK 9 BEVERLY VILLA 16 LA SALLE RD,141567,BLK 9 BEVERLY VILLA 16 LA SALLE RD,TOW,TOW,1,1,820932.4,836913,22.32742277,114.18313459,2025/07/30 11:44:47+00
12713058.1942744,2558175.2498995,134,Statutory Notices issued on prescribed inspection/repair for buildings,就樓宇訂明檢驗／訂明修葺所發出的法定通知,1510758,BLK 9 CITY ONE SHATIN 3 TAK KEI ST SHA TIN,1510758,BLK 9 CITY ONE SHATIN 3 TAK KEI ST SHA TIN,TOW,TOW,1,1,827642.3,838993.9,22.3880152,114.2033446,2025/07/30 11:44:47+00
12705254.1971375,2572354.48595208,135,Statutory Notices issued on prescribed inspection/repair for buildings,就樓宇訂明檢驗／訂明修葺所發出的法定通知,1695522,BLK 9 ON KWOK VILLA OFF JOCKEY CLUB RD SHEUNG SHUI,1695522,BLK 9 ON KWOK VILLA OFF JOCKEY CLUB RD SHEUNG SHUI,TOW,TOW,1,1,840679,831778.4,22.50573816,114.13324034,2025/07/30 11:44:47+00
12710868.9781697,2556012.49595321,136,Statutory Notices issued on prescribed inspection/repair for buildings,就樓宇訂明檢驗／訂明修葺所發出的法定通知,1747494,BLK A GREENVIEW GARDEN 1/3 CHUI TIN ST SHA TIN,1747494,BLK A GREENVIEW GARDEN 1/3 CHUI TIN ST SHA TIN,TOW,TOW,1,1,825652.7,836968.8,22.37004986,114.1836786,2025/07/30 11:44:47+00
12703314.250223,2555992.97445904,137,Statutory Notices issued on prescribed inspection/repair for buildings,就樓宇訂明檢驗／訂明修葺所發出的法定通知,1582638,BLK B 93/95 CHUEN LUNG ST TSUEN WAN,1582638,BLK B 93/95 CHUEN LUNG ST TSUEN WAN,TOW,TOW,3,3,825636,829979.2,22.36988752,114.11581307,2025/07/30 11:44:47+00
12710897.9458668,2556029.77923566,138,Statutory Notices issued on prescribed inspection/repair for buildings,就樓宇訂明檢驗／訂明修葺所發出的法定通知,1748483,BLK B GREENVIEW GARDEN 1/3 CHUI TIN ST SHA TIN,1748483,BLK B GREENVIEW GARDEN 1/3 CHUI TIN ST SHA TIN,TOW,TOW,1,1,825668.6,836995.6,22.37019349,114.18393925,2025/07/30 11:44:47+00
12710927.2379013,2556047.49730348,139,Statutory Notices issued on prescribed inspection/repair for buildings,就樓宇訂明檢驗／訂明修葺所發出的法定通知,1748645,BLK C GREENVIEW GARDEN 1/3 CHUI TIN ST SHA TIN,1748645,BLK C GREENVIEW GARDEN 1/3 CHUI TIN ST SHA TIN,TOW,TOW,1,1,825684.9,837022.7,22.3703405,114.18420171,2025/07/30 11:44:47+00
12711381.1627556,2549864.48602152,140,Statutory Notices issued on prescribed inspection/repair for buildings,就樓宇訂明檢驗／訂明修葺所發出的法定通知,1686923,BLK D 11/17A SHEUNG HEUNG RD,1686923,BLK D 11/17A SHEUNG HEUNG RD,TOW,TOW,68,68,819996.2,837443.1,22.31896837,114.18828004,2025/07/30 11:44:47+00
12711399.7497323,2549904.47489633,141,Statutory Notices issued on prescribed inspection/repair for buildings,就樓宇訂明檢驗／訂明修葺所發出的法定通知,1810577,BLK F 21/35 HUNG KWONG ST,1810577,BLK F 21/35 HUNG KWONG ST,TOW,TOW,11,11,820033,837460.3,22.31930009,114.18844645,2025/07/30 11:44:47+00
12710388.8074084,2552697.12058354,142,Statutory Notices issued on prescribed inspection/repair for buildings,就樓宇訂明檢驗／訂明修葺所發出的法定通知,1081530,BLOCK 6 LUNG CHEUNG COURT NO.23 BROADCAST DRIVE KOWLOON,1081530,BLOCK 6 LUNG CHEUNG COURT NO.23 BROADCAST DRIVE KOWLOON,TOW,TOW,20,20,822602.6,836524.6,22.34250583,114.1793655,2025/07/30 11:44:47+00
12710451.3757983,2552660.2744865,143,Statutory Notices issued on prescribed inspection/repair for buildings,就樓宇訂明檢驗／訂明修葺所發出的法定通知,1081975,BLOCK 8 LUNG CHEUNG COURT NO.19 BROADCAST DRIVE KOWLOON,1081975,BLOCK 8 LUNG CHEUNG COURT NO.19 BROADCAST DRIVE KOWLOON,TOW,TOW,24,24,822568.7,836582.5,22.34219923,114.17992757,2025/07/30 11:44:47+00
12710418.7407979,2552676.5781817,144,Statutory Notices issued on prescribed inspection/repair for buildings,就樓宇訂明檢驗／訂明修葺所發出的法定通知,1082003,BLOCK 9 LUNG CHEUNG COURT NO.17 BROADCAST DRIVE KOWLOON,1082003,BLOCK 9 LUNG CHEUNG COURT NO.17 BROADCAST DRIVE KOWLOON,TOW,TOW,24,24,822583.7,836552.3,22.34233505,114.17963395,2025/07/30 11:44:47+00
12708980.822913,2549706.81846952,145,Statutory Notices issued on prescribed inspection/repair for buildings,就樓宇訂明檢驗／訂明修葺所發出的法定通知,253103,BLOCK A SHUN KING BUILDING 325/334B FERRY ST,253103,BLOCK A SHUN KING BUILDING 325/334B FERRY ST,TOW,TOW,2,2,819851.1,835221.5,22.31765801,114.16671688,2025/07/30 11:44:47+00
12714251.8989764,2545710.97193847,146,Statutory Notices issued on prescribed inspection/repair for buildings,就樓宇訂明檢驗／訂明修葺所發出的法定通知,2106887,BO FUNG GARDENS BLK A 1090 KING'S RD,2106887,BO FUNG GARDENS BLK A 1090 KING'S RD,TOW,TOW,1,1,816174,840101,22.28444718,114.21406764,2025/07/30 11:44:47+00
12710610.1172805,2552512.56550181,147,Statutory Notices issued on prescribed inspection/repair for buildings,就樓宇訂明檢驗／訂明修葺所發出的法定通知,1064794,BOLAND COURT PHASE II 12 BROADCAST DRIVE,1064794,BOLAND COURT PHASE II 12 BROADCAST DRIVE,TOW,TOW,2,2,822432.8,836729.4,22.34097209,114.18135302,2025/07/30 11:44:47+00
12706718.6347215,2545643.56697691,148,Statutory Notices issued on prescribed inspection/repair for buildings,就樓宇訂明檢驗／訂明修葺所發出的法定通知,315477,BONANZA COURT 3 BONHAM RD,315477,BONANZA COURT 3 BONHAM RD,TOW,TOW,2,2,816111.8,833127,22.28388713,114.14639529,2025/07/30 11:44:47+00
12703694.9068712,2555760.16530287,149,Statutory Notices issued on prescribed inspection/repair for buildings,就樓宇訂明檢驗／訂明修葺所發出的法定通知,1862736,BONSUN INDUSTRIAL BUILDING 364/366 SHA TSUI RD TSUEN WAN TSUEN WAN,1862736,BONSUN INDUSTRIAL BUILDING 364/366 SHA TSUI RD TSUEN WAN TSUEN WAN,TOW,TOW,2,2,825421.7,830331.3,22.36795359,114.11923306,2025/07/30 11:44:47+00
12708440.4664437,2544462.16500956,150,Statutory Notices issued on prescribed inspection/repair for buildings,就樓宇訂明檢驗／訂明修葺所發出的法定通知,1930758,BORRETT MANSIONS 8A/9B BOWEN RD,1930758,BORRETT MANSIONS 8A/9B BOWEN RD,TOW,TOW,1,1,815024.1,834720.9,22.27406655,114.16186314,2025/07/30 11:44:47+00
12711066.6994382,2550896.02603571,151,Statutory Notices issued on prescribed inspection/repair for buildings,就樓宇訂明檢驗／訂明修葺所發出的法定通知,240565,BOUNDARY CREST 177/177A BOUNDARY ST,240565,BOUNDARY CREST 177/177A BOUNDARY ST,TOW,TOW,1,1,820945.4,837152,22.3275401,114.18545519,2025/07/30 11:44:47+00
12711008.1373928,2544866.8932699,152,Statutory Notices issued on prescribed inspection/repair for buildings,就樓宇訂明檢驗／訂明修葺所發出的法定通知,778299,BRIGHT STAR MANSION 95/97 LEIGHTON RD,778299,BRIGHT STAR MANSION 95/97 LEIGHTON RD,TOW,TOW,23,23,815396.6,837098.1,22.27743066,114.18492881,2025/07/30 11:44:47+00
12711217.1134639,2550968.72093065,153,Statutory Notices issued on prescribed inspection/repair for buildings,就樓宇訂明檢驗／訂明修葺所發出的法定通知,1430167,CAMAY HOUSE 4/4A GRAMPIAN RD,1430167,CAMAY HOUSE 4/4A GRAMPIAN RD,TOW,TOW,1,1,821012.3,837291.2,22.32814442,114.1868062,2025/07/30 11:44:47+00
12708501.5788909,2551521.30810399,154,Statutory Notices issued on prescribed inspection/repair for buildings,就樓宇訂明檢驗／訂明修葺所發出的法定通知,189711,CAPITAL BUILDING 85/95 UN CHAU ST,189711,CAPITAL BUILDING 85/95 UN CHAU ST,POD,POD,1,1,821520.8,834778.1,22.33273565,114.16241231,2025/07/30 11:44:47+00
12715410.5857804,2545245.6598523,155,Statutory Notices issued on prescribed inspection/repair for buildings,就樓宇訂明檢驗／訂明修葺所發出的法定通知,1492482,CAPITOL MANSION 195/201A SHAU KEI WAN RD,1492482,CAPITOL MANSION 195/201A SHAU KEI WAN RD,TOW,TOW,5,5,815746,841173.8,22.28057952,114.22447655,2025/07/30 11:44:47+00
12707163.3040539,2545281.441383,156,Statutory Notices issued on prescribed inspection/repair for buildings,就樓宇訂明檢驗／訂明修葺所發出的法定通知,514713,CARBLE GARDEN 2/3 SEYMOUR TERRACE,514713,CARBLE GARDEN 2/3 SEYMOUR TERRACE,TOW,TOW,2,2,815778.4,833538.6,22.28087709,114.15038983,2025/07/30 11:44:47+00
12715192.2646122,2548771.01814719,157,Statutory Notices issued on prescribed inspection/repair for buildings,就樓宇訂明檢驗／訂明修葺所發出的法定通知,682612,CAREER AND KENSON INDUSTRIAL MANSION 58 HUNG TO RD,682612,CAREER AND KENSON INDUSTRIAL MANSION 58 HUNG TO RD,TOW,TOW,1,1,818990.6,840970.7,22.30988118,114.2225157,2025/07/30 11:44:47+00
12708782.6749524,2551001.09089686,158,Statutory Notices issued on prescribed inspection/repair for buildings,就樓宇訂明檢驗／訂明修葺所發出的法定通知,280497,95/99 CHEUNG SHA WAN RD,280497,95/99 CHEUNG SHA WAN RD,TOW,TOW,1,1,821042.1,835038.2,22.32841353,114.16493753,2025/07/30 11:44:47+00
12709376.9043966,2549973.51425583,159,Statutory Notices issued on prescribed inspection/repair for buildings,就樓宇訂明檢驗／訂明修葺所發出的法定通知,178421,95/99 TUNG CHOI ST,178421,95/99 TUNG CHOI ST,TOW,TOW,12,12,820096.5,835588.1,22.31987371,114.17027567,2025/07/30 11:44:47+00
12708632.5607634,2551323.7416086,160,Statutory Notices issued on prescribed inspection/repair for buildings,就樓宇訂明檢驗／訂明修葺所發出的法定通知,201761,95A FUK WING ST,201761,95A FUK WING ST,TOW,TOW,1,1,821339,834899.3,22.3310938,114.16358853,2025/07/30 11:44:47+00
12711775.6649196,2545753.33864108,161,Statutory Notices issued on prescribed inspection/repair for buildings,就樓宇訂明檢驗／訂明修葺所發出的法定通知,1451670,96 ELECTRIC RD,1451670,96 ELECTRIC RD,TOW,TOW,7,7,816212.6,837808.6,22.28479915,114.19182321,2025/07/30 11:44:47+00
12708548.8485299,2550991.39851399,162,Statutory Notices issued on prescribed inspection/repair for buildings,就樓宇訂明檢驗／訂明修葺所發出的法定通知,682416,96 NAM CHEONG ST,682416,96 NAM CHEONG ST,TOW,TOW,1,1,821033.2,834821.8,22.32833244,114.16283652,2025/07/30 11:44:47+00
12708477.9508639,2551144.30004531,163,Statutory Notices issued on prescribed inspection/repair for buildings,就樓宇訂明檢驗／訂明修葺所發出的法定通知,296053,96/96C PEI HO ST,296053,96/96C PEI HO ST,TOW,TOW,1,1,821173.9,834756.2,22.32960333,114.16220003,2025/07/30 11:44:47+00
12706077.2622567,2545910.14377447,164,Statutory Notices issued on prescribed inspection/repair for buildings,就樓宇訂明檢驗／訂明修葺所發出的法定通知,651783,96/98 SECOND ST,651783,96/98 SECOND ST,TOW,TOW,2,2,816357.3,832533.3,22.28610301,114.14063388,2025/07/30 11:44:47+00
12708465.0560609,2551518.1528397,165,Statutory Notices issued on prescribed inspection/repair for buildings,就樓宇訂明檢驗／訂明修葺所發出的法定通知,205674,96/98 YEN CHOW ST,205674,96/98 YEN CHOW ST,TOW,TOW,1,1,821517.9,834744.3,22.33270941,114.1620844,2025/07/30 11:44:47+00
12708836.9534135,2550526.18582251,166,Statutory Notices issued on prescribed inspection/repair for buildings,就樓宇訂明檢驗／訂明修葺所發出的法定通知,169780,97 LAI CHI KOK RD,169780,97 LAI CHI KOK RD,TOW,TOW,1,1,820605.1,835088.4,22.32446701,114.16542449,2025/07/30 11:44:47+00
12711738.1851719,2545785.5007149,167,Statutory Notices issued on prescribed inspection/repair for buildings,就樓宇訂明檢驗／訂明修葺所發出的法定通知,1448874,97/99 ELECTRIC RD,1448874,97/99 ELECTRIC RD,TOW,TOW,16,16,816242.2,837773.9,22.28506645,114.19148706,2025/07/30 11:44:47+00
12709098.1655334,2549610.6549045,168,Statutory Notices issued on prescribed inspection/repair for buildings,就樓宇訂明檢驗／訂明修葺所發出的法定通知,37316,976/978 CANTON RD,37316,976/978 CANTON RD,TOW,TOW,1,1,819762.6,835330.1,22.31685893,114.16777156,2025/07/30 11:44:47+00
12706638.3924346,2546093.11846248,169,Statutory Notices issued on prescribed inspection/repair for buildings,就樓宇訂明檢驗／訂明修葺所發出的法定通知,341637,98 DES VOEUX RD W,341637,98 DES VOEUX RD W,TOW,TOW,2,2,816525.6,833052.8,22.28762347,114.1456752,2025/07/30 11:44:47+00
12708791.9628979,2551060.64640513,170,Statutory Notices issued on prescribed inspection/repair for buildings,就樓宇訂明檢驗／訂明修葺所發出的法定通知,283584,98/100 CHEUNG SHA WAN RD,283584,98/100 CHEUNG SHA WAN RD,TOW,TOW,1,1,821096.9,835046.8,22.32890827,114.1650205,2025/07/30 11:44:47+00
12706254.9399712,2545507.66422349,171,Statutory Notices issued on prescribed inspection/repair for buildings,就樓宇訂明檢驗／訂明修葺所發出的法定通知,495455,98/100 ROBINSON RD,495455,98/100 ROBINSON RD,TOW,TOW,2,2,815986.8,832697.7,22.28275782,114.14222977,2025/07/30 11:44:47+00
12711089.3565047,2548454.90730376,172,Statutory Notices issued on prescribed inspection/repair for buildings,就樓宇訂明檢驗／訂明修葺所發出的法定通知,1430538,99/103 WUHU ST,1430538,99/103 WUHU ST,TOW,TOW,2,2,818699,837173.1,22.30725401,114.18565809,2025/07/30 11:44:47+00
12711343.1023716,2550955.23622969,173,Statutory Notices issued on prescribed inspection/repair for buildings,就樓宇訂明檢驗／訂明修葺所發出的法定通知,5282801,9A LION ROCK RD,5282801,9A LION ROCK RD,TOW,TOW,4,4,820999.9,837407.8,22.32803229,114.18793773,2025/07/30 11:44:47+00
12716417.913345,2545443.90474609,174,Statutory Notices issued on prescribed inspection/repair for buildings,就樓宇訂明檢驗／訂明修葺所發出的法定通知,5129148,A KUNG NGAM,5129148,A KUNG NGAM,TOW,TOW,4,4,815928.8,842106.3,22.2822276,114.23352563,2025/07/30 11:44:47+00
12707431.8053758,2541357.85731258,175,Statutory Notices issued on prescribed inspection/repair for buildings,就樓宇訂明檢驗／訂明修葺所發出的法定通知,870957,ABBA HOUSE BLK A 225 ABERDEEN MAIN RD,870957,ABBA HOUSE BLK A 225 ABERDEEN MAIN RD,TOW,TOW,1,1,812166.4,833786.6,22.24825819,114.15280214,2025/07/30 11:44:47+00
12707385.7925972,2541409.65941596,176,Statutory Notices issued on prescribed inspection/repair for buildings,就樓宇訂明檢驗／訂明修葺所發出的法定通知,901074,ABERDEEN INDUSTRIAL BUILDING 236 ABERDEEN MAIN RD,901074,ABERDEEN INDUSTRIAL BUILDING 236 ABERDEEN MAIN RD,TOW,TOW,1,1,812214.1,833744,22.2486892,114.15238871,2025/07/30 11:44:47+00
12709370.0577244,2548406.34893612,177,Statutory Notices issued on prescribed inspection/repair for buildings,就樓宇訂明檢驗／訂明修葺所發出的法定通知,131589,AGATHA HOUSE 19/21 NING PO ST,131589,AGATHA HOUSE 19/21 NING PO ST,TOW,TOW,2,2,818654.3,835581.7,22.30685023,114.17021361,2025/07/30 11:44:47+00
12705342.8580989,2543505.7185889,178,Statutory Notices issued on prescribed inspection/repair for buildings,就樓宇訂明檢驗／訂明修葺所發出的法定通知,331978,ALBEROSE UNIVERSITY OF HONG KONG 132/136 POK FU LAM RD,331978,ALBEROSE UNIVERSITY OF HONG KONG 132/136 POK FU LAM RD,TOW,TOW,2,2,814144.2,831852.8,22.26611545,114.13403703,2025/07/30 11:44:47+00
12709457.450579,2548636.27847009,179,Statutory Notices issued on prescribed inspection/repair for buildings,就樓宇訂明檢驗／訂明修葺所發出的法定通知,1201602,ALHAMBRA BUILDING 15/17 KANSU ST,1201602,ALHAMBRA BUILDING 15/17 KANSU ST,TOW,TOW,5,5,818865.9,835662.6,22.30876097,114.17099833,2025/07/30 11:44:47+00
12709501.1261581,2544831.49087131,180,Statutory Notices issued on prescribed inspection/repair for buildings,就樓宇訂明檢驗／訂明修葺所發出的法定通知,705357,AUSTRALIA HOUSE 7/9 LUARD RD,705357,AUSTRALIA HOUSE 7/9 LUARD RD,POD,POD,1,1,815364,835702.9,22.27713673,114.17139098,2025/07/30 11:44:47+00
12709501.1261581,2544831.49087131,181,Statutory Notices issued on prescribed inspection/repair for buildings,就樓宇訂明檢驗／訂明修葺所發出的法定通知,705588,AUSTRALIA HOUSE 7/9 LUARD RD,705588,AUSTRALIA HOUSE 7/9 LUARD RD,TOW,TOW,1,1,815364,835702.9,22.27713673,114.17139098,2025/07/30 11:44:47+00
12710818.902845,2552700.04232183,182,Statutory Notices issued on prescribed inspection/repair for buildings,就樓宇訂明檢驗／訂明修葺所發出的法定通知,1067372,AVA COURT 44 BROADCAST DRIVE,1067372,AVA COURT 44 BROADCAST DRIVE,TOW,TOW,1,1,822605.3,836922.6,22.34252981,114.18322859,2025/07/30 11:44:47+00
12705201.9592253,2542966.67042529,183,Statutory Notices issued on prescribed inspection/repair for buildings,就樓宇訂明檢驗／訂明修葺所發出的法定通知,1391383,BAGUIO VILLA (OP KNOWN AS TOWER 1) BLK 38 550/555 VICTORIA RD,1391383,BAGUIO VILLA (OP KNOWN AS TOWER 1) BLK 38 550/555 VICTORIA RD,TOW,TOW,1,1,813648,831722.2,22.26163452,114.13277126,2025/07/30 11:44:47+00
12705180.1316179,2543005.2260584,184,Statutory Notices issued on prescribed inspection/repair for buildings,就樓宇訂明檢驗／訂明修葺所發出的法定通知,1390702,BAGUIO VILLA (OP KNOWN AS TOWER 2) BLK 35 550/555 VICTORIA RD,1390702,BAGUIO VILLA (OP KNOWN AS TOWER 2) BLK 35 550/555 VICTORIA RD,TOW,TOW,1,1,813683.5,831702,22.26195477,114.132575,2025/07/30 11:44:47+00
12705175.2757907,2542990.56017971,185,Statutory Notices issued on prescribed inspection/repair for buildings,就樓宇訂明檢驗／訂明修葺所發出的法定通知,1390933,BAGUIO VILLA (OP KNOWN AS TOWER 2) BLK 36 550/555 VICTORIA RD,1390933,BAGUIO VILLA (OP KNOWN AS TOWER 2) BLK 36 550/555 VICTORIA RD,TOW,TOW,1,1,813670,831697.5,22.26183313,114.13253138,2025/07/30 11:44:47+00
12705191.1524429,2542989.36996871,186,Statutory Notices issued on prescribed inspection/repair for buildings,就樓宇訂明檢驗／訂明修葺所發出的法定通知,1391045,BAGUIO VILLA (OP KNOWN AS TOWER 2) BLK 37 550/555 VICTORIA RD,1391045,BAGUIO VILLA (OP KNOWN AS TOWER 2) BLK 37 550/555 VICTORIA RD,TOW,TOW,1,1,813668.9,831712.2,22.26182329,114.13267388,2025/07/30 11:44:47+00
12705147.9377785,2543036.60937833,187,Statutory Notices issued on prescribed inspection/repair for buildings,就樓宇訂明檢驗／訂明修葺所發出的法定通知,1389741,BAGUIO VILLA (OP KNOWN AS TOWER 3) BLK 32 550/555 VICTORIA RD,1389741,BAGUIO VILLA (OP KNOWN AS TOWER 3) BLK 32 550/555 VICTORIA RD,TOW,TOW,1,1,813712.4,831672.2,22.26221573,114.13228598,2025/07/30 11:44:47+00
12705148.0504566,2543020.64142759,188,Statutory Notices issued on prescribed inspection/repair for buildings,就樓宇訂明檢驗／訂明修葺所發出的法定通知,1390351,BAGUIO VILLA (OP KNOWN AS TOWER 3) BLK 33 550/555 VICTORIA RD,1390351,BAGUIO VILLA (OP KNOWN AS TOWER 3) BLK 33 550/555 VICTORIA RD,TOW,TOW,3,3,813697.7,831672.3,22.2620831,114.13228632,2025/07/30 11:44:47+00
12705163.1696643,2543024.44779891,189,Statutory Notices issued on prescribed inspection/repair for buildings,就樓宇訂明檢驗／訂明修葺所發出的法定通知,1390441,BAGUIO VILLA (OP KNOWN AS TOWER 3) BLK 34 550/555 VICTORIA RD,1390441,BAGUIO VILLA (OP KNOWN AS TOWER 3) BLK 34 550/555 VICTORIA RD,TOW,TOW,2,2,813701.2,831686.3,22.26211474,114.13242214,2025/07/30 11:44:47+00
12705358.772814,2542985.29058033,190,Statutory Notices issued on prescribed inspection/repair for buildings,就樓宇訂明檢驗／訂明修葺所發出的法定通知,445239,BAGUIO VILLA BLK 25 550/555 VICTORIA RD,445239,BAGUIO VILLA BLK 25 550/555 VICTORIA RD,TOW,TOW,1,1,813665.1,831867.4,22.26178926,114.13417952,2025/07/30 11:44:47+00
12708310.7569073,2551464.88398066,191,Statutory Notices issued on prescribed inspection/repair for buildings,就樓宇訂明檢驗／訂明修葺所發出的法定通知,286554,BAO HUA BUILDING 276/278A CHEUNG SHA WAN RD,286554,BAO HUA BUILDING 276/278A CHEUNG SHA WAN RD,TOW,TOW,2,2,821468.9,834601.5,22.33226712,114.16069808,2025/07/30 11:44:47+00
12688598.3535479,2556846.1376026,192,Statutory Notices issued on prescribed inspection/repair for buildings,就樓宇訂明檢驗／訂明修葺所發出的法定通知,697870,BAYVIEW TERRACE BLK 21 107 CASTLE PEAK RD CASTLE PEAK BAY CASTLE PEAK BAY,697870,BAYVIEW TERRACE BLK 21 107 CASTLE PEAK RD CASTLE PEAK BAY CASTLE PEAK BAY,TOW,TOW,1,1,826432.3,816365.1,22.37697474,113.98361863,2025/07/30 11:44:47+00
12688607.2857702,2556876.91499491,193,Statutory Notices issued on prescribed inspection/repair for buildings,就樓宇訂明檢驗／訂明修葺所發出的法定通知,698003,BAYVIEW TERRACE BLK 22 107 CASTLE PEAK RD CASTLE PEAK BAY CASTLE PEAK BAY,698003,BAYVIEW TERRACE BLK 22 107 CASTLE PEAK RD CASTLE PEAK BAY CASTLE PEAK BAY,TOW,TOW,1,1,826460.6,816373.4,22.37723069,113.98369851,2025/07/30 11:44:47+00
12688560.3156285,2556922.94883858,194,Statutory Notices issued on prescribed inspection/repair for buildings,就樓宇訂明檢驗／訂明修葺所發出的法定通知,698151,BAYVIEW TERRACE BLK 23 107 CASTLE PEAK RD CASTLE PEAK BAY CASTLE PEAK BAY,698151,BAYVIEW TERRACE BLK 23 107 CASTLE PEAK RD CASTLE PEAK BAY CASTLE PEAK BAY,TOW,TOW,18,18,826503,816330,22.37761298,113.98327633,2025/07/30 11:44:47+00
12688534.461234,2556939.11371871,195,Statutory Notices issued on prescribed inspection/repair for buildings,就樓宇訂明檢驗／訂明修葺所發出的法定通知,698326,BAYVIEW TERRACE BLK 24 107 CASTLE PEAK RD CASTLE PEAK BAY CASTLE PEAK BAY,698326,BAYVIEW TERRACE BLK 24 107 CASTLE PEAK RD CASTLE PEAK BAY CASTLE PEAK BAY,TOW,TOW,20,20,826517.9,816306.1,22.37774731,113.98304394,2025/07/30 11:44:47+00
12688506.891135,2556944.51367788,196,Statutory Notices issued on prescribed inspection/repair for buildings,就樓宇訂明檢驗／訂明修葺所發出的法定通知,698361,BAYVIEW TERRACE BLK 25 107 CASTLE PEAK RD CASTLE PEAK BAY CASTLE PEAK BAY,698361,BAYVIEW TERRACE BLK 25 107 CASTLE PEAK RD CASTLE PEAK BAY CASTLE PEAK BAY,TOW,TOW,21,21,826522.9,816280.6,22.37779155,113.98279672,2025/07/30 11:44:47+00
12688477.9321668,2556937.1922742,197,Statutory Notices issued on prescribed inspection/repair for buildings,就樓宇訂明檢驗／訂明修葺所發出的法定通知,698449,BAYVIEW TERRACE BLK 26 107 CASTLE PEAK RD CASTLE PEAK BAY CASTLE PEAK BAY,698449,BAYVIEW TERRACE BLK 26 107 CASTLE PEAK RD CASTLE PEAK BAY CASTLE PEAK BAY,TOW,TOW,18,18,826516.2,816253.8,22.37773098,113.98253617,2025/07/30 11:44:47+00
12688502.5973366,2556921.24336884,198,Statutory Notices issued on prescribed inspection/repair for buildings,就樓宇訂明檢驗／訂明修葺所發出的法定通知,698896,BAYVIEW TERRACE CLUB HOUSE 107 CASTLE PEAK RD CASTLE PEAK BAY CASTLE PEAK BAY,698896,BAYVIEW TERRACE CLUB HOUSE 107 CASTLE PEAK RD CASTLE PEAK BAY CASTLE PEAK BAY,TOW,TOW,1,1,826501.5,816276.6,22.37759877,113.98275836,2025/07/30 11:44:47+00
12709060.595858,2552618.07474981,199,Statutory Notices issued on prescribed inspection/repair for buildings,就樓宇訂明檢驗／訂明修葺所發出的法定通知,1371329,BEACON HEIGHTS BLK 1 1/7 LUNG PING RD,1371329,BEACON HEIGHTS BLK 1 1/7 LUNG PING RD,TOW,TOW,41,41,822529.9,835295.5,22.34184926,114.16743415,2025/07/30 11:44:47+00
12708955.8742139,2552735.01514045,200,Statutory Notices issued on prescribed inspection/repair for buildings,就樓宇訂明檢驗／訂明修葺所發出的法定通知,1372869,BEACON HEIGHTS BLK 10 8/14 LUNG PING RD,1372869,BEACON HEIGHTS BLK 10 8/14 LUNG PING RD,TOW,TOW,16,16,822637.5,835198.6,22.3428203,114.1664933,2025/07/30 11:44:47+00
12708937.9350057,2552742.51332822,201,Statutory Notices issued on prescribed inspection/repair for buildings,就樓宇訂明檢驗／訂明修葺所發出的法定通知,1372886,BEACON HEIGHTS BLK 12 8/14 LUNG PING RD,1372886,BEACON HEIGHTS BLK 12 8/14 LUNG PING RD,TOW,TOW,16,16,822644.4,835182,22.34288265,114.16633162,2025/07/30 11:44:47+00
12708913.1874654,2552753.59770331,202,Statutory Notices issued on prescribed inspection/repair for buildings,就樓宇訂明檢驗／訂明修葺所發出的法定通知,1372903,BEACON HEIGHTS BLK 14 8/14 LUNG PING RD,1372903,BEACON HEIGHTS BLK 14 8/14 LUNG PING RD,TOW,TOW,32,32,822654.6,835159.1,22.3429752,114.16610925,2025/07/30 11:44:47+00
12708880.7738538,2552674.57967927,203,Statutory Notices issued on prescribed inspection/repair for buildings,就樓宇訂明檢驗／訂明修葺所發出的法定通知,1372075,BEACON HEIGHTS BLK 15 15/19 LUNG PING RD,1372075,BEACON HEIGHTS BLK 15 15/19 LUNG PING RD,TOW,TOW,42,42,822581.9,835129.1,22.34231877,114.16581868,2025/07/30 11:44:47+00
12708846.6238597,2552698.27092927,204,Statutory Notices issued on prescribed inspection/repair for buildings,就樓宇訂明檢驗／訂明修葺所發出的法定通知,1372126,BEACON HEIGHTS BLK 17 15/19 LUNG PING RD,1372126,BEACON HEIGHTS BLK 17 15/19 LUNG PING RD,TOW,TOW,42,42,822603.7,835097.5,22.34251545,114.16551166,2025/07/30 11:44:47+00
12708812.5854101,2552675.3353378,205,Statutory Notices issued on prescribed inspection/repair for buildings,就樓宇訂明檢驗／訂明修葺所發出的法定通知,1372176,BEACON HEIGHTS BLK 19 15/19 LUNG PING RD,1372176,BEACON HEIGHTS BLK 19 15/19 LUNG PING RD,TOW,TOW,42,42,822582.6,835066,22.34232438,114.16520619,2025/07/30 11:44:47+00
12709038.1179392,2552628.83331143,206,Statutory Notices issued on prescribed inspection/repair for buildings,就樓宇訂明檢驗／訂明修葺所發出的法定通知,1371453,BEACON HEIGHTS BLK 3 1/7 LUNG PING RD,1371453,BEACON HEIGHTS BLK 3 1/7 LUNG PING RD,TOW,TOW,20,20,822539.8,835274.7,22.34193835,114.16723219,2025/07/30 11:44:47+00
12709020.7191224,2552637.52713125,207,Statutory Notices issued on prescribed inspection/repair for buildings,就樓宇訂明檢驗／訂明修葺所發出的法定通知,1371553,BEACON HEIGHTS BLK 5 1/7 LUNG PING RD,1371553,BEACON HEIGHTS BLK 5 1/7 LUNG PING RD,TOW,TOW,20,20,822547.8,835258.6,22.34201052,114.16707592,2025/07/30 11:44:47+00
12708998.6732221,2552651.11153945,208,Statutory Notices issued on prescribed inspection/repair for buildings,就樓宇訂明檢驗／訂明修葺所發出的法定通知,1371576,BEACON HEIGHTS BLK 7 1/7 LUNG PING RD,1371576,BEACON HEIGHTS BLK 7 1/7 LUNG PING RD,TOW,TOW,40,40,822560.3,835238.2,22.34212308,114.16687765,2025/07/30 11:44:47+00
12706621.3256018,2546090.07284856,209,Statutory Notices issued on prescribed inspection/repair for buildings,就樓宇訂明檢驗／訂明修葺所發出的法定通知,342103,104/106 DES VOEUX RD W,342103,104/106 DES VOEUX RD W,TOW,TOW,2,2,816522.8,833037,22.28759879,114.1455213,2025/07/30 11:44:47+00
12709475.9822976,2549998.62105032,210,Statutory Notices issued on prescribed inspection/repair for buildings,就樓宇訂明檢驗／訂明修葺所發出的法定通知,264184,104/106 FA YUEN ST,264184,104/106 FA YUEN ST,TOW,TOW,9,9,820119.6,835679.8,22.32008244,114.17116571,2025/07/30 11:44:47+00
12709061.4182632,2549807.45073379,211,Statutory Notices issued on prescribed inspection/repair for buildings,就樓宇訂明檢驗／訂明修葺所發出的法定通知,245170,1046/1048 CANTON RD,245170,1046/1048 CANTON RD,TOW,TOW,2,2,819943.7,835296.1,22.31849366,114.16744113,2025/07/30 11:44:47+00
12708522.6942357,2551049.10328814,212,Statutory Notices issued on prescribed inspection/repair for buildings,就樓宇訂明檢驗／訂明修葺所發出的法定通知,676127,105/107A NAM CHEONG ST,676127,105/107A NAM CHEONG ST,TOW,TOW,1,1,821086.3,834797.6,22.32881232,114.16260199,2025/07/30 11:44:47+00
12709289.5764961,2548279.97418968,213,Statutory Notices issued on prescribed inspection/repair for buildings,就樓宇訂明檢驗／訂明修葺所發出的法定通知,136424,106/108 SHANGHAI ST,136424,106/108 SHANGHAI ST,TOW,TOW,12,12,818538,835507.2,22.30579985,114.16949091,2025/07/30 11:44:47+00
12709009.9824444,2549901.2288787,214,Statutory Notices issued on prescribed inspection/repair for buildings,就樓宇訂明檢驗／訂明修葺所發出的法定通知,242078,1063 CANTON RD,242078,1063 CANTON RD,TOW,TOW,6,6,820030,835248.5,22.31927311,114.16697911,2025/07/30 11:44:47+00
12709009.2258311,2549905.68427539,215,Statutory Notices issued on prescribed inspection/repair for buildings,就樓宇訂明檢驗／訂明修葺所發出的法定通知,242283,1065 CANTON RD,242283,1065 CANTON RD,TOW,TOW,6,6,820034.1,835247.8,22.31931029,114.16697274,2025/07/30 11:44:47+00
12709043.0445154,2549902.53505028,216,Statutory Notices issued on prescribed inspection/repair for buildings,就樓宇訂明檢驗／訂明修葺所發出的法定通知,245697,1066 CANTON RD,245697,1066 CANTON RD,TOW,TOW,1,1,820031.2,835279.1,22.31928411,114.16727577,2025/07/30 11:44:47+00
12709041.639455,2549909.81581331,217,Statutory Notices issued on prescribed inspection/repair for buildings,就樓宇訂明檢驗／訂明修葺所發出的法定通知,245719,1068/1070 CANTON RD,245719,1068/1070 CANTON RD,TOW,TOW,1,1,820037.9,835277.8,22.31934478,114.16726394,2025/07/30 11:44:47+00
12708665.3273467,2551021.40367588,218,Statutory Notices issued on prescribed inspection/repair for buildings,就樓宇訂明檢驗／訂明修葺所發出的法定通知,266838,107/109 APLIU ST,266838,107/109 APLIU ST,TOW,TOW,27,27,821060.8,834929.6,22.32858143,114.16388268,2025/07/30 11:44:47+00
12709379.6656482,2548577.05492341,219,Statutory Notices issued on prescribed inspection/repair for buildings,就樓宇訂明檢驗／訂明修葺所發出的法定通知,196161,107/109 TEMPLE ST,196161,107/109 TEMPLE ST,TOW,TOW,1,1,818811.4,835590.6,22.30826863,114.1703,2025/07/30 11:44:47+00
12709038.0726344,2549930.24545704,220,Statutory Notices issued on prescribed inspection/repair for buildings,就樓宇訂明檢驗／訂明修葺所發出的法定通知,245854,1076/1078 CANTON RD,245854,1076/1078 CANTON RD,TOW,TOW,3,3,820056.7,835274.5,22.3195141,114.16723117,2025/07/30 11:44:47+00
12703399.3502268,2555900.17242373,221,Statutory Notices issued on prescribed inspection/repair for buildings,就樓宇訂明檢驗／訂明修葺所發出的法定通知,2059926,108/110 CHUNG ON ST TSUEN WAN,2059926,108/110 CHUNG ON ST TSUEN WAN,TOW,TOW,10,10,825550.6,830057.9,22.36911669,114.11657781,2025/07/30 11:44:47+00
12709321.7202946,2549375.83791721,222,Statutory Notices issued on prescribed inspection/repair for buildings,就樓宇訂明檢驗／訂明修葺所發出的法定通知,104214,108/110 PORTLAND ST,104214,108/110 PORTLAND ST,TOW,TOW,14,14,819546.5,835537,22.31490722,114.16977922,2025/07/30 11:44:47+00
12709036.0190633,2549941.11228842,223,Statutory Notices issued on prescribed inspection/repair for buildings,就樓宇訂明檢驗／訂明修葺所發出的法定通知,245908,1080/1082 CANTON RD,245908,1080/1082 CANTON RD,TOW,TOW,1,1,820066.7,835272.6,22.31960498,114.16721296,2025/07/30 11:44:47+00
12707164.6059726,2545869.73759906,224,Statutory Notices issued on prescribed inspection/repair for buildings,就樓宇訂明檢驗／訂明修葺所發出的法定通知,381931,109 JERVOIS ST,381931,109 JERVOIS ST,TOW,TOW,1,1,816319.9,833539.9,22.28576732,114.15040143,2025/07/30 11:44:47+00
12709371.2846948,2550002.74622949,225,Statutory Notices issued on prescribed inspection/repair for buildings,就樓宇訂明檢驗／訂明修葺所發出的法定通知,179587,109 TUNG CHOI ST,179587,109 TUNG CHOI ST,TOW,TOW,1,1,820123.4,835582.9,22.32011734,114.170225,2025/07/30 11:44:47+00
12708989.3391338,2549999.13892917,226,Statutory Notices issued on prescribed inspection/repair for buildings,就樓宇訂明檢驗／訂明修葺所發出的法定通知,5121340,1095/1097 CANTON RD,5121340,1095/1097 CANTON RD,TOW,TOW,18,18,820120.1,835229.4,22.32008744,114.16679341,2025/07/30 11:44:47+00
12708760.4370557,2550736.68146984,227,Statutory Notices issued on prescribed inspection/repair for buildings,就樓宇訂明檢驗／訂明修葺所發出的法定通知,264876,10J BOUNDARY ST,264876,10J BOUNDARY ST,TOW,TOW,1,1,820798.8,835017.6,22.32621633,114.16473707,2025/07/30 11:44:47+00
12705285.8481113,2555940.1772532,228,Statutory Notices issued on prescribed inspection/repair for buildings,就樓宇訂明檢驗／訂明修葺所發出的法定通知,2050008,57/59 KWOK SHUI RD KWAI CHUNG,2050008,57/59 KWOK SHUI RD KWAI CHUNG,TOW,TOW,1,1,825586.8,831803.3,22.36944934,114.13352438,2025/07/30 11:44:47+00
12704746.6847796,2572325.16766853,229,Statutory Notices issued on prescribed inspection/repair for buildings,就樓宇訂明檢驗／訂明修葺所發出的法定通知,1971662,57/59 SAN SHING AVE SHEUNG SHUI,1971662,57/59 SAN SHING AVE SHEUNG SHUI,TOW,TOW,2,2,840652.2,831309.3,22.50549495,114.12868109,2025/07/30 11:44:47+00
12709230.9207558,2548130.4569456,230,Statutory Notices issued on prescribed inspection/repair for buildings,就樓宇訂明檢驗／訂明修葺所發出的法定通知,133482,57/59 SHANGHAI ST,133482,57/59 SHANGHAI ST,TOW,TOW,7,7,818400.4,835452.9,22.30455727,114.16896391,2025/07/30 11:44:47+00
12709397.7138693,2548436.12297286,231,Statutory Notices issued on prescribed inspection/repair for buildings,就樓宇訂明檢驗／訂明修葺所發出的法定通知,158994,57/59 WOOSUNG ST,158994,57/59 WOOSUNG ST,TOW,TOW,12,12,818681.7,835607.3,22.30709781,114.17046185,2025/07/30 11:44:47+00
12709149.7669082,2548476.96685834,232,Statutory Notices issued on prescribed inspection/repair for buildings,就樓宇訂明檢驗／訂明修葺所發出的法定通知,26680,575/577 CANTON RD,26680,575/577 CANTON RD,TOW,TOW,1,1,818719.3,835377.8,22.30743706,114.16823441,2025/07/30 11:44:47+00
12709151.9271417,2548485.98579381,233,Statutory Notices issued on prescribed inspection/repair for buildings,就樓宇訂明檢驗／訂明修葺所發出的法定通知,26717,579/581 CANTON RD,26717,579/581 CANTON RD,TOW,TOW,1,1,818727.6,835379.8,22.30751226,114.16825421,2025/07/30 11:44:47+00
12708903.2647617,2550968.27978368,234,Statutory Notices issued on prescribed inspection/repair for buildings,就樓宇訂明檢驗／訂明修葺所發出的法定通知,282657,58 CHEUNG SHA WAN RD,282657,58 CHEUNG SHA WAN RD,TOW,TOW,1,1,821011.9,835149.8,22.32814037,114.16602009,2025/07/30 11:44:47+00
12708871.2925476,2550811.13238982,235,Statutory Notices issued on prescribed inspection/repair for buildings,就樓宇訂明檢驗／訂明修葺所發出的法定通知,295115,58 YU CHAU ST,295115,58 YU CHAU ST,TOW,TOW,1,1,820867.3,835120.2,22.32683462,114.16573327,2025/07/30 11:44:47+00
12703279.7261448,2555836.96486218,236,Statutory Notices issued on prescribed inspection/repair for buildings,就樓宇訂明檢驗／訂明修葺所發出的法定通知,1986730,58/60 HO PUI ST TSUEN WAN,1986730,58/60 HO PUI ST TSUEN WAN,TOW,TOW,12,12,825492.5,829947.2,22.36859144,114.11550342,2025/07/30 11:44:47+00
12707377.3676583,2545439.76696916,237,Statutory Notices issued on prescribed inspection/repair for buildings,就樓宇訂明檢驗／訂明修葺所發出的法定通知,393292,58/60 PEEL ST,393292,58/60 PEEL ST,TOW,TOW,1,1,815924.1,833736.8,22.2821934,114.15231334,2025/07/30 11:44:47+00
12709249.4825091,2548529.88994653,238,Statutory Notices issued on prescribed inspection/repair for buildings,就樓宇訂明檢驗／訂明修葺所發出的法定通知,14226,58/64 BATTERY ST,14226,58/64 BATTERY ST,TOW,TOW,24,24,818768,835470.1,22.30787715,114.16913084,2025/07/30 11:44:47+00
12709865.3508291,2544695.05229689,239,Statutory Notices issued on prescribed inspection/repair for buildings,就樓宇訂明檢驗／訂明修葺所發出的法定通知,671869,59/63 WAN CHAI RD,671869,59/63 WAN CHAI RD,TOW,TOW,3,3,815238.4,836040.1,22.27600286,114.1746634,2025/07/30 11:44:47+00
12708968.5748609,2550285.15944674,240,Statutory Notices issued on prescribed inspection/repair for buildings,就樓宇訂明檢驗／訂明修葺所發出的法定通知,46411,5A ARRAN ST,46411,5A ARRAN ST,TOW,TOW,2,2,820383.3,835210.2,22.32246368,114.16660755,2025/07/30 11:44:47+00
12709095.8362188,2550619.66287186,241,Statutory Notices issued on prescribed inspection/repair for buildings,就樓宇訂明檢驗／訂明修葺所發出的法定通知,64565,5A PLAYING FIELD RD,64565,5A PLAYING FIELD RD,TOW,TOW,6,6,820691.1,835328,22.32524358,114.16775035,2025/07/30 11:44:47+00
12709624.174825,2547887.84098809,242,Statutory Notices issued on prescribed inspection/repair for buildings,就樓宇訂明檢驗／訂明修葺所發出的法定通知,93065,6 HILLWOOD RD,93065,6 HILLWOOD RD,TOW,TOW,1,1,818177.1,835816.9,22.3025407,114.1724968,2025/07/30 11:44:47+00
12707404.4470716,2545646.62518929,243,Statutory Notices issued on prescribed inspection/repair for buildings,就樓宇訂明檢驗／訂明修葺所發出的法定通知,795067,6 MEE LUN ST,795067,6 MEE LUN ST,TOW,TOW,7,7,816114.5,833761.9,22.2839122,114.15255673,2025/07/30 11:44:47+00
12715657.8269676,2549496.53147528,244,Statutory Notices issued on prescribed inspection/repair for buildings,就樓宇訂明檢驗／訂明修葺所發出的法定通知,1267061,6 PING SHING LANE,1267061,6 PING SHING LANE,TOW,TOW,61,61,819658.4,841401.4,22.31591065,114.22669801,2025/07/30 11:44:47+00
12707091.1892122,2545661.23836854,245,Statutory Notices issued on prescribed inspection/repair for buildings,就樓宇訂明檢驗／訂明修葺所發出的法定通知,912039,6 SQUARE ST,912039,6 SQUARE ST,TOW,TOW,2,2,816128,833471.9,22.2840342,114.14974208,2025/07/30 11:44:47+00
12710115.5091054,2545056.81686035,246,Statutory Notices issued on prescribed inspection/repair for buildings,就樓宇訂明檢驗／訂明修葺所發出的法定通知,2001205,6 STEWART RD,2001205,6 STEWART RD,TOW,TOW,2,2,815571.4,836271.7,22.27900976,114.17691056,2025/07/30 11:44:47+00
12704658.3266581,2572222.52882312,247,Statutory Notices issued on prescribed inspection/repair for buildings,就樓宇訂明檢驗／訂明修葺所發出的法定通知,2090242,6 WING SHANG ST SHEUNG SHUI,2090242,6 WING SHANG ST SHEUNG SHUI,TOW,TOW,1,1,840557.9,831227.6,22.50464352,114.12788716,2025/07/30 11:44:47+00
12705017.2540413,2545553.94064235,248,Statutory Notices issued on prescribed inspection/repair for buildings,就樓宇訂明檢驗／訂明修葺所發出的法定通知,381765,6/7 TAI PAK TERRACE,381765,6/7 TAI PAK TERRACE,TOW,TOW,1,1,816029.7,831551.9,22.28314171,114.13111208,2025/07/30 11:44:47+00
12707698.7681359,2541306.52291329,249,Statutory Notices issued on prescribed inspection/repair for buildings,就樓宇訂明檢驗／訂明修葺所發出的法定通知,1981243,6/7 WU NAM ST,1981243,6/7 WU NAM ST,TOW,TOW,8,8,812119.1,834033.8,22.24783214,114.15520037,2025/07/30 11:44:47+00
12706436.7181729,2546081.01580364,250,Statutory Notices issued on prescribed inspection/repair for buildings,就樓宇訂明檢驗／訂明修葺所發出的法定通知,353222,6/8 EASTERN ST,353222,6/8 EASTERN ST,TOW,TOW,2,2,816514.5,832866.1,22.28752285,114.14386284,2025/07/30 11:44:47+00
12708950.1357397,2565480.33799019,251,Statutory Notices issued on prescribed inspection/repair for buildings,就樓宇訂明檢驗／訂明修葺所發出的法定通知,1560492,60/62 KWONG FUK RD TAI PO,1560492,60/62 KWONG FUK RD TAI PO,TOW,TOW,2,2,834359.7,835194.1,22.44867767,114.16644151,2025/07/30 11:44:47+00
12709294.318942,2548511.63719997,252,Statutory Notices issued on prescribed inspection/repair for buildings,就樓宇訂明檢驗／訂明修葺所發出的法定通知,291557,60/62 RECLAMATION ST,291557,60/62 RECLAMATION ST,TOW,TOW,1,1,818751.2,835511.6,22.30772558,114.16953343,2025/07/30 11:44:47+00
12709376.5667898,2550285.07360057,253,Statutory Notices issued on prescribed inspection/repair for buildings,就樓宇訂明檢驗／訂明修葺所發出的法定通知,30284,61 BUTE ST,30284,61 BUTE ST,TOW,TOW,1,1,820383.2,835587.8,22.32246311,114.17027234,2025/07/30 11:44:47+00
12711724.1173171,2551164.84116719,254,Statutory Notices issued on prescribed inspection/repair for buildings,就樓宇訂明檢驗／訂明修葺所發出的法定通知,1213761,61 TAK KU LING RD,1213761,61 TAK KU LING RD,TOW,TOW,1,1,821192.8,837760.4,22.32977389,114.19136068,2025/07/30 11:44:47+00
12704753.9359645,2572317.55312992,255,Statutory Notices issued on prescribed inspection/repair for buildings,就樓宇訂明檢驗／訂明修葺所發出的法定通知,1971677,61/63 SAN SHING AVE SHEUNG SHUI,1971677,61/63 SAN SHING AVE SHEUNG SHUI,TOW,TOW,2,2,840645.2,831316,22.50543176,114.12874612,2025/07/30 11:44:47+00
12708899.2948258,2550576.28895138,256,Statutory Notices issued on prescribed inspection/repair for buildings,就樓宇訂明檢驗／訂明修葺所發出的法定通知,1108509,61/63 TAI NAN ST,1108509,61/63 TAI NAN ST,TOW,TOW,1,1,820651.2,835146.1,22.32488317,114.16598481,2025/07/30 11:44:47+00
12709003.5768435,2550373.94692965,257,Statutory Notices issued on prescribed inspection/repair for buildings,就樓宇訂明檢驗／訂明修葺所發出的法定通知,288421,618/620 RECLAMATION ST,288421,618/620 RECLAMATION ST,TOW,TOW,2,2,820465,835242.6,22.3232018,114.16692176,2025/07/30 11:44:47+00
12708552.2561932,2551534.89787114,258,Statutory Notices issued on prescribed inspection/repair for buildings,就樓宇訂明檢驗／訂明修葺所發出的法定通知,191957,62/64 UN CHAU ST,191957,62/64 UN CHAU ST,TOW,TOW,3,3,821533.3,834825,22.33284849,114.16286699,2025/07/30 11:44:47+00
12707301.575807,2552378.32791149,259,Statutory Notices issued on prescribed inspection/repair for buildings,就樓宇訂明檢驗／訂明修葺所發出的法定通知,1109425,621/623 FUK WA ST,1109425,621/623 FUK WA ST,TOW,TOW,1,1,822309.5,833667.7,22.33985721,114.15163213,2025/07/30 11:44:47+00
12709002.063514,2550383.72734989,260,Statutory Notices issued on prescribed inspection/repair for buildings,就樓宇訂明檢驗／訂明修葺所發出的法定通知,288575,622/624 RECLAMATION ST,288575,622/624 RECLAMATION ST,TOW,TOW,2,2,820474,835241.2,22.32328276,114.1669084,2025/07/30 11:44:47+00
12708264.6008404,2544672.46494946,261,Statutory Notices issued on prescribed inspection/repair for buildings,就樓宇訂明檢驗／訂明修葺所發出的法定通知,690879,63 MACDONNELL RD,690879,63 MACDONNELL RD,TOW,TOW,2,2,815217.7,834558.1,22.27581467,114.1602835,2025/07/30 11:44:47+00
12709333.6905984,2549866.69016258,262,Statutory Notices issued on prescribed inspection/repair for buildings,就樓宇訂明檢驗／訂明修葺所發出的法定通知,62215,63/65 SAI YEUNG CHOI ST S,62215,63/65 SAI YEUNG CHOI ST S,TOW,TOW,1,1,819998.2,835548.1,22.31898595,114.1698873,2025/07/30 11:44:47+00
12708759.7927756,2565550.15334783,263,Statutory Notices issued on prescribed inspection/repair for buildings,就樓宇訂明檢驗／訂明修葺所發出的法定通知,935616,64 FU SHIN ST TAI PO,935616,64 FU SHIN ST TAI PO,TOW,TOW,1,1,834423.9,835018.1,22.4492577,114.16473188,2025/07/30 11:44:47+00
12715236.4337571,2548709.06729778,264,Statutory Notices issued on prescribed inspection/repair for buildings,就樓宇訂明檢驗／訂明修葺所發出的法定通知,682947,64 HUNG TO RD,682947,64 HUNG TO RD,TOW,TOW,1,1,818933.6,841011.6,22.30936563,114.22291193,2025/07/30 11:44:47+00
12708609.4303927,2551397.31502406,265,Statutory Notices issued on prescribed inspection/repair for buildings,就樓宇訂明檢驗／訂明修葺所發出的法定通知,206343,64/66 FUK WING ST,206343,64/66 FUK WING ST,TOW,TOW,3,3,821406.7,834877.9,22.33170512,114.16338128,2025/07/30 11:44:47+00
12704658.6006737,2572045.27511106,266,Statutory Notices issued on prescribed inspection/repair for buildings,就樓宇訂明檢驗／訂明修葺所發出的法定通知,1763468,64/66 LUNG SUM AVE SHEUNG SHUI,1763468,64/66 LUNG SUM AVE SHEUNG SHUI,TOW,TOW,1,1,840395,831227.8,22.50317237,114.12789045,2025/07/30 11:44:47+00
12709388.0198974,2550286.37815974,267,Statutory Notices issued on prescribed inspection/repair for buildings,就樓宇訂明檢驗／訂明修葺所發出的法定通知,30316,65 BUTE ST,30316,65 BUTE ST,TOW,TOW,11,11,820384.4,835598.4,22.32247392,114.17037509,2025/07/30 11:44:47+00
12704760.9706929,2572310.15614678,268,Statutory Notices issued on prescribed inspection/repair for buildings,就樓宇訂明檢驗／訂明修葺所發出的法定通知,1971698,65/67 SAN SHING AVE SHEUNG SHUI,1971698,65/67 SAN SHING AVE SHEUNG SHUI,TOW,TOW,2,2,840638.4,831322.5,22.50537053,114.12880931,2025/07/30 11:44:47+00
12704757.0242869,2572132.79134114,269,Statutory Notices issued on prescribed inspection/repair for buildings,就樓宇訂明檢驗／訂明修葺所發出的法定通知,1526352,66/68 SAN HONG ST SHEUNG SHUI,1526352,66/68 SAN HONG ST SHEUNG SHUI,TOW,TOW,1,1,840475.4,831318.8,22.50389857,114.12877428,2025/07/30 11:44:47+00
12709413.3030697,2550291.92149461,270,Statutory Notices issued on prescribed inspection/repair for buildings,就樓宇訂明檢驗／訂明修葺所發出的法定通知,30333,67 BUTE ST,30333,67 BUTE ST,TOW,TOW,11,11,820389.5,835621.8,22.32251998,114.17060264,2025/07/30 11:44:47+00
12709332.1774956,2549876.68766098,271,Statutory Notices issued on prescribed inspection/repair for buildings,就樓宇訂明檢驗／訂明修葺所發出的法定通知,62322,67/69 SAI YEUNG CHOI ST S,62322,67/69 SAI YEUNG CHOI ST S,TOW,TOW,1,1,820007.4,835546.7,22.31906977,114.16987303,2025/07/30 11:44:47+00
12709872.4794566,2544711.67376594,272,Statutory Notices issued on prescribed inspection/repair for buildings,就樓宇訂明檢驗／訂明修葺所發出的法定通知,673960,67/69 WAN CHAI RD,673960,67/69 WAN CHAI RD,TOW,TOW,12,12,815253.7,836046.7,22.27614106,114.17472665,2025/07/30 11:44:47+00
12708664.7665957,2551261.25442304,273,Statutory Notices issued on prescribed inspection/repair for buildings,就樓宇訂明檢驗／訂明修葺所發出的法定通知,7526,68/70 FUK WA ST,7526,68/70 FUK WA ST,TOW,TOW,1,1,821281.5,834929.1,22.33057493,114.16387794,2025/07/30 11:44:47+00
12708955.3784136,2550497.93935271,274,Statutory Notices issued on prescribed inspection/repair for buildings,就樓宇訂明檢驗／訂明修葺所發出的法定通知,177446,68/70 LAI CHI KOK RD,177446,68/70 LAI CHI KOK RD,TOW,TOW,2,2,820579.1,835198,22.3242317,114.16648907,2025/07/30 11:44:47+00
12704648.1059983,2572046.46857541,275,Statutory Notices issued on prescribed inspection/repair for buildings,就樓宇訂明檢驗／訂明修葺所發出的法定通知,1763558,68/70 LUNG SUM AVE SHEUNG SHUI,1763558,68/70 LUNG SUM AVE SHEUNG SHUI,TOW,TOW,1,1,840396.1,831218.1,22.50318173,114.12779554,2025/07/30 11:44:47+00
12709442.9875094,2548278.5684182,276,Statutory Notices issued on prescribed inspection/repair for buildings,就樓宇訂明檢驗／訂明修葺所發出的法定通知,124259,68/70 PARKES ST,124259,68/70 PARKES ST,TOW,TOW,1,1,818536.7,835649.2,22.30578833,114.17086906,2025/07/30 11:44:47+00
12708700.9415396,2551543.06204549,277,Statutory Notices issued on prescribed inspection/repair for buildings,就樓宇訂明檢驗／訂明修葺所發出的法定通知,269234,69 BERWICK ST,269234,69 BERWICK ST,TOW,TOW,6,6,821540.8,834962.6,22.33291614,114.16420261,2025/07/30 11:44:47+00
12709299.1436509,2549285.42690992,278,Statutory Notices issued on prescribed inspection/repair for buildings,就樓宇訂明檢驗／訂明修葺所發出的法定通知,99660,69/73 PORTLAND ST,99660,69/73 PORTLAND ST,TOW,TOW,11,11,819463.3,835516.1,22.31415626,114.16957665,2025/07/30 11:44:47+00
12704839.5862012,2572089.40210194,279,Statutory Notices issued on prescribed inspection/repair for buildings,就樓宇訂明檢驗／訂明修葺所發出的法定通知,1522593,69/75 SAN HONG ST SHEUNG SHUI,1522593,69/75 SAN HONG ST SHEUNG SHUI,TOW,TOW,1,1,840435.5,831395.1,22.50353809,114.129516,2025/07/30 11:44:47+00
12708411.7521467,2550760.66683831,280,Statutory Notices issued on prescribed inspection/repair for buildings,就樓宇訂明檢驗／訂明修葺所發出的法定通知,264847,7 BOUNDARY ST,264847,7 BOUNDARY ST,TOW,TOW,1,1,820820.9,834694.9,22.32641487,114.1616054,2025/07/30 11:44:47+00
12709271.743759,2548417.97092706,281,Statutory Notices issued on prescribed inspection/repair for buildings,就樓宇訂明檢驗／訂明修葺所發出的法定通知,131367,7 NING PO ST,131367,7 NING PO ST,TOW,TOW,1,1,818665,835490.7,22.30694683,114.16933021,2025/07/30 11:44:47+00
12687764.3445458,2559441.85116853,282,Statutory Notices issued on prescribed inspection/repair for buildings,就樓宇訂明檢驗／訂明修葺所發出的法定通知,1492423,7 SAN TSING ST TUEN MUN,1492423,7 SAN TSING ST TUEN MUN,TOW,TOW,3,3,828820.8,815596.7,22.39853498,113.97612651,2025/07/30 11:44:47+00
12704660.5997373,2572219.15639937,283,Statutory Notices issued on prescribed inspection/repair for buildings,就樓宇訂明檢驗／訂明修葺所發出的法定通知,2090227,7 WING SHANG ST SHEUNG SHUI,2090227,7 WING SHANG ST SHEUNG SHUI,TOW,TOW,1,1,840554.8,831229.7,22.50461493,114.1279077,2025/07/30 11:44:47+00
12703355.3416748,2555945.37705547,284,Statutory Notices issued on prescribed inspection/repair for buildings,就樓宇訂明檢驗／訂明修葺所發出的法定通知,2245827,7 YI PEI SQUARE TSUEN WAN,2245827,7 YI PEI SQUARE TSUEN WAN,TOW,TOW,2,2,825592.2,830017.2,22.36949194,114.11618254,2025/07/30 11:44:47+00
12711939.7475257,2544762.30821335,285,Statutory Notices issued on prescribed inspection/repair for buildings,就樓宇訂明檢驗／訂明修葺所發出的法定通知,605573,7 YIK KWAN AVE,605573,7 YIK KWAN AVE,TOW,TOW,8,8,815300.4,837960.6,22.27656157,114.1932973,2025/07/30 11:44:47+00
12709675.2847264,2547491.35900168,286,Statutory Notices issued on prescribed inspection/repair for buildings,就樓宇訂明檢驗／訂明修葺所發出的法定通知,29425,7/8 CAMERON LANE,29425,7/8 CAMERON LANE,TOW,TOW,2,2,817812.2,835864.2,22.29924571,114.1729558,2025/07/30 11:44:47+00
12708374.4025389,2550406.82127695,287,Statutory Notices issued on prescribed inspection/repair for buildings,就樓宇訂明檢驗／訂明修葺所發出的法定通知,290206,7/9 MAN ON ST,290206,7/9 MAN ON ST,TOW,TOW,12,12,820495.3,834660.3,22.32347453,114.16126969,2025/07/30 11:44:47+00
12709560.0940792,2548412.22386831,288,Statutory Notices issued on prescribed inspection/repair for buildings,就樓宇訂明檢驗／訂明修葺所發出的法定通知,207414,7/9 SAIGON ST,207414,7/9 SAIGON ST,TOW,TOW,4,4,818659.7,835757.6,22.30689855,114.17192121,2025/07/30 11:44:47+00
12710758.0075687,2548469.37532666,289,Statutory Notices issued on prescribed inspection/repair for buildings,就樓宇訂明檢驗／訂明修葺所發出的法定通知,1663741,7/9 WA FUNG ST,1663741,7/9 WA FUNG ST,TOW,TOW,1,1,818712.3,836866.4,22.30737434,114.18268197,2025/07/30 11:44:47+00
12706719.4107716,2546083.57429538,290,Statutory Notices issued on prescribed inspection/repair for buildings,就樓宇訂明檢驗／訂明修葺所發出的法定通知,341427,70 DES VOEUX RD W,341427,70 DES VOEUX RD W,TOW,TOW,1,1,816516.8,833127.8,22.28754407,114.14640265,2025/07/30 11:44:47+00
12709516.6153815,2549785.08725975,291,Statutory Notices issued on prescribed inspection/repair for buildings,就樓宇訂明檢驗／訂明修葺所發出的法定通知,263566,70/72 FA YUEN ST,263566,70/72 FA YUEN ST,TOW,TOW,21,21,819923.1,835717.4,22.31830787,114.17153066,2025/07/30 11:44:47+00
12704764.8165023,2572124.63300194,292,Statutory Notices issued on prescribed inspection/repair for buildings,就樓宇訂明檢驗／訂明修葺所發出的法定通知,1526478,70/72 SAN HONG ST SHEUNG SHUI,1526478,70/72 SAN HONG ST SHEUNG SHUI,TOW,TOW,1,1,840467.9,831326,22.50383058,114.12884446,2025/07/30 11:44:47+00
12709420.7271454,2548401.13541809,293,Statutory Notices issued on prescribed inspection/repair for buildings,就樓宇訂明檢驗／訂明修葺所發出的法定通知,166749,70/72 WOOSUNG ST,166749,70/72 WOOSUNG ST,TOW,TOW,2,2,818649.5,835628.6,22.30680717,114.17066872,2025/07/30 11:44:47+00
12709026.2676782,2550366.34134596,294,Statutory Notices issued on prescribed inspection/repair for buildings,就樓宇訂明檢驗／訂明修葺所發出的法定通知,288816,707/709 SHANGHAI ST,288816,707/709 SHANGHAI ST,TOW,TOW,2,2,820458,835263.6,22.32313826,114.16712514,2025/07/30 11:44:47+00
12706232.0412951,2545974.17180988,295,Statutory Notices issued on prescribed inspection/repair for buildings,就樓宇訂明檢驗／訂明修葺所發出的法定通知,372966,71/73 FIRST ST,372966,71/73 FIRST ST,TOW,TOW,2,2,816416.2,832676.6,22.286635,114.14202471,2025/07/30 11:44:47+00
12708908.3659071,2550649.10114145,296,Statutory Notices issued on prescribed inspection/repair for buildings,就樓宇訂明檢驗／訂明修葺所發出的法定通知,225043,71/73 KI LUNG ST,225043,71/73 KI LUNG ST,TOW,TOW,19,19,820718.2,835154.5,22.32548805,114.1660663,2025/07/30 11:44:47+00
12709877.8799896,2544720.6906678,297,Statutory Notices issued on prescribed inspection/repair for buildings,就樓宇訂明檢驗／訂明修葺所發出的法定通知,673994,71/73 WAN CHAI RD,673994,71/73 WAN CHAI RD,TOW,TOW,12,12,815262,836051.7,22.27621595,114.17477577,2025/07/30 11:44:47+00
12715273.4041097,2549484.81015818,298,Statutory Notices issued on prescribed inspection/repair for buildings,就樓宇訂明檢驗／訂明修葺所發出的法定通知,866012,71/77 HONG NING RD AND 40/46 TUNG MING ST,866012,71/77 HONG NING RD AND 40/46 TUNG MING ST,TOW,TOW,61,61,819647.5,841045.6,22.31581311,114.22324465,2025/07/30 11:44:47+00
12704638.2605235,2572047.44462579,299,Statutory Notices issued on prescribed inspection/repair for buildings,就樓宇訂明檢驗／訂明修葺所發出的法定通知,1763582,72/74 LUNG SUM AVE SHEUNG SHUI,1763582,72/74 LUNG SUM AVE SHEUNG SHUI,TOW,TOW,1,1,840397,831209,22.50319049,114.12770729,2025/07/30 11:44:47+00
12703366.7013706,2555918.42212891,300,Statutory Notices issued on prescribed inspection/repair for buildings,就樓宇訂明檢驗／訂明修葺所發出的法定通知,1389341,73/75 CHUNG ON ST TSUEN WAN,1389341,73/75 CHUNG ON ST TSUEN WAN,TOW,TOW,1,1,825567.4,830027.7,22.36926859,114.11628445,2025/07/30 11:44:47+00
12711581.370096,2551079.65148338,301,Statutory Notices issued on prescribed inspection/repair for buildings,就樓宇訂明檢驗／訂明修葺所發出的法定通知,1187352,74/76 NGA TSIN WAI RD,1187352,74/76 NGA TSIN WAI RD,TOW,TOW,1,1,821114.4,837628.3,22.32906611,114.19007809,2025/07/30 11:44:47+00
12710815.4492923,2545082.2232883,302,Statutory Notices issued on prescribed inspection/repair for buildings,就樓宇訂明檢驗／訂明修葺所發出的法定通知,437267,74/76 PERCIVAL ST,437267,74/76 PERCIVAL ST,TOW,TOW,2,2,815594.8,836919.7,22.27922135,114.1831978,2025/07/30 11:44:47+00
12709301.0156273,2548545.86563999,303,Statutory Notices issued on prescribed inspection/repair for buildings,就樓宇訂明檢驗／訂明修葺所發出的法定通知,292123,74/76 RECLAMATION ST,292123,74/76 RECLAMATION ST,TOW,TOW,1,1,818782.7,835517.8,22.30800958,114.16959377,2025/07/30 11:44:47+00
12703678.12114,2555846.03732412,304,Statutory Notices issued on prescribed inspection/repair for buildings,就樓宇訂明檢驗／訂明修葺所發出的法定通知,600136,74/78C KWAN MUN HAU ST TSUEN WAN,600136,74/78C KWAN MUN HAU ST TSUEN WAN,TOW,TOW,3,3,825500.7,830315.8,22.36866678,114.11908172,2025/07/30 11:44:47+00
12707419.4722975,2545580.02996654,305,Statutory Notices issued on prescribed inspection/repair for buildings,就樓宇訂明檢驗／訂明修葺所發出的法定通知,310498,75/75A HOLLYWOOD RD,310498,75/75A HOLLYWOOD RD,TOW,TOW,4,4,816053.2,833775.8,22.28335936,114.15269086,2025/07/30 11:44:47+00
12711725.633892,2551204.61701238,306,Statutory Notices issued on prescribed inspection/repair for buildings,就樓宇訂明檢驗／訂明修葺所發出的法定通知,1216617,75/77 TAK KU LING RD,1216617,75/77 TAK KU LING RD,TOW,TOW,1,1,821229.4,837761.8,22.33010464,114.19137437,2025/07/30 11:44:47+00
12703279.629597,2555808.48357083,307,Statutory Notices issued on prescribed inspection/repair for buildings,就樓宇訂明檢驗／訂明修葺所發出的法定通知,5149045,75/77 YEUNG UK RD TSUEN WAN,5149045,75/77 YEUNG UK RD TSUEN WAN,TOW,TOW,11,11,825466.3,829947.1,22.3683547,114.11550208,2025/07/30 11:44:47+00
12706187.5740169,2545812.60792524,308,Statutory Notices issued on prescribed inspection/repair for buildings,就樓宇訂明檢驗／訂明修葺所發出的法定通知,415794,75/79 HIGH ST,415794,75/79 HIGH ST,TOW,TOW,1,1,816267.5,832635.4,22.28529217,114.14162537,2025/07/30 11:44:47+00
12711767.3442897,2551218.08895449,309,Statutory Notices issued on prescribed inspection/repair for buildings,就樓宇訂明檢驗／訂明修葺所發出的法定通知,1219357,76/78 TAK KU LING RD,1219357,76/78 TAK KU LING RD,TOW,TOW,1,1,821241.8,837800.4,22.33021624,114.19174858,2025/07/30 11:44:47+00
12708780.6134729,2551108.89806777,310,Statutory Notices issued on prescribed inspection/repair for buildings,就樓宇訂明檢驗／訂明修葺所發出的法定通知,3965,77 FUK WA ST,3965,77 FUK WA ST,TOW,TOW,6,6,821141.3,835036.3,22.32930847,114.1649185,2025/07/30 11:44:47+00
12703360.1127277,2555907.11386747,311,Statutory Notices issued on prescribed inspection/repair for buildings,就樓宇訂明檢驗／訂明修葺所發出的法定通知,1389355,77/79 CHUNG ON ST TSUEN WAN,1389355,77/79 CHUNG ON ST TSUEN WAN,TOW,TOW,12,12,825557,830021.6,22.36917403,114.11622512,2025/07/30 11:44:47+00
12708607.6876552,2550336.09812027,312,Statutory Notices issued on prescribed inspection/repair for buildings,就樓宇訂明檢驗／訂明修葺所發出的法定通知,250067,78 LARCH ST,250067,78 LARCH ST,TOW,TOW,1,1,820430.2,834876.2,22.3228876,114.16336483,2025/07/30 11:44:47+00
12709415.974256,2548383.423672,313,Statutory Notices issued on prescribed inspection/repair for buildings,就樓宇訂明檢驗／訂明修葺所發出的法定通知,166924,78/80 WOOSUNG ST,166924,78/80 WOOSUNG ST,TOW,TOW,4,4,818633.2,835624.2,22.30665973,114.17062617,2025/07/30 11:44:47+00
12709604.5661259,2549727.93050927,314,Statutory Notices issued on prescribed inspection/repair for buildings,就樓宇訂明檢驗／訂明修葺所發出的法定通知,85679,78/82 SHANTUNG ST,85679,78/82 SHANTUNG ST,TOW,TOW,1,1,819870.5,835798.8,22.31783299,114.17232055,2025/07/30 11:44:47+00
12708832.1022163,2550379.58568609,315,Statutory Notices issued on prescribed inspection/repair for buildings,就樓宇訂明檢驗／訂明修葺所發出的法定通知,312594,79/81 PRINCE EDWARD RD W,312594,79/81 PRINCE EDWARD RD W,TOW,TOW,33,33,820470.2,835083.9,22.3232487,114.16538127,2025/07/30 11:44:47+00
12709129.022909,2550359.17530438,316,Statutory Notices issued on prescribed inspection/repair for buildings,就樓宇訂明檢驗／訂明修葺所發出的法定通知,46816,8 ARRAN ST,46816,8 ARRAN ST,TOW,TOW,1,1,820451.4,835358.7,22.32307932,114.16804861,2025/07/30 11:44:47+00
12711218.3176098,2549563.70402186,317,Statutory Notices issued on prescribed inspection/repair for buildings,就樓宇訂明檢驗／訂明修葺所發出的法定通知,227002,8/10 KIANG SU ST,227002,8/10 KIANG SU ST,TOW,TOW,1,1,819719.4,837292.4,22.31646823,114.1868167,2025/07/30 11:44:47+00
12708814.2906611,2550162.89282174,318,Statutory Notices issued on prescribed inspection/repair for buildings,就樓宇訂明檢驗／訂明修葺所發出的法定通知,251560,8/10 LARCH ST,251560,8/10 LARCH ST,TOW,TOW,1,1,820270.8,835067.4,22.32144765,114.16522126,2025/07/30 11:44:47+00
12711227.6833577,2549050.04095466,319,Statutory Notices issued on prescribed inspection/repair for buildings,就樓宇訂明檢驗／訂明修葺所發出的法定通知,266281,8/10 SAN LAU ST,266281,8/10 SAN LAU ST,TOW,TOW,14,14,819246.7,837301.1,22.31219991,114.18690112,2025/07/30 11:44:47+00
12714466.6982751,2549699.87577369,320,Statutory Notices issued on prescribed inspection/repair for buildings,就樓宇訂明檢驗／訂明修葺所發出的法定通知,930055,8/10 TING YUE SQUARE,930055,8/10 TING YUE SQUARE,TOW,TOW,2,2,819845.2,840298.9,22.31760019,114.21599748,2025/07/30 11:44:47+00
12703353.52405,2555895.91431847,321,Statutory Notices issued on prescribed inspection/repair for buildings,就樓宇訂明檢驗／訂明修葺所發出的法定通知,1389724,81/83 CHUNG ON ST TSUEN WAN,1389724,81/83 CHUNG ON ST TSUEN WAN,TOW,TOW,13,13,825546.7,830015.5,22.36908089,114.11616668,2025/07/30 11:44:47+00
12711412.4920132,2551208.88288102,322,Statutory Notices issued on prescribed inspection/repair for buildings,就樓宇訂明檢驗／訂明修葺所發出的法定通知,991653,83 HAU WONG RD,991653,83 HAU WONG RD,TOW,TOW,1,1,821233.3,837472,22.33013972,114.18856128,2025/07/30 11:44:47+00
12709395.6005952,2549875.71245872,323,Statutory Notices issued on prescribed inspection/repair for buildings,就樓宇訂明檢驗／訂明修葺所發出的法定通知,177423,83/85 TUNG CHOI ST,177423,83/85 TUNG CHOI ST,TOW,TOW,1,1,820006.5,835605.4,22.31906153,114.17044325,2025/07/30 11:44:47+00
12711289.0947945,2551225.41110223,324,Statutory Notices issued on prescribed inspection/repair for buildings,就樓宇訂明檢驗／訂明修葺所發出的法定通知,1356266,83/89 FUK LO TSUN RD,1356266,83/89 FUK LO TSUN RD,TOW,TOW,1,1,821248.5,837357.8,22.33027679,114.18745307,2025/07/30 11:44:47+00
12711767.9944572,2551236.7814793,325,Statutory Notices issued on prescribed inspection/repair for buildings,就樓宇訂明檢驗／訂明修葺所發出的法定通知,1219429,84 TAK KU LING RD,1219429,84 TAK KU LING RD,TOW,TOW,6,6,821259,837801,22.33037185,114.19175478,2025/07/30 11:44:47+00
12712605.2755291,2546613.05794695,326,Statutory Notices issued on prescribed inspection/repair for buildings,就樓宇訂明檢驗／訂明修葺所發出的法定通知,478799,84/86 JAVA RD,478799,84/86 JAVA RD,TOW,TOW,1,1,817004,838576.5,22.29194549,114.1992765,2025/07/30 11:44:47+00
12707709.8232749,2545601.9111414,327,Statutory Notices issued on prescribed inspection/repair for buildings,就樓宇訂明檢驗／訂明修葺所發出的法定通知,332274,85 QUEEN'S RD C,332274,85 QUEEN'S RD C,TOW,TOW,2,2,816073.3,834044.6,22.2835412,114.15529985,2025/07/30 11:44:47+00
12703346.7193428,2555884.38856421,328,Statutory Notices issued on prescribed inspection/repair for buildings,就樓宇訂明檢驗／訂明修葺所發出的法定通知,1390057,85/87 CHUNG ON ST TSUEN WAN,1390057,85/87 CHUNG ON ST TSUEN WAN,TOW,TOW,12,12,825536.1,830009.2,22.36898556,114.1161053,2025/07/30 11:44:47+00
12706118.4556244,2545751.20816485,329,Statutory Notices issued on prescribed inspection/repair for buildings,就樓宇訂明檢驗／訂明修葺所發出的法定通知,55121,KAM FUNG MANSION 59/61 BONHAM RD,55121,KAM FUNG MANSION 59/61 BONHAM RD,POD,POD,1,1,816211,832571.4,22.28478152,114.14100386,2025/07/30 11:44:47+00
12709979.6049586,2547846.1233782,330,Statutory Notices issued on prescribed inspection/repair for buildings,就樓宇訂明檢驗／訂明修葺所發出的法定通知,5241,KAM KOK MANSION 11 AUSTIN AVE,5241,KAM KOK MANSION 11 AUSTIN AVE,TOW,TOW,1,1,818138.7,836145.9,22.30219369,114.17568916,2025/07/30 11:44:47+00
12706375.9946134,2571518.0264553,331,Statutory Notices issued on prescribed inspection/repair for buildings,就樓宇訂明檢驗／訂明修葺所發出的法定通知,1617699,KAM LOI HOUSE 6/8 LUEN SHING ST FANLING,1617699,KAM LOI HOUSE 6/8 LUEN SHING ST FANLING,TOW,TOW,1,1,839910,832815.1,22.49879614,114.14331756,2025/07/30 11:44:47+00
12710120.8018331,2545031.39543491,332,Statutory Notices issued on prescribed inspection/repair for buildings,就樓宇訂明檢驗／訂明修葺所發出的法定通知,649538,KAM LOK MANSION 275/277 LOCKHART RD,649538,KAM LOK MANSION 275/277 LOCKHART RD,POD,POD,1,1,815548,836276.6,22.27879844,114.17695804,2025/07/30 11:44:47+00
12710120.8018331,2545031.39543491,333,Statutory Notices issued on prescribed inspection/repair for buildings,就樓宇訂明檢驗／訂明修葺所發出的法定通知,649563,KAM LOK MANSION 275/277 LOCKHART RD,649563,KAM LOK MANSION 275/277 LOCKHART RD,TOW,TOW,2,2,815548,836276.6,22.27879844,114.17695804,2025/07/30 11:44:47+00
12693524.9137565,2564837.6641568,334,Statutory Notices issued on prescribed inspection/repair for buildings,就樓宇訂明檢驗／訂明修葺所發出的法定通知,1566178,KAM LUN MANSION 27/37 YU KING SQUARE YUEN LONG,1566178,KAM LUN MANSION 27/37 YU KING SQUARE YUEN LONG,POD,POD,1,1,833776.4,820930.2,22.44334189,114.02787433,2025/07/30 11:44:47+00
12708956.5312651,2565262.91098653,335,Statutory Notices issued on prescribed inspection/repair for buildings,就樓宇訂明檢驗／訂明修葺所發出的法定通知,926965,KAM MING BUILDING 21/23 HEUNG SZE WUI ST TAI PO,926965,KAM MING BUILDING 21/23 HEUNG SZE WUI ST TAI PO,TOW,TOW,2,2,834159.8,835200,22.44687307,114.16649928,2025/07/30 11:44:47+00
12709389.2884311,2548402.22069679,336,Statutory Notices issued on prescribed inspection/repair for buildings,就樓宇訂明檢驗／訂明修葺所發出的法定通知,159357,KAM PO BUILDING 67/77 WOOSUNG ST,159357,KAM PO BUILDING 67/77 WOOSUNG ST,TOW,TOW,7,7,818650.5,835599.5,22.30681595,114.17038664,2025/07/30 11:44:47+00
12709797.3077141,2544417.48758307,337,Statutory Notices issued on prescribed inspection/repair for buildings,就樓宇訂明檢驗／訂明修葺所發出的法定通知,415681,KAM SEK BUILDING 76/80 STONE NULLAH LANE,415681,KAM SEK BUILDING 76/80 STONE NULLAH LANE,TOW,TOW,1,1,814982.9,835977.1,22.2736948,114.17405171,2025/07/30 11:44:47+00
12708757.1382819,2551452.64528548,338,Statutory Notices issued on prescribed inspection/repair for buildings,就樓宇訂明檢驗／訂明修葺所發出的法定通知,302849,KAM SHAN HOUSE 198/200 TAI PO RD,302849,KAM SHAN HOUSE 198/200 TAI PO RD,TOW,TOW,1,1,821457.6,835014.6,22.33216541,114.16470805,2025/07/30 11:44:47+00
12706429.8296674,2545966.50271495,339,Statutory Notices issued on prescribed inspection/repair for buildings,就樓宇訂明檢驗／訂明修葺所發出的法定通知,353857,KAM SHEK HOUSE 38/42 EASTERN ST,353857,KAM SHEK HOUSE 38/42 EASTERN ST,TOW,TOW,1,1,816409.1,832859.7,22.28657111,114.14380152,2025/07/30 11:44:47+00
12706429.8296674,2545966.50271495,340,Statutory Notices issued on prescribed inspection/repair for buildings,就樓宇訂明檢驗／訂明修葺所發出的法定通知,353836,KAM SHEK HOUSE 38/42 EASTERN ST,353836,KAM SHEK HOUSE 38/42 EASTERN ST,POD,POD,1,1,816409.1,832859.7,22.28657111,114.14380152,2025/07/30 11:44:47+00
12702846.6720531,2556247.37365383,341,Statutory Notices issued on prescribed inspection/repair for buildings,就樓宇訂明檢驗／訂明修葺所發出的法定通知,754805,KAM SHING BUILDING 25/41 HEUNG WO ST TSUEN WAN,754805,KAM SHING BUILDING 25/41 HEUNG WO ST TSUEN WAN,TOW,TOW,1,1,825870.2,829546.7,22.37200072,114.11161341,2025/07/30 11:44:47+00
12709162.3625853,2549276.40050356,342,Statutory Notices issued on prescribed inspection/repair for buildings,就樓宇訂明檢驗／訂明修葺所發出的法定通知,36722,KAM SING BUILDING 856/858 CANTON RD,36722,KAM SING BUILDING 856/858 CANTON RD,TOW,TOW,1,1,819455,835389.5,22.31408079,114.16834814,2025/07/30 11:44:47+00
12709801.6168963,2545043.34290285,343,Statutory Notices issued on prescribed inspection/repair for buildings,就樓宇訂明檢驗／訂明修葺所發出的法定通知,1507424,KAM SING MANSION 151/161 JAFFE RD,1507424,KAM SING MANSION 151/161 JAFFE RD,TOW,TOW,1,1,815559,835981.1,22.2788975,114.17409086,2025/07/30 11:44:47+00
12709801.6168963,2545043.34290285,344,Statutory Notices issued on prescribed inspection/repair for buildings,就樓宇訂明檢驗／訂明修葺所發出的法定通知,1506593,KAM SING MANSION 151/161 JAFFE RD,1506593,KAM SING MANSION 151/161 JAFFE RD,POD,POD,1,1,815559,835981.1,22.2788975,114.17409086,2025/07/30 11:44:47+00
12708866.0088347,2565333.38589511,345,Statutory Notices issued on prescribed inspection/repair for buildings,就樓宇訂明檢驗／訂明修葺所發出的法定通知,1565052,KAM TONG BUILDING 22/24 WAI YI ST TAI PO,1565052,KAM TONG BUILDING 22/24 WAI YI ST TAI PO,TOW,TOW,1,1,834224.6,835116.3,22.44745818,114.16568562,2025/07/30 11:44:47+00
12704594.7082762,2545485.2539072,346,Statutory Notices issued on prescribed inspection/repair for buildings,就樓宇訂明檢驗／訂明修葺所發出的法定通知,320062,KAM TONG MANSION 139/153 BELCHER'S ST,320062,KAM TONG MANSION 139/153 BELCHER'S ST,POD,POD,1,1,815966.6,831160.7,22.28257149,114.12731599,2025/07/30 11:44:47+00
12704594.7082762,2545485.2539072,347,Statutory Notices issued on prescribed inspection/repair for buildings,就樓宇訂明檢驗／訂明修葺所發出的法定通知,320082,KAM TONG MANSION 139/153 BELCHER'S ST,320082,KAM TONG MANSION 139/153 BELCHER'S ST,TOW,TOW,18,18,815966.6,831160.7,22.28257149,114.12731599,2025/07/30 11:44:47+00
12708489.3846522,2551352.6368422,348,Statutory Notices issued on prescribed inspection/repair for buildings,就樓宇訂明檢驗／訂明修葺所發出的法定通知,4554,KAM WA BUILDING 153/155 FUK WA ST,4554,KAM WA BUILDING 153/155 FUK WA ST,TOW,TOW,1,1,821365.6,834766.8,22.3313345,114.16230234,2025/07/30 11:44:47+00
12711277.0114022,2549936.75880245,349,Statutory Notices issued on prescribed inspection/repair for buildings,就樓宇訂明檢驗／訂明修葺所發出的法定通知,1791981,KAM WAH MANSION 436 MA TAU WAI RD,1791981,KAM WAH MANSION 436 MA TAU WAI RD,TOW,TOW,3,3,820062.7,837346.7,22.31956837,114.18734422,2025/07/30 11:44:47+00
12715873.1253131,2544966.8479374,350,Statutory Notices issued on prescribed inspection/repair for buildings,就樓宇訂明檢驗／訂明修葺所發出的法定通知,501448,KAM WAH MANSION 61/67 KAM WA ST,501448,KAM WAH MANSION 61/67 KAM WA ST,TOW,TOW,36,36,815489.5,841602.1,22.27826161,114.22863143,2025/07/30 11:44:47+00
12709426.7708699,2548558.47588692,351,Statutory Notices issued on prescribed inspection/repair for buildings,就樓宇訂明檢驗／訂明修葺所發出的法定通知,156589,KAM YIN MANSION 15/17 WOOSUNG ST,156589,KAM YIN MANSION 15/17 WOOSUNG ST,TOW,TOW,1,1,818794.3,835634.2,22.30811471,114.17072272,2025/07/30 11:44:47+00
12708208.8122764,2550926.91836524,352,Statutory Notices issued on prescribed inspection/repair for buildings,就樓宇訂明檢驗／訂明修葺所發出的法定通知,208495,KAM YING MANSION 194 HAI TAN ST,208495,KAM YING MANSION 194 HAI TAN ST,TOW,TOW,1,1,820973.9,834507.1,22.3277968,114.15978174,2025/07/30 11:44:47+00
12707227.3647404,2545876.3757944,353,Statutory Notices issued on prescribed inspection/repair for buildings,就樓宇訂明檢驗／訂明修葺所發出的法定通知,206042,KAMCOURT BUILDING 60 BONHAM STRAND,206042,KAMCOURT BUILDING 60 BONHAM STRAND,TOW,TOW,1,1,816326,833598,22.28582234,114.15096547,2025/07/30 11:44:47+00
12714848.2065933,2545854.43981804,354,Statutory Notices issued on prescribed inspection/repair for buildings,就樓宇訂明檢驗／訂明修葺所發出的法定通知,622610,KAO SHAN TERRACE HENG SHAN MANSION TAIKOO SHING BLK 12 19 TAIKOO SHING RD,622610,KAO SHAN TERRACE HENG SHAN MANSION TAIKOO SHING BLK 12 19 TAIKOO SHING RD,TOW,TOW,3,3,816306.2,840653,22.28563988,114.21942487,2025/07/30 11:44:47+00
12714928.1292414,2545810.85090335,355,Statutory Notices issued on prescribed inspection/repair for buildings,就樓宇訂明檢驗／訂明修葺所發出的法定通知,834770,KAO SHAN TERRACE LU SHAN MANSION TAIKOO SHING BLK 9 5 TAIKOO SHING RD,834770,KAO SHAN TERRACE LU SHAN MANSION TAIKOO SHING BLK 9 5 TAIKOO SHING RD,TOW,TOW,3,3,816266.1,840727,22.28527753,114.2201431,2025/07/30 11:44:47+00
12714887.8377814,2545810.97111645,356,Statutory Notices issued on prescribed inspection/repair for buildings,就樓宇訂明檢驗／訂明修葺所發出的法定通知,617697,KAO SHAN TERRACE NAN SHAN MANSION TAIKOO SHING BLK 10 3 TAIKOO SHING RD,617697,KAO SHAN TERRACE NAN SHAN MANSION TAIKOO SHING BLK 10 3 TAIKOO SHING RD,TOW,TOW,7,7,816266.2,840689.7,22.28527873,114.21978038,2025/07/30 11:44:47+00
12714969.3930064,2545811.16488402,357,Statutory Notices issued on prescribed inspection/repair for buildings,就樓宇訂明檢驗／訂明修葺所發出的法定通知,827253,KAO SHAN TERRACE TAI SHAN MANSION TAIKOO SHING BLK 8 7 TAIKOO SHING RD,827253,KAO SHAN TERRACE TAI SHAN MANSION TAIKOO SHING BLK 8 7 TAIKOO SHING RD,TOW,TOW,6,6,816266.4,840765.2,22.28527996,114.22051337,2025/07/30 11:44:47+00
12714970.3769338,2545852.01456597,358,Statutory Notices issued on prescribed inspection/repair for buildings,就樓宇訂明檢驗／訂明修葺所發出的法定通知,827853,KAO SHAN TERRACE TIEN SHAN MANSION TAIKOO SHING BLK 7 9 TAIKOO SHING RD,827853,KAO SHAN TERRACE TIEN SHAN MANSION TAIKOO SHING BLK 7 9 TAIKOO SHING RD,TOW,TOW,5,5,816304,840766.1,22.28561935,114.22052249,2025/07/30 11:44:47+00
12714969.8487651,2545893.51664879,359,Statutory Notices issued on prescribed inspection/repair for buildings,就樓宇訂明檢驗／訂明修葺所發出的法定通知,621933,KAO SHAN TERRACE TUNG SHAN MANSION TAIKOO SHING BLK 6 11 TAIKOO SHING RD,621933,KAO SHAN TERRACE TUNG SHAN MANSION TAIKOO SHING BLK 6 11 TAIKOO SHING RD,TOW,TOW,3,3,816342.2,840765.6,22.28596469,114.2205173,2025/07/30 11:44:47+00
12714848.0020343,2545895.39859183,360,Statutory Notices issued on prescribed inspection/repair for buildings,就樓宇訂明檢驗／訂明修葺所發出的法定通知,622206,KAO SHAN TERRACE WAH SHAN MANSION TAIKOO SHING BLK 13 17 TAIKOO SHING RD,622206,KAO SHAN TERRACE WAH SHAN MANSION TAIKOO SHING BLK 13 17 TAIKOO SHING RD,TOW,TOW,2,2,816343.9,840652.8,22.28598013,114.21942271,2025/07/30 11:44:47+00
12714730.0207053,2545811.99328949,361,Statutory Notices issued on prescribed inspection/repair for buildings,就樓宇訂明檢驗／訂明修葺所發出的法定通知,687092,KAO SHAN TERRACE YEE SHAN MANSION BLK 16 TAIKOO SHING 7 TAI FUNG AVE,687092,KAO SHAN TERRACE YEE SHAN MANSION BLK 16 TAIKOO SHING 7 TAI FUNG AVE,TOW,TOW,1,1,816267.1,840543.6,22.28528696,114.21836339,2025/07/30 11:44:47+00
12703721.3658588,2556102.27880104,362,Statutory Notices issued on prescribed inspection/repair for buildings,就樓宇訂明檢驗／訂明修葺所發出的法定通知,634200,KAPOK MANSION 123/133 CASTLE PEAK RD TSUEN WAN TSUEN WAN,634200,KAPOK MANSION 123/133 CASTLE PEAK RD TSUEN WAN TSUEN WAN,TOW,TOW,1,1,825736.4,830355.9,22.3707953,114.11947075,2025/07/30 11:44:47+00
12711409.1286626,2551031.848041,363,Statutory Notices issued on prescribed inspection/repair for buildings,就樓宇訂明檢驗／訂明修葺所發出的法定通知,988071,KAR FAT BUILDING 35/37 HAU WONG RD,988071,KAR FAT BUILDING 35/37 HAU WONG RD,TOW,TOW,1,1,821070.4,837468.9,22.32866911,114.18853089,2025/07/30 11:44:47+00
12712242.9435375,2546491.42228194,364,Statutory Notices issued on prescribed inspection/repair for buildings,就樓宇訂明檢驗／訂明修葺所發出的法定通知,559018,KAR WAN BUILDING 10/16 YUET YUEN ST,559018,KAR WAN BUILDING 10/16 YUET YUEN ST,TOW,TOW,1,1,816892,838241.1,22.29093484,114.19602108,2025/07/30 11:44:47+00
12709157.3397852,2548293.98423065,365,Statutory Notices issued on prescribed inspection/repair for buildings,就樓宇訂明檢驗／訂明修葺所發出的法定通知,12793,KENT BUILDING 39/39A JORDAN RD,12793,KENT BUILDING 39/39A JORDAN RD,TOW,TOW,1,1,818550.9,835384.8,22.30591606,114.16830329,2025/07/30 11:44:47+00
12712248.3025295,2546157.98493415,366,Statutory Notices issued on prescribed inspection/repair for buildings,就樓宇訂明檢驗／訂明修葺所發出的法定通知,836321,KENT MANSION 95/97 TIN HAU TEMPLE RD,836321,KENT MANSION 95/97 TIN HAU TEMPLE RD,TOW,TOW,5,5,816585.1,838246.1,22.28816264,114.19606909,2025/07/30 11:44:47+00
12711169.0878689,2545017.99914824,367,Statutory Notices issued on prescribed inspection/repair for buildings,就樓宇訂明檢驗／訂明修葺所發出的法定通知,476433,KESWICK COURT 3 KESWICK ST,476433,KESWICK COURT 3 KESWICK ST,TOW,TOW,2,2,815535.7,837247.1,22.2786874,114.18637456,2025/07/30 11:44:47+00
12714481.4370545,2549455.15307651,368,Statutory Notices issued on prescribed inspection/repair for buildings,就樓宇訂明檢驗／訂明修葺所發出的法定通知,1083145,KEVIN WONG DEVELOPMENT BUILDING 11 TAI YIP ST,1083145,KEVIN WONG DEVELOPMENT BUILDING 11 TAI YIP ST,TOW,TOW,1,1,819620,840312.6,22.31556638,114.2161303,2025/07/30 11:44:47+00
12706357.810724,2571557.30189699,369,Statutory Notices issued on prescribed inspection/repair for buildings,就樓宇訂明檢驗／訂明修葺所發出的法定通知,1810525,KIN FUNG BUILDING 54/56 WO FUNG ST FANLING,1810525,KIN FUNG BUILDING 54/56 WO FUNG ST FANLING,TOW,TOW,1,1,839946.1,832798.3,22.49912259,114.14315412,2025/07/30 11:44:47+00
12706364.8410245,2571565.13764521,370,Statutory Notices issued on prescribed inspection/repair for buildings,就樓宇訂明檢驗／訂明修葺所發出的法定通知,1810668,KIN FUNG BUILDING 58/60 WO FUNG ST FANLING,1810668,KIN FUNG BUILDING 58/60 WO FUNG ST FANLING,TOW,TOW,1,1,839953.3,832804.8,22.49918697,114.14321773,2025/07/30 11:44:47+00
12706534.6000494,2546014.22037945,371,Statutory Notices issued on prescribed inspection/repair for buildings,就樓宇訂明檢驗／訂明修葺所發出的法定通知,362945,KIN HING BUILDING 172/180 QUEEN'S RD W,362945,KIN HING BUILDING 172/180 QUEEN'S RD W,TOW,TOW,1,1,816453,832956.7,22.28696805,114.14474245,2025/07/30 11:44:47+00
12705662.1618002,2555674.27586921,372,Statutory Notices issued on prescribed inspection/repair for buildings,就樓宇訂明檢驗／訂明修葺所發出的法定通知,835789,KIN HING INDUSTRIAL BUILDING 17/23 SHEK KIN ST KWAI CHUNG,835789,KIN HING INDUSTRIAL BUILDING 17/23 SHEK KIN ST KWAI CHUNG,TOW,TOW,1,1,825342.1,832151.4,22.36724019,114.13690502,2025/07/30 11:44:47+00
12704772.5151028,2545456.08707004,373,Statutory Notices issued on prescribed inspection/repair for buildings,就樓宇訂明檢驗／訂明修葺所發出的法定通知,370986,KIN LIONG MANSION 16/30 NORTH ST,370986,KIN LIONG MANSION 16/30 NORTH ST,TOW,TOW,1,1,815939.7,831325.3,22.28232828,114.12891293,2025/07/30 11:44:47+00
12705524.0412858,2555638.14805265,374,Statutory Notices issued on prescribed inspection/repair for buildings,就樓宇訂明檢驗／訂明修葺所發出的法定通知,1774032,KIN MING BUILDING 29A/33 TA CHUEN PING ST KWAI CHUNG,1774032,KIN MING BUILDING 29A/33 TA CHUEN PING ST KWAI CHUNG,TOW,TOW,1,1,825308.9,832023.6,22.36694024,114.13566403,2025/07/30 11:44:47+00
12712874.9882116,2546452.3250644,375,Statutory Notices issued on prescribed inspection/repair for buildings,就樓宇訂明檢驗／訂明修葺所發出的法定通知,1518808,KIN MING COURT 2A/2B KAM HONG ST,1518808,KIN MING COURT 2A/2B KAM HONG ST,TOW,TOW,2,2,816856.1,838826.2,22.29060959,114.20169921,2025/07/30 11:44:47+00
12706992.6096391,2546020.39604817,376,Statutory Notices issued on prescribed inspection/repair for buildings,就樓宇訂明檢驗／訂明修葺所發出的法定通知,32475,KIN TYE LUNG BUILDING 27/29 BONHAM STRAND W,32475,KIN TYE LUNG BUILDING 27/29 BONHAM STRAND W,TOW,TOW,1,1,816458.6,833380.7,22.28701922,114.14885646,2025/07/30 11:44:47+00
12708787.0254343,2550638.33325131,377,Statutory Notices issued on prescribed inspection/repair for buildings,就樓宇訂明檢驗／訂明修葺所發出的法定通知,180745,KIN WING BUILDING 142 LAI CHI KOK RD,180745,KIN WING BUILDING 142 LAI CHI KOK RD,TOW,TOW,1,1,820708.3,835042.2,22.3253988,114.16497646,2025/07/30 11:44:47+00
12709495.2137212,2550024.05057164,378,Statutory Notices issued on prescribed inspection/repair for buildings,就樓宇訂明檢驗／訂明修葺所發出的法定通知,106324,KIN WONG MANSION 111/121 SAI YEE ST,106324,KIN WONG MANSION 111/121 SAI YEE ST,TOW,TOW,25,25,820143,835697.6,22.32029412,114.17133788,2025/07/30 11:44:47+00
12713341.4113475,2550270.64885138,379,Statutory Notices issued on prescribed inspection/repair for buildings,就樓宇訂明檢驗／訂明修葺所發出的法定通知,904799,KINETIC INDUSTRIAL CENTRE 7 WANG KWONG RD,904799,KINETIC INDUSTRIAL CENTRE 7 WANG KWONG RD,TOW,TOW,1,1,820370.2,839257.3,22.32234334,114.20588854,2025/07/30 11:44:47+00
12711919.2072616,2545605.02656974,380,Statutory Notices issued on prescribed inspection/repair for buildings,就樓宇訂明檢驗／訂明修葺所發出的法定通知,665987,KING FAI COURT 19/21 TIN HAU TEMPLE RD,665987,KING FAI COURT 19/21 TIN HAU TEMPLE RD,TOW,TOW,49,49,816076.1,837941.5,22.28356678,114.19311314,2025/07/30 11:44:47+00
12710786.8150318,2550197.81243108,381,Statutory Notices issued on prescribed inspection/repair for buildings,就樓宇訂明檢驗／訂明修葺所發出的法定通知,5295668,KING GEORGE V SCHOOLS 2/2A TIN KWONG RD,5295668,KING GEORGE V SCHOOLS 2/2A TIN KWONG RD,TOW,TOW,1,1,820302.9,836893,22.3217378,114.18294064,2025/07/30 11:44:47+00
12715164.3998216,2548801.99536367,382,Statutory Notices issued on prescribed inspection/repair for buildings,就樓宇訂明檢驗／訂明修葺所發出的法定通知,682430,KING WAN INDUSTRIAL BUILDING 54 HUNG TO RD,682430,KING WAN INDUSTRIAL BUILDING 54 HUNG TO RD,TOW,TOW,1,1,819019.1,840944.9,22.3101385,114.22226505,2025/07/30 11:44:47+00
12715595.8604755,2548654.51357515,383,Statutory Notices issued on prescribed inspection/repair for buildings,就樓宇訂明檢驗／訂明修葺所發出的法定通知,1861697,KING YIP FACTORY BUILDING 59 KING YIP ST,1861697,KING YIP FACTORY BUILDING 59 KING YIP ST,TOW,TOW,1,1,818883.5,841344.3,22.3089126,114.22614106,2025/07/30 11:44:47+00
12704037.3008855,2554601.73710125,384,Statutory Notices issued on prescribed inspection/repair for buildings,就樓宇訂明檢驗／訂明修葺所發出的法定通知,1973315,KINGSFORD INDUSTRIAL BUILDING PHASE 2 26/32 KWAI HEI ST KWAI CHUNG,1973315,KINGSFORD INDUSTRIAL BUILDING PHASE 2 26/32 KWAI HEI ST KWAI CHUNG,TOW,TOW,4,4,824355.9,830647.7,22.35832941,114.12230878,2025/07/30 11:44:47+00
12711085.7195469,2545351.31005727,385,Statutory Notices issued on prescribed inspection/repair for buildings,就樓宇訂明檢驗／訂明修葺所發出的法定通知,521244,KINGSTON BUILDING 2/4 KINGSTON ST,521244,KINGSTON BUILDING 2/4 KINGSTON ST,TOW,TOW,1,1,815842.5,837169.9,22.28145801,114.18562562,2025/07/30 11:44:47+00
12705114.0122088,2554780.90566432,386,Statutory Notices issued on prescribed inspection/repair for buildings,就樓宇訂明檢驗／訂明修葺所發出的法定通知,1828838,KIU KWONG INDUSTRIAL BUILDING 6/10 KA HING RD KWAI CHUNG,1828838,KIU KWONG INDUSTRIAL BUILDING 6/10 KA HING RD KWAI CHUNG,TOW,TOW,1,1,824520.4,831644,22.35981868,114.13198108,2025/07/30 11:44:47+00
12706971.650702,2546035.38511283,387,Statutory Notices issued on prescribed inspection/repair for buildings,就樓宇訂明檢驗／訂明修葺所發出的法定通知,32737,KIU KWONG MANSION 35/41 BONHAM STRAND W,32737,KIU KWONG MANSION 35/41 BONHAM STRAND W,POD,POD,1,1,816472.4,833361.3,22.28714356,114.14866869,2025/07/30 11:44:47+00
12715640.8935957,2549256.71112558,388,Statutory Notices issued on prescribed inspection/repair for buildings,就樓宇訂明檢驗／訂明修葺所發出的法定通知,1296033,KIU YIP MANSION BLK A-F 18 YUET WAH ST,1296033,KIU YIP MANSION BLK A-F 18 YUET WAH ST,TOW,TOW,76,76,819437.7,841385.8,22.3139174,114.22654604,2025/07/30 11:44:47+00
12715615.7163153,2549246.0702548,389,Statutory Notices issued on prescribed inspection/repair for buildings,就樓宇訂明檢驗／訂明修葺所發出的法定通知,1298301,KIU YIP MANSION BLK G-M 18 YUET WAH ST,1298301,KIU YIP MANSION BLK G-M 18 YUET WAH ST,TOW,TOW,75,75,819427.9,841362.5,22.31382918,114.22631906,2025/07/30 11:44:47+00
12720831.2609717,2557457.98648638,390,Statutory Notices issued on prescribed inspection/repair for buildings,就樓宇訂明檢驗／訂明修葺所發出的法定通知,1964237,KO FU BUILDING 58/72 FUK MAN RD SAI KUNG,1964237,KO FU BUILDING 58/72 FUK MAN RD SAI KUNG,TOW,TOW,1,1,826985.5,846185,22.38205723,114.27317112,2025/07/30 11:44:47+00
12708874.6515404,2565454.88067647,391,Statutory Notices issued on prescribed inspection/repair for buildings,就樓宇訂明檢驗／訂明修葺所發出的法定通知,2002885,KO KOON BUILDING 14/16 WAI YAN ST TAI PO,2002885,KO KOON BUILDING 14/16 WAI YAN ST TAI PO,TOW,TOW,1,1,834336.3,835124.3,22.44846642,114.16576332,2025/07/30 11:44:47+00
12714370.6127182,2549566.7826621,392,Statutory Notices issued on prescribed inspection/repair for buildings,就樓宇訂明檢驗／訂明修葺所發出的法定通知,1083486,KO LEUNG INDUSTRIAL BUILDING 25 TAI YIP ST,1083486,KO LEUNG INDUSTRIAL BUILDING 25 TAI YIP ST,TOW,TOW,1,1,819722.7,840210,22.31649365,114.2151348,2025/07/30 11:44:47+00
12705851.7309791,2555709.0026529,393,Statutory Notices issued on prescribed inspection/repair for buildings,就樓宇訂明檢驗／訂明修葺所發出的法定通知,1270431,KONG SHENG FACTORY BUILDING 75/87 WO YI HOP RD KWAI CHUNG,1270431,KONG SHENG FACTORY BUILDING 75/87 WO YI HOP RD KWAI CHUNG,TOW,TOW,1,1,825374,832326.8,22.36752823,114.13860855,2025/07/30 11:44:47+00
12710417.9572645,2551207.84428425,394,Statutory Notices issued on prescribed inspection/repair for buildings,就樓宇訂明檢驗／訂明修葺所發出的法定通知,1103560,KOWLOON TONG COURT BLK A 4/8 LANCASHIRE RD,1103560,KOWLOON TONG COURT BLK A 4/8 LANCASHIRE RD,TOW,TOW,1,1,821232.3,836551.6,22.33013083,114.17962753,2025/07/30 11:44:47+00
12709803.8427129,2547419.86757965,395,Statutory Notices issued on prescribed inspection/repair for buildings,就樓宇訂明檢驗／訂明修葺所發出的法定通知,1158648,KUNDAMAL HOUSE 4 PRAT AVE,1158648,KUNDAMAL HOUSE 4 PRAT AVE,TOW,TOW,1,1,817746.4,835983.2,22.29865135,114.17411088,2025/07/30 11:44:47+00
12712437.8227645,2546513.99498444,396,Statutory Notices issued on prescribed inspection/repair for buildings,就樓宇訂明檢驗／訂明修葺所發出的法定通知,794136,KUNG LEE BUILDING 94/96 CHUN YEUNG ST,794136,KUNG LEE BUILDING 94/96 CHUN YEUNG ST,TOW,TOW,1,1,816912.8,838421.5,22.2911223,114.19777234,2025/07/30 11:44:47+00
12708925.9795386,2541342.71450913,397,Statutory Notices issued on prescribed inspection/repair for buildings,就樓宇訂明檢驗／訂明修葺所發出的法定通知,1135234,KWAI BO INDUSTRIAL BUILDING 40 WONG CHUK HANG RD,1135234,KWAI BO INDUSTRIAL BUILDING 40 WONG CHUK HANG RD,TOW,TOW,76,76,812152.3,835170.2,22.24813225,114.16622494,2025/07/30 11:44:47+00
12704485.1063932,2554789.9449625,398,Statutory Notices issued on prescribed inspection/repair for buildings,就樓宇訂明檢驗／訂明修葺所發出的法定通知,1601174,KWAI CHEUNG BUILDING 97/111 WING FONG RD KWAI CHUNG,1601174,KWAI CHEUNG BUILDING 97/111 WING FONG RD KWAI CHUNG,POD,POD,2,2,824528.9,831062.1,22.35989321,114.12633196,2025/07/30 11:44:47+00
12704546.6888898,2554855.72954808,399,Statutory Notices issued on prescribed inspection/repair for buildings,就樓宇訂明檢驗／訂明修葺所發出的法定通知,1597516,KWAI LOK BUILDING 79 WING FONG RD KWAI CHUNG,1597516,KWAI LOK BUILDING 79 WING FONG RD KWAI CHUNG,TOW,TOW,3,3,824589.4,831119.1,22.36044029,114.12688493,2025/07/30 11:44:47+00
12705753.4387378,2555462.43299737,400,Statutory Notices issued on prescribed inspection/repair for buildings,就樓宇訂明檢驗／訂明修葺所發出的法定通知,1250308,KWAI LOONG BUILDING 53/73 TAI LOONG ST KWAI CHUNG,1250308,KWAI LOONG BUILDING 53/73 TAI LOONG ST KWAI CHUNG,TOW,TOW,1,1,825147.2,832235.8,22.36548006,114.13772553,2025/07/30 11:44:47+00
12705158.6840782,2555763.38194448,401,Statutory Notices issued on prescribed inspection/repair for buildings,就樓宇訂明檢驗／訂明修葺所發出的法定通知,748622,KWAI WO BUILDING 85 WO TONG TSUI ST KWAI CHUNG,748622,KWAI WO BUILDING 85 WO TONG TSUI ST KWAI CHUNG,TOW,TOW,2,2,825424.2,831685.6,22.36797986,114.13238197,2025/07/30 11:44:47+00
12705158.6840782,2555763.38194448,402,Statutory Notices issued on prescribed inspection/repair for buildings,就樓宇訂明檢驗／訂明修葺所發出的法定通知,748588,KWAI WO BUILDING 85 WO TONG TSUI ST KWAI CHUNG,748588,KWAI WO BUILDING 85 WO TONG TSUI ST KWAI CHUNG,POD,POD,2,2,825424.2,831685.6,22.36797986,114.13238197,2025/07/30 11:44:47+00
12709379.9726994,2548973.88948622,403,Statutory Notices issued on prescribed inspection/repair for buildings,就樓宇訂明檢驗／訂明修葺所發出的法定通知,1295,KWAN KANG BUILDING 2/8 TEMPLE ST,1295,KWAN KANG BUILDING 2/8 TEMPLE ST,TOW,TOW,1,1,819176.6,835590.9,22.31156642,114.17030319,2025/07/30 11:44:47+00
12703834.4710212,2555975.24158519,404,Statutory Notices issued on prescribed inspection/repair for buildings,就樓宇訂明檢驗／訂明修葺所發出的法定通知,953567,KWAN SHING BUILDING 142/166 TSUEN WAN MARKET ST TSUEN WAN,953567,KWAN SHING BUILDING 142/166 TSUEN WAN MARKET ST TSUEN WAN,TOW,TOW,2,2,825619.5,830460.5,22.3697405,114.12048642,2025/07/30 11:44:47+00
12705774.6512855,2546085.52913032,405,Statutory Notices issued on prescribed inspection/repair for buildings,就樓宇訂明檢驗／訂明修葺所發出的法定通知,454933,"KWAN YICK BUILDING, PHASE II 343 DES VOEUX RD W",454933,"KWAN YICK BUILDING, PHASE II 343 DES VOEUX RD W",TOW,TOW,2,2,816518.8,832253.2,22.28756065,114.13791553,2025/07/30 11:44:47+00
12711398.206781,2550920.99911487,406,Statutory Notices issued on prescribed inspection/repair for buildings,就樓宇訂明檢驗／訂明修葺所發出的法定通知,307147,KWOK HWA BUILDING 382/384 PRINCE EDWARD RD W,307147,KWOK HWA BUILDING 382/384 PRINCE EDWARD RD W,TOW,TOW,2,2,820968.4,837458.8,22.32774754,114.18843255,2025/07/30 11:44:47+00
12693512.0443148,2564947.72125635,407,Statutory Notices issued on prescribed inspection/repair for buildings,就樓宇訂明檢驗／訂明修葺所發出的法定通知,805052,KWOK WAH MANSION 142/148 CASTLE PEAK RD YUEN LONG YUEN LONG,805052,KWOK WAH MANSION 142/148 CASTLE PEAK RD YUEN LONG YUEN LONG,TOW,TOW,1,1,833877.6,820918.4,22.44425638,114.02775918,2025/07/30 11:44:47+00
12693512.0443148,2564947.72125635,408,Statutory Notices issued on prescribed inspection/repair for buildings,就樓宇訂明檢驗／訂明修葺所發出的法定通知,805033,KWOK WAH MANSION 142/148 CASTLE PEAK RD YUEN LONG YUEN LONG,805033,KWOK WAH MANSION 142/148 CASTLE PEAK RD YUEN LONG YUEN LONG,POD,POD,1,1,833877.6,820918.4,22.44425638,114.02775918,2025/07/30 11:44:47+00
12712111.7739974,2546256.54373053,409,Statutory Notices issued on prescribed inspection/repair for buildings,就樓宇訂明檢驗／訂明修葺所發出的法定通知,868016,KWONG CHIU TERRACE BLOCK A 272/276 KING'S RD,868016,KWONG CHIU TERRACE BLOCK A 272/276 KING'S RD,TOW,TOW,1,1,816675.8,838119.7,22.28898186,114.19484254,2025/07/30 11:44:47+00
12705919.9733017,2555976.33100345,410,Statutory Notices issued on prescribed inspection/repair for buildings,就樓宇訂明檢驗／訂明修葺所發出的法定通知,2027987,KWONG FAI BUILDING 85/99 SHEK YAM RD KWAI CHUNG,2027987,KWONG FAI BUILDING 85/99 SHEK YAM RD KWAI CHUNG,TOW,TOW,1,1,825619.9,832390,22.36974948,114.13922153,2025/07/30 11:44:47+00
12707849.4723487,2552216.14485684,411,Statutory Notices issued on prescribed inspection/repair for buildings,就樓宇訂明檢驗／訂明修葺所發出的法定通知,773199,KWONG FAT BUILDING 320/322 CASTLE PEAK RD,773199,KWONG FAT BUILDING 320/322 CASTLE PEAK RD,TOW,TOW,3,3,822160.2,834174.7,22.33850896,114.15655367,2025/07/30 11:44:47+00
12707304.7870658,2545395.53811532,412,Statutory Notices issued on prescribed inspection/repair for buildings,就樓宇訂明檢驗／訂明修葺所發出的法定通知,419431,KWONG FOOK BUILDING 85 CAINE RD,419431,KWONG FOOK BUILDING 85 CAINE RD,TOW,TOW,1,1,815883.4,833669.6,22.28182571,114.15166135,2025/07/30 11:44:47+00
12709066.2925443,2549608.91426848,413,Statutory Notices issued on prescribed inspection/repair for buildings,就樓宇訂明檢驗／訂明修葺所發出的法定通知,36249,KWONG FOOK BUILDING 977/991 CANTON RD,36249,KWONG FOOK BUILDING 977/991 CANTON RD,TOW,TOW,1,1,819761,835300.6,22.31684437,114.16748523,2025/07/30 11:44:47+00
12711014.6336468,2545153.91541235,414,Statutory Notices issued on prescribed inspection/repair for buildings,就樓宇訂明檢驗／訂明修葺所發出的法定通知,634310,KWONG ON BUILDING 22/28 JARDINE'S BAZAAR,634310,KWONG ON BUILDING 22/28 JARDINE'S BAZAAR,TOW,TOW,3,3,815660.8,837104.1,22.27981644,114.18498695,2025/07/30 11:44:47+00
12715465.9309345,2549463.3421485,415,Statutory Notices issued on prescribed inspection/repair for buildings,就樓宇訂明檢驗／訂明修葺所發出的法定通知,1122857,KWONG SEN MANSION 23/33 SHUI WO ST,1122857,KWONG SEN MANSION 23/33 SHUI WO ST,TOW,TOW,1,1,819627.8,841223.8,22.31563474,114.22497412,2025/07/30 11:44:47+00
12708710.7897209,2550054.32243231,416,Statutory Notices issued on prescribed inspection/repair for buildings,就樓宇訂明檢驗／訂明修葺所發出的法定通知,24969,KWONG WO BUILDING 78/82A OAK ST,24969,KWONG WO BUILDING 78/82A OAK ST,TOW,TOW,2,2,820170.9,834971.6,22.32054558,114.16429115,2025/07/30 11:44:47+00
12705118.5273113,2554862.54124883,417,Statutory Notices issued on prescribed inspection/repair for buildings,就樓宇訂明檢驗／訂明修葺所發出的法定通知,1828500,L.M.K. DEVELOPMENT ESTATE 10/16 KWAI TING RD KWAI CHUNG,1828500,L.M.K. DEVELOPMENT ESTATE 10/16 KWAI TING RD KWAI CHUNG,TOW,TOW,1,1,824595.5,831648.2,22.36049677,114.13202139,2025/07/30 11:44:47+00
12709967.5955164,2550007.21731492,418,Statutory Notices issued on prescribed inspection/repair for buildings,就樓宇訂明檢驗／訂明修葺所發出的法定通知,1223964,LA BELLE MANSION 118/120B ARGYLE ST,1223964,LA BELLE MANSION 118/120B ARGYLE ST,TOW,TOW,2,2,820127.5,836134.8,22.32015414,114.17558133,2025/07/30 11:44:47+00
12705119.9623727,2544879.31952091,419,Statutory Notices issued on prescribed inspection/repair for buildings,就樓宇訂明檢驗／訂明修葺所發出的法定通知,678919,LA CLARE MANSION BLK A & B 92 POK FU LAM RD,678919,LA CLARE MANSION BLK A & B 92 POK FU LAM RD,TOW,TOW,1,1,815408.7,831646.8,22.27753419,114.13203461,2025/07/30 11:44:47+00
12706292.3133952,2545511.47524095,420,Statutory Notices issued on prescribed inspection/repair for buildings,就樓宇訂明檢驗／訂明修葺所發出的法定通知,495131,LAI CHEUNG HOUSE 90/92 ROBINSON RD,495131,LAI CHEUNG HOUSE 90/92 ROBINSON RD,TOW,TOW,14,14,815990.3,832732.3,22.28278871,114.14256622,2025/07/30 11:44:47+00
12713801.3921221,2546399.12608839,421,Statutory Notices issued on prescribed inspection/repair for buildings,就樓宇訂明檢驗／訂明修葺所發出的法定通知,806936,LAI KING MANSION 883 KING'S RD,806936,LAI KING MANSION 883 KING'S RD,TOW,TOW,46,46,816807.3,839683.8,22.29016711,114.21002108,2025/07/30 11:44:47+00
12708562.4781743,2550828.06001756,422,Statutory Notices issued on prescribed inspection/repair for buildings,就樓宇訂明檢驗／訂明修葺所發出的法定通知,185859,LAI LUEN BUILDING 236 LAI CHI KOK RD,185859,LAI LUEN BUILDING 236 LAI CHI KOK RD,POD,POD,3,3,820882.9,834834.4,22.32697519,114.16295924,2025/07/30 11:44:47+00
12708561.8298712,2550827.95128227,423,Statutory Notices issued on prescribed inspection/repair for buildings,就樓宇訂明檢驗／訂明修葺所發出的法定通知,186030,LAI LUEN BUILDING 236 LAI CHI KOK RD,186030,LAI LUEN BUILDING 236 LAI CHI KOK RD,TOW,TOW,1,1,820882.8,834833.8,22.32697477,114.16295311,2025/07/30 11:44:47+00
12709413.2469696,2549026.26679482,424,Statutory Notices issued on prescribed inspection/repair for buildings,就樓宇訂明檢驗／訂明修葺所發出的法定通知,1101914,LAI SHING BUILDING 15/17 MAN MING LANE,1101914,LAI SHING BUILDING 15/17 MAN MING LANE,TOW,TOW,11,11,819224.8,835621.7,22.31200182,114.17060206,2025/07/30 11:44:47+00
12709291.4772074,2549190.88781827,425,Statutory Notices issued on prescribed inspection/repair for buildings,就樓宇訂明檢驗／訂明修葺所發出的法定通知,222189,LAI TO BUILDING 364/368 SHANGHAI ST,222189,LAI TO BUILDING 364/368 SHANGHAI ST,TOW,TOW,1,1,819376.3,835509,22.31337002,114.16950808,2025/07/30 11:44:47+00
12713757.9639531,2546387.18444855,426,Statutory Notices issued on prescribed inspection/repair for buildings,就樓宇訂明檢驗／訂明修葺所發出的法定通知,805903,LAI WAH MANSION 867/881 KING'S RD,805903,LAI WAH MANSION 867/881 KING'S RD,TOW,TOW,105,105,816796.3,839643.6,22.29006847,114.20963061,2025/07/30 11:44:47+00
12715128.3629455,2549327.72301602,427,Statutory Notices issued on prescribed inspection/repair for buildings,就樓宇訂明檢驗／訂明修葺所發出的法定通知,868402,LAI YUE BUILDING 3 HORSE SHOE LANE,868402,LAI YUE BUILDING 3 HORSE SHOE LANE,TOW,TOW,2,2,819502.9,840911.4,22.31450755,114.22194177,2025/07/30 11:44:47+00
12708380.1420939,2551337.08485963,428,Statutory Notices issued on prescribed inspection/repair for buildings,就樓宇訂明檢驗／訂明修葺所發出的法定通知,282348,LAN FONG BUILDING 255/261 CHEUNG SHA WAN RD,282348,LAN FONG BUILDING 255/261 CHEUNG SHA WAN RD,TOW,TOW,1,1,821351.3,834665.7,22.33120459,114.16132123,2025/07/30 11:44:47+00
12709723.7932715,2547372.27571071,429,Statutory Notices issued on prescribed inspection/repair for buildings,就樓宇訂明檢驗／訂明修葺所發出的法定通知,21600,CARNARVON MANSION 8/12E CARNARVON RD,21600,CARNARVON MANSION 8/12E CARNARVON RD,TOW,TOW,10,10,817702.6,835909.1,22.29825555,114.17339102,2025/07/30 11:44:47+00
12706237.4156622,2545618.58348959,430,Statutory Notices issued on prescribed inspection/repair for buildings,就樓宇訂明檢驗／訂明修葺所發出的法定通知,49376,CAROL MANSION 36/42 LYTTELTON RD,49376,CAROL MANSION 36/42 LYTTELTON RD,TOW,TOW,3,3,816088.9,832681.5,22.28367945,114.14207244,2025/07/30 11:44:47+00
12709884.5374419,2547722.47190928,431,Statutory Notices issued on prescribed inspection/repair for buildings,就樓宇訂明檢驗／訂明修葺所發出的法定通知,123600,CARSON MANSION 61/63 KIMBERLEY RD,123600,CARSON MANSION 61/63 KIMBERLEY RD,TOW,TOW,1,1,818024.9,836057.9,22.30116673,114.17483549,2025/07/30 11:44:47+00
12708003.799579,2552087.48349147,432,Statutory Notices issued on prescribed inspection/repair for buildings,就樓宇訂明檢驗／訂明修葺所發出的法定通知,764283,CASTLE PEAK HOUSE 246/248 CASTLE PEAK RD,764283,CASTLE PEAK HOUSE 246/248 CASTLE PEAK RD,TOW,TOW,17,17,822041.8,834317.5,22.33744041,114.15794044,2025/07/30 11:44:47+00
12711046.9430419,2545381.18844772,433,Statutory Notices issued on prescribed inspection/repair for buildings,就樓宇訂明檢驗／訂明修葺所發出的法定通知,461647,CAUSEWAY BAY MANSION 42/48 PATERSON ST,461647,CAUSEWAY BAY MANSION 42/48 PATERSON ST,TOW,TOW,1,1,815870,837134,22.28170638,114.18527741,2025/07/30 11:44:47+00
12710050.8075215,2545185.33675838,434,Statutory Notices issued on prescribed inspection/repair for buildings,就樓宇訂明檢驗／訂明修葺所發出的法定通知,5185803,CAUSEWAY CENTRE BLK C 28 HARBOUR RD,5185803,CAUSEWAY CENTRE BLK C 28 HARBOUR RD,TOW,TOW,3,3,815689.7,836211.8,22.28007802,114.17632867,2025/07/30 11:44:47+00
12711397.0077325,2545124.34042479,435,Statutory Notices issued on prescribed inspection/repair for buildings,就樓宇訂明檢驗／訂明修葺所發出的法定通知,527771,CAUSEWAY TOWER 16/22 CAUSEWAY RD,527771,CAUSEWAY TOWER 16/22 CAUSEWAY RD,TOW,TOW,26,26,815633.6,837458.1,22.27957073,114.18842178,2025/07/30 11:44:47+00
12705587.5537319,2555788.61505213,436,Statutory Notices issued on prescribed inspection/repair for buildings,就樓宇訂明檢驗／訂明修葺所發出的法定通知,1779434,CENTRAL INDUSTRIAL BUILDING 57/61 TA CHUEN PING ST KWAI CHUNG,1779434,CENTRAL INDUSTRIAL BUILDING 57/61 TA CHUEN PING ST KWAI CHUNG,TOW,TOW,1,1,825447.3,832082.4,22.3681897,114.1362353,2025/07/30 11:44:47+00
12707204.2775199,2545706.34505746,437,Statutory Notices issued on prescribed inspection/repair for buildings,就樓宇訂明檢驗／訂明修葺所發出的法定通知,346427,CENTRAL MANSION 270/276 QUEEN'S RD C,346427,CENTRAL MANSION 270/276 QUEEN'S RD C,TOW,TOW,1,1,816169.5,833576.6,22.28440877,114.15075776,2025/07/30 11:44:47+00
12715060.6111457,2548928.18398146,438,Statutory Notices issued on prescribed inspection/repair for buildings,就樓宇訂明檢驗／訂明修葺所發出的法定通知,682216,CENTURY CENTRE 44/46 HUNG TO RD,682216,CENTURY CENTRE 44/46 HUNG TO RD,TOW,TOW,1,1,819135.2,840848.8,22.31118659,114.22133298,2025/07/30 11:44:47+00
12715716.010576,2548038.37429899,439,Statutory Notices issued on prescribed inspection/repair for buildings,就樓宇訂明檢驗／訂明修葺所發出的法定通知,1302392,CHA KWO LING BUILDING 135/147 CHA KWO LING RD,1302392,CHA KWO LING BUILDING 135/147 CHA KWO LING RD,TOW,TOW,17,17,818316.5,841455.7,22.30379172,114.22722001,2025/07/30 11:44:47+00
12709514.5979833,2548772.86847909,440,Statutory Notices issued on prescribed inspection/repair for buildings,就樓宇訂明檢驗／訂明修葺所發出的法定通知,154688,CHAK FUNG HOUSE 440/442A NATHAN RD,154688,CHAK FUNG HOUSE 440/442A NATHAN RD,TOW,TOW,1,1,818991.6,835715.5,22.30989645,114.17151173,2025/07/30 11:44:47+00
12712925.4779618,2553180.98445049,441,Statutory Notices issued on prescribed inspection/repair for buildings,就樓宇訂明檢驗／訂明修葺所發出的法定通知,982640,CHE WAH BUILDING 18 YUK WAH CRESCENT,982640,CHE WAH BUILDING 18 YUK WAH CRESCENT,TOW,TOW,1,1,823048,838871.9,22.3465262,114.20215276,2025/07/30 11:44:47+00
12712925.3698582,2553180.7670882,442,Statutory Notices issued on prescribed inspection/repair for buildings,就樓宇訂明檢驗／訂明修葺所發出的法定通知,982489,CHE WAH BUILDING 18 YUK WAH CRESCENT,982489,CHE WAH BUILDING 18 YUK WAH CRESCENT,POD,POD,1,1,823047.8,838871.8,22.34652429,114.20215148,2025/07/30 11:44:47+00
12704877.1806383,2555935.16214331,443,Statutory Notices issued on prescribed inspection/repair for buildings,就樓宇訂明檢驗／訂明修葺所發出的法定通知,1782536,CHE WAH INDUSTRIAL BUILDING 1/7 KIN HONG ST KWAI CHUNG,1782536,CHE WAH INDUSTRIAL BUILDING 1/7 KIN HONG ST KWAI CHUNG,TOW,TOW,1,1,825582.3,831425.2,22.36940709,114.12985372,2025/07/30 11:44:47+00
12709371.5514294,2548838.82090269,444,Statutory Notices issued on prescribed inspection/repair for buildings,就樓宇訂明檢驗／訂明修葺所發出的法定通知,195763,CHENG HONG BUILDING 47/57 TEMPLE ST,195763,CHENG HONG BUILDING 47/57 TEMPLE ST,TOW,TOW,1,1,819052.3,835583.1,22.31044437,114.17022673,2025/07/30 11:44:47+00
12707969.0213474,2551951.95151451,445,Statutory Notices issued on prescribed inspection/repair for buildings,就樓宇訂明檢驗／訂明修葺所發出的法定通知,1875748,CHEONG FAT FACTORY BUILDING 344/348 FUK WING ST,1875748,CHEONG FAT FACTORY BUILDING 344/348 FUK WING ST,TOW,TOW,2,2,821917.1,834285.3,22.33631409,114.15762754,2025/07/30 11:44:47+00
12708699.0654522,2550716.24557188,446,Statutory Notices issued on prescribed inspection/repair for buildings,就樓宇訂明檢驗／訂明修葺所發出的法定通知,182699,CHEONG FOOK MANSION 180/182 LAI CHI KOK RD,182699,CHEONG FOOK MANSION 180/182 LAI CHI KOK RD,TOW,TOW,24,24,820780,834960.8,22.32604638,114.16418649,2025/07/30 11:44:47+00
12703985.3871605,2555894.52782564,447,Statutory Notices issued on prescribed inspection/repair for buildings,就樓宇訂明檢驗／訂明修葺所發出的法定通知,725658,CHEONG FU COURT WEALTHY GARDEN 3 TSUEN KWAI ST TSUEN WAN,725658,CHEONG FU COURT WEALTHY GARDEN 3 TSUEN KWAI ST TSUEN WAN,TOW,TOW,1,1,825545.2,830600.1,22.36906945,114.12184288,2025/07/30 11:44:47+00
12704048.5051991,2555903.8997456,448,Statutory Notices issued on prescribed inspection/repair for buildings,就樓宇訂明檢驗／訂明修葺所發出的法定通知,1607415,CHEONG KWAI COURT WEALTHY GARDEN 22/34 TEXACO RD TSUEN WAN TSUEN WAN,1607415,CHEONG KWAI COURT WEALTHY GARDEN 22/34 TEXACO RD TSUEN WAN TSUEN WAN,TOW,TOW,1,1,825553.8,830658.5,22.36914796,114.12240912,2025/07/30 11:44:47+00
12703460.9657301,2556429.93730331,449,Statutory Notices issued on prescribed inspection/repair for buildings,就樓宇訂明檢驗／訂明修葺所發出的法定通知,2025545,CHEONG LOCK MANSION 100 SAI LAU KOK RD TSUEN WAN,2025545,CHEONG LOCK MANSION 100 SAI LAU KOK RD TSUEN WAN,TOW,TOW,11,11,826037.9,830115.1,22.37351744,114.11713141,2025/07/30 11:44:47+00
12703460.9657301,2556429.93730331,450,Statutory Notices issued on prescribed inspection/repair for buildings,就樓宇訂明檢驗／訂明修葺所發出的法定通知,2025529,CHEONG LOCK MANSION 100 SAI LAU KOK RD TSUEN WAN,2025529,CHEONG LOCK MANSION 100 SAI LAU KOK RD TSUEN WAN,POD,POD,1,1,826037.9,830115.1,22.37351744,114.11713141,2025/07/30 11:44:47+00
12711200.7637097,2543772.06877378,451,Statutory Notices issued on prescribed inspection/repair for buildings,就樓宇訂明檢驗／訂明修葺所發出的法定通知,439147,CHEONG MING BUILDING 53/59A SING WOO RD,439147,CHEONG MING BUILDING 53/59A SING WOO RD,TOW,TOW,1,1,814388.8,837276.5,22.26832965,114.18665956,2025/07/30 11:44:47+00
12708357.6733184,2551271.87551932,452,Statutory Notices issued on prescribed inspection/repair for buildings,就樓宇訂明檢驗／訂明修葺所發出的法定通知,268801,CHEONG ON HOUSE 235/237A APLIU ST,268801,CHEONG ON HOUSE 235/237A APLIU ST,TOW,TOW,1,1,821291.3,834644.9,22.33066353,114.16111977,2025/07/30 11:44:47+00
12712422.0115661,2551743.36746156,453,Statutory Notices issued on prescribed inspection/repair for buildings,就樓宇訂明檢驗／訂明修葺所發出的法定通知,1163869,CHEONG TAI BUILDING 83/97 KING FUK ST,1163869,CHEONG TAI BUILDING 83/97 KING FUK ST,TOW,TOW,2,2,821725.2,838406.2,22.33458059,114.19762949,2025/07/30 11:44:47+00
12708821.8679443,2551399.9410255,454,Statutory Notices issued on prescribed inspection/repair for buildings,就樓宇訂明檢驗／訂明修葺所發出的法定通知,681101,CHEONG WAH BUILDING 203/211 NAM CHEONG ST,681101,CHEONG WAH BUILDING 203/211 NAM CHEONG ST,TOW,TOW,1,1,821409.1,835074.5,22.331727,114.16528958,2025/07/30 11:44:47+00
12703289.652612,2556414.10500003,455,Statutory Notices issued on prescribed inspection/repair for buildings,就樓宇訂明檢驗／訂明修葺所發出的法定通知,1221385,CHEONG WAH BUILDING 51/63 LO TAK COURT TSUEN WAN,1221385,CHEONG WAH BUILDING 51/63 LO TAK COURT TSUEN WAN,POD,POD,1,1,826023.4,829956.6,22.37338621,114.11559263,2025/07/30 11:44:47+00
12703294.1892276,2556421.71661629,456,Statutory Notices issued on prescribed inspection/repair for buildings,就樓宇訂明檢驗／訂明修葺所發出的法定通知,1221490,CHEONG WAH BUILDING BLK A 51/63 LO TAK COURT TSUEN WAN,1221490,CHEONG WAH BUILDING BLK A 51/63 LO TAK COURT TSUEN WAN,TOW,TOW,1,1,826030.4,829960.8,22.37344912,114.1156328,2025/07/30 11:44:47+00
12703973.1620505,2555926.26595941,457,Statutory Notices issued on prescribed inspection/repair for buildings,就樓宇訂明檢驗／訂明修葺所發出的法定通知,725456,CHEONG WAH COURT WEALTHY GARDEN 46 TSUEN WAH ST TSUEN WAN,725456,CHEONG WAH COURT WEALTHY GARDEN 46 TSUEN WAH ST TSUEN WAN,TOW,TOW,1,1,825574.4,830588.8,22.36933328,114.12173243,2025/07/30 11:44:47+00
12708418.4440428,2550833.80586376,458,Statutory Notices issued on prescribed inspection/repair for buildings,就樓宇訂明檢驗／訂明修葺所發出的法定通知,292066,CHEONG WAH HOUSE 42/44 NAM CHEONG ST,292066,CHEONG WAH HOUSE 42/44 NAM CHEONG ST,TOW,TOW,1,1,820888.2,834701.1,22.32702292,114.16166532,2025/07/30 11:44:47+00
12705226.4277637,2555849.17173558,459,Statutory Notices issued on prescribed inspection/repair for buildings,就樓宇訂明檢驗／訂明修葺所發出的法定通知,1869024,CHEONG WAI MANSION BLK B 39A KWONG FAI CIRCUIT KWAI CHUNG,1869024,CHEONG WAI MANSION BLK B 39A KWONG FAI CIRCUIT KWAI CHUNG,TOW,TOW,1,1,825503.1,831748.3,22.3686931,114.13299119,2025/07/30 11:44:47+00
12705244.5752348,2555886.24625686,460,Statutory Notices issued on prescribed inspection/repair for buildings,就樓宇訂明檢驗／訂明修葺所發出的法定通知,905812,CHEONG WANG MANSION BLK A 539 CASTLE PEAK RD KWAI CHUNG KWAI CHUNG,905812,CHEONG WANG MANSION BLK A 539 CASTLE PEAK RD KWAI CHUNG KWAI CHUNG,TOW,TOW,1,1,825537.2,831765.1,22.3690008,114.13315415,2025/07/30 11:44:47+00
12703622.5346371,2556208.014673,461,Statutory Notices issued on prescribed inspection/repair for buildings,就樓宇訂明檢驗／訂明修葺所發出的法定通知,637443,CHEONG YIU MANSION CHEONG YIU MANSION 167/173 CASTLE PEAK RD TSUEN WAN TSUEN WAN,637443,CHEONG YIU MANSION CHEONG YIU MANSION 167/173 CASTLE PEAK RD TSUEN WAN TSUEN WAN,POD,POD,1,1,825833.7,830264.5,22.37167373,114.11858329,2025/07/30 11:44:47+00
12703622.5346371,2556208.014673,462,Statutory Notices issued on prescribed inspection/repair for buildings,就樓宇訂明檢驗／訂明修葺所發出的法定通知,637640,CHEONG YIU MANSION CHEONG YIU MANSION 167/173 CASTLE PEAK RD TSUEN WAN TSUEN WAN,637640,CHEONG YIU MANSION CHEONG YIU MANSION 167/173 CASTLE PEAK RD TSUEN WAN TSUEN WAN,TOW,TOW,1,1,825833.7,830264.5,22.37167373,114.11858329,2025/07/30 11:44:47+00
12704786.2874349,2545627.63667627,463,Statutory Notices issued on prescribed inspection/repair for buildings,就樓宇訂明檢驗／訂明修葺所發出的法定通知,367660,CHEONG YUE MANSION 13/19 NORTH ST,367660,CHEONG YUE MANSION 13/19 NORTH ST,TOW,TOW,1,1,816097.6,831338.1,22.28375509,114.12903709,2025/07/30 11:44:47+00
12707211.9853582,2545481.56602281,464,Statutory Notices issued on prescribed inspection/repair for buildings,就樓宇訂明檢驗／訂明修葺所發出的法定通知,421817,CHERRY COURT 107/109 CAINE RD,421817,CHERRY COURT 107/109 CAINE RD,TOW,TOW,1,1,815962.6,833583.7,22.28254041,114.15082764,2025/07/30 11:44:47+00
12711143.1887529,2545417.68606931,465,Statutory Notices issued on prescribed inspection/repair for buildings,就樓宇訂明檢驗／訂明修葺所發出的法定通知,1040155,CHESTERFIELD MANSION 11 KINGSTON ST,1040155,CHESTERFIELD MANSION 11 KINGSTON ST,TOW,TOW,3,3,815903.6,837223.1,22.2820091,114.18614246,2025/07/30 11:44:47+00
12707659.4620751,2552484.56998741,466,Statutory Notices issued on prescribed inspection/repair for buildings,就樓宇訂明檢驗／訂明修葺所發出的法定通知,1120821,CHEUNG FAI BUILDING 41/51 CHEUNG WAH ST,1120821,CHEUNG FAI BUILDING 41/51 CHEUNG WAH ST,TOW,TOW,1,1,822407.2,833998.9,22.34073969,114.15484717,2025/07/30 11:44:47+00
12707796.2047179,2552168.86003201,467,Statutory Notices issued on prescribed inspection/repair for buildings,就樓宇訂明檢驗／訂明修葺所發出的法定通知,1662234,CHEUNG FAT MANSION 10/10B CHEUNG FAT ST,1662234,CHEUNG FAT MANSION 10/10B CHEUNG FAT ST,TOW,TOW,2,2,822116.7,834125.4,22.33811685,114.15607527,2025/07/30 11:44:47+00
12709431.8214227,2549240.11934561,468,Statutory Notices issued on prescribed inspection/repair for buildings,就樓宇訂明檢驗／訂明修葺所發出的法定通知,136522,CHEUNG HING BUILDING 540/544 NATHAN RD,136522,CHEUNG HING BUILDING 540/544 NATHAN RD,TOW,TOW,1,1,819421.6,835638.9,22.31377916,114.17076903,2025/07/30 11:44:47+00
12708477.0756363,2551256.1292839,469,Statutory Notices issued on prescribed inspection/repair for buildings,就樓宇訂明檢驗／訂明修葺所發出的法定通知,281835,CHEUNG LEE BUILDING 219 CHEUNG SHA WAN RD,281835,CHEUNG LEE BUILDING 219 CHEUNG SHA WAN RD,TOW,TOW,1,1,821276.8,834755.4,22.33053247,114.16219215,2025/07/30 11:44:47+00
12708449.6386574,2551164.72860602,470,Statutory Notices issued on prescribed inspection/repair for buildings,就樓宇訂明檢驗／訂明修葺所發出的法定通知,292504,CHEUNG ON BUILDING 119/127 PEI HO ST,292504,CHEUNG ON BUILDING 119/127 PEI HO ST,TOW,TOW,1,1,821192.7,834730,22.32977304,114.16194529,2025/07/30 11:44:47+00
12708898.6035341,2551177.15637506,471,Statutory Notices issued on prescribed inspection/repair for buildings,就樓宇訂明檢驗／訂明修葺所發出的法定通知,299775,CHI FAI COURT 31/35 TAI PO RD,299775,CHI FAI COURT 31/35 TAI PO RD,TOW,TOW,1,1,821204.1,835145.5,22.32987594,114.16597876,2025/07/30 11:44:47+00
12711417.2499935,2551254.96192726,472,Statutory Notices issued on prescribed inspection/repair for buildings,就樓宇訂明檢驗／訂明修葺所發出的法定通知,993541,CHI KAM COURT 97 HAU WONG RD,993541,CHI KAM COURT 97 HAU WONG RD,TOW,TOW,1,1,821275.7,837476.4,22.33052309,114.18860374,2025/07/30 11:44:47+00
12710359.1516213,2556832.08323193,473,Statutory Notices issued on prescribed inspection/repair for buildings,就樓宇訂明檢驗／訂明修葺所發出的法定通知,1407436,CHIK SIN BUILDING 77/81 CHIK SHUN ST TAI WAI,1407436,CHIK SIN BUILDING 77/81 CHIK SHUN ST TAI WAI,TOW,TOW,1,1,826406.6,836497.1,22.37685837,114.17909882,2025/07/30 11:44:47+00
12714091.0324289,2537798.1042825,474,Statutory Notices issued on prescribed inspection/repair for buildings,就樓宇訂明檢驗／訂明修葺所發出的法定通知,1735547,CHIK TAK MANSION 11 STANLEY NEW ST,1735547,CHIK TAK MANSION 11 STANLEY NEW ST,TOW,TOW,1,1,808888.9,839953.8,22.21865862,114.21262259,2025/07/30 11:44:47+00
12710135.7076503,2544875.49991572,475,Statutory Notices issued on prescribed inspection/repair for buildings,就樓宇訂明檢驗／訂明修葺所發出的法定通知,674097,CHIN HUNG BUILDING 1/15 HEARD ST,674097,CHIN HUNG BUILDING 1/15 HEARD ST,TOW,TOW,2,2,815404.5,836290.4,22.27750268,114.17709202,2025/07/30 11:44:47+00
12715698.1271324,2549496.19203002,476,Statutory Notices issued on prescribed inspection/repair for buildings,就樓宇訂明檢驗／訂明修葺所發出的法定通知,1267148,CHIU KWAN BUILDING 8 PING SHING LANE,1267148,CHIU KWAN BUILDING 8 PING SHING LANE,TOW,TOW,74,74,819658.1,841438.7,22.31590781,114.22705965,2025/07/30 11:44:47+00
12712601.49569,2551741.49401374,477,Statutory Notices issued on prescribed inspection/repair for buildings,就樓宇訂明檢驗／訂明修葺所發出的法定通知,2005802,CHIU TAT FACTORY BUILDING 108/110 KING FUK ST,2005802,CHIU TAT FACTORY BUILDING 108/110 KING FUK ST,TOW,TOW,1,1,821723.5,838572.3,22.33456501,114.19924266,2025/07/30 11:44:47+00
12710085.0489152,2544958.39052924,478,Statutory Notices issued on prescribed inspection/repair for buildings,就樓宇訂明檢驗／訂明修葺所發出的法定通知,1852670,CHONG HING BUILDING 265/267 HENNESSY RD,1852670,CHONG HING BUILDING 265/267 HENNESSY RD,TOW,TOW,2,2,815480.8,836243.5,22.27819198,114.17663632,2025/07/30 11:44:47+00
12705656.0812694,2545941.21784876,479,Statutory Notices issued on prescribed inspection/repair for buildings,就樓宇訂明檢驗／訂明修葺所發出的法定通知,801081,CHONG YIP CENTRE BLOCK B 11/21 WHITTY ST,801081,CHONG YIP CENTRE BLOCK B 11/21 WHITTY ST,TOW,TOW,1,1,816386,832143.4,22.28636131,114.13685029,2025/07/30 11:44:47+00
12703400.7678201,2556140.41840162,480,Statutory Notices issued on prescribed inspection/repair for buildings,就樓宇訂明檢驗／訂明修葺所發出的法定通知,1223491,CHUEN LUNG BUILDING 35/39 CHUEN LUNG ST TSUEN WAN,1223491,CHUEN LUNG BUILDING 35/39 CHUEN LUNG ST TSUEN WAN,TOW,TOW,1,1,825771.6,830059.3,22.37111201,114.11659082,2025/07/30 11:44:47+00
12709382.1854112,2550283.00908025,481,Statutory Notices issued on prescribed inspection/repair for buildings,就樓宇訂明檢驗／訂明修葺所發出的法定通知,5288917,CHUN PO HOUSE 63 BUTE ST,5288917,CHUN PO HOUSE 63 BUTE ST,TOW,TOW,1,1,820381.3,835593,22.32244625,114.17032302,2025/07/30 11:44:47+00
12705758.7898922,2546016.20955133,482,Statutory Notices issued on prescribed inspection/repair for buildings,就樓宇訂明檢驗／訂明修葺所發出的法定通知,1494786,CHUNG AH BUILDING 352/366 DES VOEUX RD W,1494786,CHUNG AH BUILDING 352/366 DES VOEUX RD W,TOW,TOW,1,1,816455,832238.5,22.2869841,114.13777285,2025/07/30 11:44:47+00
12708316.7188226,2550268.04081548,483,Statutory Notices issued on prescribed inspection/repair for buildings,就樓宇訂明檢驗／訂明修葺所發出的法定通知,258995,CHUNG HING BUILDING 70/76 KOK CHEUNG ST,258995,CHUNG HING BUILDING 70/76 KOK CHEUNG ST,TOW,TOW,1,1,820367.6,834606.9,22.32232155,114.1607515,2025/07/30 11:44:47+00
12711407.9691865,2550007.49318915,484,Statutory Notices issued on prescribed inspection/repair for buildings,就樓宇訂明檢驗／訂明修葺所發出的法定通知,1714376,CHUNG HWA BUILDING NOS.3A-3C 5 5A-5F MA HANG CHUNG ROAD NOS.55-65 PAU CHUNG STREET,1714376,CHUNG HWA BUILDING NOS.3A-3C 5 5A-5F MA HANG CHUNG ROAD NOS.55-65 PAU CHUNG STREET,TOW,TOW,1,1,820127.8,837467.9,22.32015648,114.18852089,2025/07/30 11:44:47+00
12708289.8078132,2550332.26302816,485,Statutory Notices issued on prescribed inspection/repair for buildings,就樓宇訂明檢驗／訂明修葺所發出的法定通知,259756,CHUNG KIN BUILDING 78/96 KOK CHEUNG ST,259756,CHUNG KIN BUILDING 78/96 KOK CHEUNG ST,TOW,TOW,34,34,820426.7,834582,22.32285573,114.16050999,2025/07/30 11:44:47+00
12711392.763178,2550383.17098631,486,Statutory Notices issued on prescribed inspection/repair for buildings,就樓宇訂明檢驗／訂明修葺所發出的法定通知,141680,CHUNG NAM MANSION 68/88 MA TAU CHUNG RD,141680,CHUNG NAM MANSION 68/88 MA TAU CHUNG RD,TOW,TOW,2,2,820473.5,837453.8,22.32327861,114.18838353,2025/07/30 11:44:47+00
12707434.4742917,2545659.7757457,487,Statutory Notices issued on prescribed inspection/repair for buildings,就樓宇訂明檢驗／訂明修葺所發出的法定通知,28546,CHUNG SAN HOUSE 11B/11E ABERDEEN ST,28546,CHUNG SAN HOUSE 11B/11E ABERDEEN ST,TOW,TOW,1,1,816126.6,833789.7,22.28402135,114.1528262,2025/07/30 11:44:47+00
12707434.4742917,2545659.7757457,488,Statutory Notices issued on prescribed inspection/repair for buildings,就樓宇訂明檢驗／訂明修葺所發出的法定通知,28460,CHUNG SAN HOUSE 11B/11E ABERDEEN ST,28460,CHUNG SAN HOUSE 11B/11E ABERDEEN ST,POD,POD,1,1,816126.6,833789.7,22.28402135,114.1528262,2025/07/30 11:44:47+00
12708249.2894239,2550332.3672418,489,Statutory Notices issued on prescribed inspection/repair for buildings,就樓宇訂明檢驗／訂明修葺所發出的法定通知,178699,CHUNG YEW BUILDING 78/90 WONG TAI ST,178699,CHUNG YEW BUILDING 78/90 WONG TAI ST,TOW,TOW,33,33,820426.8,834544.5,22.3228557,114.16014601,2025/07/30 11:44:47+00
12708326.220317,2550332.37562312,490,Statutory Notices issued on prescribed inspection/repair for buildings,就樓宇訂明檢驗／訂明修葺所發出的法定通知,57097,CHUNG YUEN BUILDING 1/19 LOK KWAN ST,57097,CHUNG YUEN BUILDING 1/19 LOK KWAN ST,TOW,TOW,2,2,820426.8,834615.7,22.32285647,114.16083647,2025/07/30 11:44:47+00
12705675.2941617,2555878.86556536,491,Statutory Notices issued on prescribed inspection/repair for buildings,就樓宇訂明檢驗／訂明修葺所發出的法定通知,835960,CITIFOOD HOUSE 1/5 LAM TIN ST KWAI CHUNG,835960,CITIFOOD HOUSE 1/5 LAM TIN ST KWAI CHUNG,TOW,TOW,1,1,825530.3,832163.6,22.36893935,114.13702331,2025/07/30 11:44:47+00
12710115.7251629,2545104.94384312,492,Statutory Notices issued on prescribed inspection/repair for buildings,就樓宇訂明檢驗／訂明修葺所發出的法定通知,420736,CITY CENTRE BUILDING 144/149 GLOUCESTER RD,420736,CITY CENTRE BUILDING 144/149 GLOUCESTER RD,TOW,TOW,4,4,815615.7,836271.9,22.27940942,114.17691195,2025/07/30 11:44:47+00
12711953.9681419,2546400.08421065,493,Statutory Notices issued on prescribed inspection/repair for buildings,就樓宇訂明檢驗／訂明修葺所發出的法定通知,889629,CITY GARDEN BLK 13 233 ELECTRIC RD,889629,CITY GARDEN BLK 13 233 ELECTRIC RD,TOW,TOW,3,3,816807.9,837973.6,22.29017506,114.19342535,2025/07/30 11:44:47+00
12711993.6086104,2546361.61873147,494,Statutory Notices issued on prescribed inspection/repair for buildings,就樓宇訂明檢驗／訂明修葺所發出的法定通知,889827,CITY GARDEN BLK 14 233 ELECTRIC RD,889827,CITY GARDEN BLK 14 233 ELECTRIC RD,TOW,TOW,1,1,816772.5,838010.3,22.28985556,114.19378102,2025/07/30 11:44:47+00
12712100.2431454,2546490.67937624,495,Statutory Notices issued on prescribed inspection/repair for buildings,就樓宇訂明檢驗／訂明修葺所發出的法定通知,883709,CITY GARDEN BLK 2 233 ELECTRIC RD,883709,CITY GARDEN BLK 2 233 ELECTRIC RD,TOW,TOW,1,1,816891.3,838109,22.29092828,114.19473911,2025/07/30 11:44:47+00
12711955.8166197,2546510.46987696,496,Statutory Notices issued on prescribed inspection/repair for buildings,就樓宇訂明檢驗／訂明修葺所發出的法定通知,887291,CITY GARDEN BLK 8 233 ELECTRIC RD,887291,CITY GARDEN BLK 8 233 ELECTRIC RD,TOW,TOW,1,1,816909.5,837975.3,22.29109252,114.19344183,2025/07/30 11:44:47+00
12711118.8841882,2545407.5839555,497,Statutory Notices issued on prescribed inspection/repair for buildings,就樓宇訂明檢驗／訂明修葺所發出的法定通知,1040102,CLARKE MANSION 9 KINGSTON ST,1040102,CLARKE MANSION 9 KINGSTON ST,TOW,TOW,2,2,815894.3,837200.6,22.28192574,114.18592394,2025/07/30 11:44:47+00
12711070.6009631,2545418.34225776,498,Statutory Notices issued on prescribed inspection/repair for buildings,就樓宇訂明檢驗／訂明修葺所發出的法定通知,582220,CLEVELAND MANSION 5/7 CLEVELAND ST,582220,CLEVELAND MANSION 5/7 CLEVELAND ST,TOW,TOW,2,2,815904.2,837155.9,22.28201502,114.18549028,2025/07/30 11:44:47+00
12707093.337854,2545120.64240553,499,Statutory Notices issued on prescribed inspection/repair for buildings,就樓宇訂明檢驗／訂明修葺所發出的法定通知,1735890,CLIFFVIEW MANSIONS 21/25 CONDUIT RD,1735890,CLIFFVIEW MANSIONS 21/25 CONDUIT RD,TOW,TOW,62,62,815630.4,833473.8,22.2795403,114.14976165,2025/07/30 11:44:47+00
12711997.6562302,2544883.21491034,500,Statutory Notices issued on prescribed inspection/repair for buildings,就樓宇訂明檢驗／訂明修葺所發出的法定通知,754320,CONCORD VILLAS 65/71 WUN SHA ST,754320,CONCORD VILLAS 65/71 WUN SHA ST,TOW,TOW,1,1,815411.7,838014.2,22.2775668,114.19381759,2025/07/30 11:44:47+00
12712191.39996,2546362.35576247,501,Statutory Notices issued on prescribed inspection/repair for buildings,就樓宇訂明檢驗／訂明修葺所發出的法定通知,1951250,CONTINENTAL MANSION 290/304 KING'S RD,1951250,CONTINENTAL MANSION 290/304 KING'S RD,TOW,TOW,1,1,816773.2,838193.4,22.28986158,114.19555805,2025/07/30 11:44:47+00
12711102.7787995,2550722.90434685,502,Statutory Notices issued on prescribed inspection/repair for buildings,就樓宇訂明檢驗／訂明修葺所發出的法定通知,1071772,CROWFIELDS COURT 12/14 LOMOND RD,1071772,CROWFIELDS COURT 12/14 LOMOND RD,TOW,TOW,36,36,820786.1,837185.4,22.32610103,114.18577881,2025/07/30 11:44:47+00
12709498.5233206,2548129.27358619,503,Statutory Notices issued on prescribed inspection/repair for buildings,就樓宇訂明檢驗／訂明修葺所發出的法定通知,117668,CUMBERLAND HOUSE 227 NATHAN RD,117668,CUMBERLAND HOUSE 227 NATHAN RD,TOW,TOW,18,18,818399.3,835700.6,22.30454777,114.17136741,2025/07/30 11:44:47+00
12706691.899527,2545913.53990038,504,Statutory Notices issued on prescribed inspection/repair for buildings,就樓宇訂明檢驗／訂明修葺所發出的法定通知,688875,CUPFORD HOUSE 108 QUEEN'S RD W,688875,CUPFORD HOUSE 108 QUEEN'S RD W,TOW,TOW,1,1,816360.3,833102.3,22.28613152,114.14615586,2025/07/30 11:44:47+00
12715407.4040433,2548534.28662577,505,Statutory Notices issued on prescribed inspection/repair for buildings,就樓宇訂明檢驗／訂明修葺所發出的法定通知,684889,DAH WAY INDUSTRIAL BUILDING 86 HUNG TO RD,684889,DAH WAY INDUSTRIAL BUILDING 86 HUNG TO RD,POD,POD,1,1,818772.8,841169.9,22.30791324,114.22444791,2025/07/30 11:44:47+00
12709371.5027599,2544987.38077736,506,Statutory Notices issued on prescribed inspection/repair for buildings,就樓宇訂明檢驗／訂明修葺所發出的法定通知,463318,DAVID HOUSE 15 FENWICK ST,463318,DAVID HOUSE 15 FENWICK ST,POD,POD,1,1,815507.5,835582.9,22.27843257,114.17022648,2025/07/30 11:44:47+00
12709371.5027599,2544987.38077736,507,Statutory Notices issued on prescribed inspection/repair for buildings,就樓宇訂明檢驗／訂明修葺所發出的法定通知,463325,DAVID HOUSE 15 FENWICK ST,463325,DAVID HOUSE 15 FENWICK ST,TOW,TOW,1,1,815507.5,835582.9,22.27843257,114.17022648,2025/07/30 11:44:47+00
12710106.2196559,2552777.33431155,508,Statutory Notices issued on prescribed inspection/repair for buildings,就樓宇訂明檢驗／訂明修葺所發出的法定通知,2092193,DRAGON COURT - STAGE I 6 EASTBOURNE RD,2092193,DRAGON COURT - STAGE I 6 EASTBOURNE RD,TOW,TOW,2,2,822676.4,836263.1,22.34317254,114.17682644,2025/07/30 11:44:47+00
12710168.0327235,2552799.50650695,509,Statutory Notices issued on prescribed inspection/repair for buildings,就樓宇訂明檢驗／訂明修葺所發出的法定通知,1199964,DRAGON HEIGHTS 12 EASTBOURNE RD,1199964,DRAGON HEIGHTS 12 EASTBOURNE RD,TOW,TOW,2,2,822696.8,836320.3,22.34335653,114.17738189,2025/07/30 11:44:47+00
12711852.3171324,2545348.31430112,510,Statutory Notices issued on prescribed inspection/repair for buildings,就樓宇訂明檢驗／訂明修葺所發出的法定通知,756403,DRAGON PEAK 9 DRAGON TERRACE,756403,DRAGON PEAK 9 DRAGON TERRACE,TOW,TOW,48,48,815839.8,837879.6,22.2814332,114.19251181,2025/07/30 11:44:47+00
12711853.5051191,2545346.35864847,511,Statutory Notices issued on prescribed inspection/repair for buildings,就樓宇訂明檢驗／訂明修葺所發出的法定通知,587906,DRAGON PEAK 9 DRAGON TERRACE,587906,DRAGON PEAK 9 DRAGON TERRACE,POD,POD,1,1,815838,837880.7,22.2814165,114.19252253,2025/07/30 11:44:47+00
12710094.9808889,2552837.54740661,512,Statutory Notices issued on prescribed inspection/repair for buildings,就樓宇訂明檢驗／訂明修葺所發出的法定通知,1198341,EASTBOURNE COURT 5 EASTBOURNE RD,1198341,EASTBOURNE COURT 5 EASTBOURNE RD,TOW,TOW,13,13,822731.8,836252.7,22.34367214,114.17672543,2025/07/30 11:44:47+00
12710116.918103,2552852.98112437,513,Statutory Notices issued on prescribed inspection/repair for buildings,就樓宇訂明檢驗／訂明修葺所發出的法定通知,1198387,EASTBOURNE COURT 7 EASTBOURNE RD,1198387,EASTBOURNE COURT 7 EASTBOURNE RD,TOW,TOW,12,12,822746,836273,22.34380072,114.1769226,2025/07/30 11:44:47+00
12710673.6675615,2552788.08476571,514,Statutory Notices issued on prescribed inspection/repair for buildings,就樓宇訂明檢驗／訂明修葺所發出的法定通知,1060219,EASTLAND HEIGHTS 49 BROADCAST DRIVE,1060219,EASTLAND HEIGHTS 49 BROADCAST DRIVE,TOW,TOW,1,1,822686.3,836788.2,22.34326111,114.18192423,2025/07/30 11:44:47+00
12716075.7148124,2545142.44546282,515,Statutory Notices issued on prescribed inspection/repair for buildings,就樓宇訂明檢驗／訂明修葺所發出的法定通知,728791,EASTWAY TOWERS BLK 1 59/99 SHAU KEI WAN MAIN ST E,728791,EASTWAY TOWERS BLK 1 59/99 SHAU KEI WAN MAIN ST E,TOW,TOW,11,11,815651.2,841789.6,22.27972156,114.23045189,2025/07/30 11:44:47+00
12716069.0079167,2545114.31033929,516,Statutory Notices issued on prescribed inspection/repair for buildings,就樓宇訂明檢驗／訂明修葺所發出的法定通知,728485,EASTWAY TOWERS BLK 2 59/99 SHAU KEI WAN MAIN ST E,728485,EASTWAY TOWERS BLK 2 59/99 SHAU KEI WAN MAIN ST E,TOW,TOW,10,10,815625.3,841783.4,22.2794875,114.23039187,2025/07/30 11:44:47+00
12716062.408944,2545085.84930448,517,Statutory Notices issued on prescribed inspection/repair for buildings,就樓宇訂明檢驗／訂明修葺所發出的法定通知,728160,EASTWAY TOWERS BLK 3 59/99 SHAU KEI WAN MAIN ST E,728160,EASTWAY TOWERS BLK 3 59/99 SHAU KEI WAN MAIN ST E,TOW,TOW,10,10,815599.1,841777.3,22.27925136,114.2303323,2025/07/30 11:44:47+00
12706847.3558506,2551999.80781764,518,Statutory Notices issued on prescribed inspection/repair for buildings,就樓宇訂明檢驗／訂明修葺所發出的法定通知,1249524,ELITE INDUSTRIAL CENTRE 883 CHEUNG SHA WAN RD,1249524,ELITE INDUSTRIAL CENTRE 883 CHEUNG SHA WAN RD,TOW,TOW,2,2,821961.3,833247.3,22.33671162,114.14755158,2025/07/30 11:44:47+00
12715278.2597157,2549464.0533204,519,Statutory Notices issued on prescribed inspection/repair for buildings,就樓宇訂明檢驗／訂明修葺所發出的法定通知,865418,ELLY HOUSE 32/38A TUNG MING ST,865418,ELLY HOUSE 32/38A TUNG MING ST,POD,POD,1,1,819628.4,841050.1,22.31564015,114.22328773,2025/07/30 11:44:47+00
12710744.7832128,2550169.01622093,520,Statutory Notices issued on prescribed inspection/repair for buildings,就樓宇訂明檢驗／訂明修葺所發出的法定通知,1221749,ENGLISH SCHOOLS FOUNDATION KING GEORGE V SCHOOL ACTIVITY CENTRE 2 TIN KWONG RD,1221749,ENGLISH SCHOOLS FOUNDATION KING GEORGE V SCHOOL ACTIVITY CENTRE 2 TIN KWONG RD,TOW,TOW,1,1,820276.4,836854.1,22.32149849,114.18256266,2025/07/30 11:44:47+00
12710759.3678949,2550122.61315414,521,Statutory Notices issued on prescribed inspection/repair for buildings,就樓宇訂明檢驗／訂明修葺所發出的法定通知,1221729,ENGLISH SHOOLS FOUNDATION KING GEORGE V SCHOOL SCHOOL BUILDING 2 TIN KWONG RD,1221729,ENGLISH SHOOLS FOUNDATION KING GEORGE V SCHOOL SCHOOL BUILDING 2 TIN KWONG RD,TOW,TOW,1,1,820233.7,836867.6,22.32111299,114.18269409,2025/07/30 11:44:47+00
12707306.5684514,2545727.33055988,522,Statutory Notices issued on prescribed inspection/repair for buildings,就樓宇訂明檢驗／訂明修葺所發出的法定通知,346049,ENTERPRISE BUILDING 228/238 QUEEN'S RD C,346049,ENTERPRISE BUILDING 228/238 QUEEN'S RD C,TOW,TOW,1,1,816188.8,833671.3,22.28458343,114.15167662,2025/07/30 11:44:47+00
12707134.38368,2545736.31820654,523,Statutory Notices issued on prescribed inspection/repair for buildings,就樓宇訂明檢驗／訂明修葺所發出的法定通知,391484,EVORA BUILDING 3 UPPER LASCAR ROW,391484,EVORA BUILDING 3 UPPER LASCAR ROW,TOW,TOW,1,1,816197.1,833511.9,22.28465759,114.15013061,2025/07/30 11:44:47+00
12710653.7554626,2545246.3833704,524,Statutory Notices issued on prescribed inspection/repair for buildings,就樓宇訂明檢驗／訂明修葺所發出的法定通知,572426,EXCELLENTE COMMERCIAL HOUSE 456/458 JAFFE RD,572426,EXCELLENTE COMMERCIAL HOUSE 456/458 JAFFE RD,TOW,TOW,1,1,815745.9,836770,22.28058587,114.1817457,2025/07/30 11:44:47+00
12709531.6785228,2548467.96555736,525,Statutory Notices issued on prescribed inspection/repair for buildings,就樓宇訂明檢驗／訂明修葺所發出的法定通知,153731,EXCELSION BUILDING 358/366 NATHAN RD,153731,EXCELSION BUILDING 358/366 NATHAN RD,TOW,TOW,2,2,818711,835731.3,22.3073624,114.17166558,2025/07/30 11:44:47+00
12711781.7029636,2545641.65334204,526,Statutory Notices issued on prescribed inspection/repair for buildings,就樓宇訂明檢驗／訂明修葺所發出的法定通知,536996,FAIR VIEW MANSION 60/62 ELECTRIC RD,536996,FAIR VIEW MANSION 60/62 ELECTRIC RD,TOW,TOW,15,15,816109.8,837814.2,22.28387155,114.1918775,2025/07/30 11:44:47+00
12709668.2731455,2547089.12609477,527,Statutory Notices issued on prescribed inspection/repair for buildings,就樓宇訂明檢驗／訂明修葺所發出的法定通知,120680,FAR EAST MANSION 5/6 MIDDLE RD,120680,FAR EAST MANSION 5/6 MIDDLE RD,TOW,TOW,2,2,817442,835857.7,22.29590196,114.17289255,2025/07/30 11:44:47+00
12717544.5134903,2543667.47004299,528,Statutory Notices issued on prescribed inspection/repair for buildings,就樓宇訂明檢驗／訂明修葺所發出的法定通知,482975,FEDERAL CENTRE 77 SHEUNG ON ST,482975,FEDERAL CENTRE 77 SHEUNG ON ST,TOW,TOW,1,1,814294,843150,22.26746049,114.24364583,2025/07/30 11:44:47+00
12717548.6178752,2543667.79410743,529,Statutory Notices issued on prescribed inspection/repair for buildings,就樓宇訂明檢驗／訂明修葺所發出的法定通知,482901,FEDERAL CENTRE 77 SHEUNG ON ST,482901,FEDERAL CENTRE 77 SHEUNG ON ST,POD,POD,4,4,814294.3,843153.8,22.26746284,114.24368314,2025/07/30 11:44:47+00
12707452.9719665,2552370.96209145,530,Statutory Notices issued on prescribed inspection/repair for buildings,就樓宇訂明檢驗／訂明修葺所發出的法定通知,1453624,FEDERAL MANSION A BLK 467 CASTLE PEAK RD,1453624,FEDERAL MANSION A BLK 467 CASTLE PEAK RD,TOW,TOW,1,1,822302.7,833807.8,22.33979614,114.15299193,2025/07/30 11:44:47+00
12707339.073091,2545123.50948151,531,Statutory Notices issued on prescribed inspection/repair for buildings,就樓宇訂明檢驗／訂明修葺所發出的法定通知,411061,FLORAL TOWER 1/9 MOSQUE ST,411061,FLORAL TOWER 1/9 MOSQUE ST,TOW,TOW,1,1,815633,833701.3,22.27956432,114.15196868,2025/07/30 11:44:47+00
12710839.248884,2548409.82621554,532,Statutory Notices issued on prescribed inspection/repair for buildings,就樓宇訂明檢驗／訂明修葺所發出的法定通知,1663778,FOK LIN BUILDING 7/21 BAKER COURT,1663778,FOK LIN BUILDING 7/21 BAKER COURT,POD,POD,1,1,818657.5,836941.6,22.30687895,114.18341212,2025/07/30 11:44:47+00
12710828.336484,2548393.6363687,533,Statutory Notices issued on prescribed inspection/repair for buildings,就樓宇訂明檢驗／訂明修葺所發出的法定通知,1664550,FOK LIN BUILDING BLK A 21 BAKER COURT,1664550,FOK LIN BUILDING BLK A 21 BAKER COURT,TOW,TOW,1,1,818642.6,836931.5,22.30674456,114.18331375,2025/07/30 11:44:47+00
12710850.7014698,2548425.5814064,534,Statutory Notices issued on prescribed inspection/repair for buildings,就樓宇訂明檢驗／訂明修葺所發出的法定通知,1664172,FOK LIN BUILDING BLK B 7 BAKER COURT,1664172,FOK LIN BUILDING BLK B 7 BAKER COURT,TOW,TOW,1,1,818672,836952.2,22.30700995,114.18351505,2025/07/30 11:44:47+00
12711438.9083119,2550485.42847332,535,Statutory Notices issued on prescribed inspection/repair for buildings,就樓宇訂明檢驗／訂明修葺所發出的法定通知,1145860,FOK ON BUILDING BLK A 90/98D MA TAU CHUNG RD,1145860,FOK ON BUILDING BLK A 90/98D MA TAU CHUNG RD,TOW,TOW,2,2,820567.6,837496.5,22.32412814,114.18879817,2025/07/30 11:44:47+00
12716004.2179478,2544860.12001137,536,Statutory Notices issued on prescribed inspection/repair for buildings,就樓宇訂明檢驗／訂明修葺所發出的法定通知,597430,FONG MAN HOUSE 138/142 SHAU KEI WAN MAIN ST E,597430,FONG MAN HOUSE 138/142 SHAU KEI WAN MAIN ST E,TOW,TOW,26,26,815391.3,841723.5,22.27737486,114.22980988,2025/07/30 11:44:47+00
12714621.5940004,2549547.48259557,537,Statutory Notices issued on prescribed inspection/repair for buildings,就樓宇訂明檢驗／訂明修葺所發出的法定通知,996312,FOO ON BUILDING 3/19 TING ON ST,996312,FOO ON BUILDING 3/19 TING ON ST,TOW,TOW,8,8,819705,840442.3,22.31633395,114.21738954,2025/07/30 11:44:47+00
12710397.428867,2545047.36277028,538,Statutory Notices issued on prescribed inspection/repair for buildings,就樓宇訂明檢驗／訂明修葺所發出的法定通知,1856901,FOO TAK BUILDING 365/367 HENNESSY RD,1856901,FOO TAK BUILDING 365/367 HENNESSY RD,TOW,TOW,2,2,815562.7,836532.7,22.27893108,114.17944303,2025/07/30 11:44:47+00
12714535.0576485,2549573.69456994,539,Statutory Notices issued on prescribed inspection/repair for buildings,就樓宇訂明檢驗／訂明修葺所發出的法定通知,1132095,FOO YUE BUILDING 83/103 TING FU ST,1132095,FOO YUE BUILDING 83/103 TING FU ST,TOW,TOW,40,40,819729.1,840362.2,22.31655176,114.21661151,2025/07/30 11:44:47+00
12708991.7168609,2549988.59809818,540,Statutory Notices issued on prescribed inspection/repair for buildings,就樓宇訂明檢驗／訂明修葺所發出的法定通知,248137,FOOK HEI MANSION 1091/1093 CANTON RD,248137,FOOK HEI MANSION 1091/1093 CANTON RD,TOW,TOW,10,10,820110.4,835231.6,22.31999928,114.16681491,2025/07/30 11:44:47+00
12709066.9494531,2565225.50232352,541,Statutory Notices issued on prescribed inspection/repair for buildings,就樓宇訂明檢驗／訂明修葺所發出的法定通知,1527480,FOOK ON BUILDING 51/73 WAN TAU ST TAI PO,1527480,FOOK ON BUILDING 51/73 WAN TAU ST TAI PO,POD,POD,1,1,834125.4,835302.1,22.44656202,114.16749112,2025/07/30 11:44:47+00
12709035.1551872,2565221.69345029,542,Statutory Notices issued on prescribed inspection/repair for buildings,就樓宇訂明檢驗／訂明修葺所發出的法定通知,1527728,FOOK ON BUILDING BLK 1 6/8 TAI KWONG LANE TAI PO,1527728,FOOK ON BUILDING BLK 1 6/8 TAI KWONG LANE TAI PO,TOW,TOW,25,25,834121.9,835272.7,22.44653026,114.1672051,2025/07/30 11:44:47+00
12709063.7056426,2565217.01828256,543,Statutory Notices issued on prescribed inspection/repair for buildings,就樓宇訂明檢驗／訂明修葺所發出的法定通知,1528140,FOOK ON BUILDING BLK 2 6/8 TAI KWONG LANE TAI PO,1528140,FOOK ON BUILDING BLK 2 6/8 TAI KWONG LANE TAI PO,TOW,TOW,51,51,834117.6,835299.1,22.44649215,114.16746156,2025/07/30 11:44:47+00
12709094.309765,2565229.96347003,544,Statutory Notices issued on prescribed inspection/repair for buildings,就樓宇訂明檢驗／訂明修葺所發出的法定通知,1528258,FOOK ON BUILDING BLK 3 6/8 TAI KWONG LANE TAI PO,1528258,FOOK ON BUILDING BLK 3 6/8 TAI KWONG LANE TAI PO,TOW,TOW,52,52,834129.5,835327.4,22.44659941,114.16773695,2025/07/30 11:44:47+00
12704809.4289589,2545546.27118617,545,Statutory Notices issued on prescribed inspection/repair for buildings,就樓宇訂明檢驗／訂明修葺所發出的法定通知,369153,FOOK ON MANSION 25 NORTH ST,369153,FOOK ON MANSION 25 NORTH ST,TOW,TOW,1,1,816022.7,831359.5,22.28307792,114.12924461,2025/07/30 11:44:47+00
12708578.7343291,2550293.93074393,546,Statutory Notices issued on prescribed inspection/repair for buildings,就樓宇訂明檢驗／訂明修葺所發出的法定通知,1068122,FOOK SING FACTORY BUILDING 2 WALNUT ST,1068122,FOOK SING FACTORY BUILDING 2 WALNUT ST,TOW,TOW,2,2,820391.4,834849.4,22.32253645,114.16310532,2025/07/30 11:44:47+00
12711041.6328382,2548973.33579559,547,Statutory Notices issued on prescribed inspection/repair for buildings,就樓宇訂明檢驗／訂明修葺所發出的法定通知,1644494,FOOK SING MANSION 16/22 SHUN YUNG ST,1644494,FOOK SING MANSION 16/22 SHUN YUNG ST,TOW,TOW,1,1,819176.1,837128.9,22.31156224,114.18522988,2025/07/30 11:44:47+00
12711470.6759832,2550497.48862913,548,Statutory Notices issued on prescribed inspection/repair for buildings,就樓宇訂明檢驗／訂明修葺所發出的法定通知,1846151,FOOK TOA MANSION 127/131 TAM KUNG RD,1846151,FOOK TOA MANSION 127/131 TAM KUNG RD,TOW,TOW,1,1,820578.7,837525.9,22.3242282,114.18908437,2025/07/30 11:44:47+00
12711364.4566062,2548963.86088026,549,Statutory Notices issued on prescribed inspection/repair for buildings,就樓宇訂明檢驗／訂明修葺所發出的法定通知,1667829,FOOK WAN MANSION 25 CHUN TIN ST,1667829,FOOK WAN MANSION 25 CHUN TIN ST,TOW,TOW,1,1,819167.4,837427.7,22.3114835,114.18812967,2025/07/30 11:44:47+00
12709469.0254631,2548243.9072157,550,Statutory Notices issued on prescribed inspection/repair for buildings,就樓宇訂明檢驗／訂明修葺所發出的法定通知,142216,FOREMOST BUILDING 21 JORDAN RD,142216,FOREMOST BUILDING 21 JORDAN RD,TOW,TOW,28,28,818504.8,835673.3,22.30550041,114.17110326,2025/07/30 11:44:47+00
12712675.2411185,2546384.23511058,551,Statutory Notices issued on prescribed inspection/repair for buildings,就樓宇訂明檢驗／訂明修葺所發出的法定通知,792491,FORTUNA BUILDING 24/38 KAM PING ST,792491,FORTUNA BUILDING 24/38 KAM PING ST,TOW,TOW,4,4,816793.4,838641.3,22.29004333,114.19990465,2025/07/30 11:44:47+00
12711186.5266791,2549157.51269937,552,Statutory Notices issued on prescribed inspection/repair for buildings,就樓宇訂明檢驗／訂明修葺所發出的法定通知,101338,FORTUNA BUILDING 451/455 CHATHAM RD N,101338,FORTUNA BUILDING 451/455 CHATHAM RD N,TOW,TOW,1,1,819345.6,837263,22.31309243,114.18653182,2025/07/30 11:44:47+00
12707655.9346878,2545513.686184,553,Statutory Notices issued on prescribed inspection/repair for buildings,就樓宇訂明檢驗／訂明修葺所發出的法定通知,326542,FORTUNA BUILDING 63/69 WELLINGTON ST,326542,FORTUNA BUILDING 63/69 WELLINGTON ST,TOW,TOW,1,1,815992.1,833994.7,22.28280727,114.15481541,2025/07/30 11:44:47+00
12703311.7455908,2556307.3603167,554,Statutory Notices issued on prescribed inspection/repair for buildings,就樓宇訂明檢驗／訂明修葺所發出的法定通知,498139,FORTUNE MANSION 2/6 ON WING ST TSUEN WAN,498139,FORTUNE MANSION 2/6 ON WING ST TSUEN WAN,POD,POD,1,1,825925.2,829977,22.37249946,114.11579055,2025/07/30 11:44:47+00
12709762.3081376,2549919.3004709,555,Statutory Notices issued on prescribed inspection/repair for buildings,就樓宇訂明檢驗／訂明修葺所發出的法定通知,230607,FORUM COURT 9/9B PEACE AVE,230607,FORUM COURT 9/9B PEACE AVE,TOW,TOW,1,1,820046.6,835944.8,22.31942321,114.17373751,2025/07/30 11:44:47+00
12709685.0114243,2547334.02884592,556,Statutory Notices issued on prescribed inspection/repair for buildings,就樓宇訂明檢驗／訂明修葺所發出的法定通知,21522,FRIENDS' HOUSE 4B/6H CARNARVON RD,21522,FRIENDS' HOUSE 4B/6H CARNARVON RD,TOW,TOW,1,1,817667.4,835873.2,22.29793829,114.17304269,2025/07/30 11:44:47+00
12711072.5691228,2543944.36548023,557,Statutory Notices issued on prescribed inspection/repair for buildings,就樓宇訂明檢驗／訂明修葺所發出的法定通知,601913,FRIENDSHIP COURT 12/22 BLUE POOL RD,601913,FRIENDSHIP COURT 12/22 BLUE POOL RD,POD,POD,1,1,814547.4,837157.8,22.26976249,114.18550778,2025/07/30 11:44:47+00
12711081.5332522,2543934.80538414,558,Statutory Notices issued on prescribed inspection/repair for buildings,就樓宇訂明檢驗／訂明修葺所發出的法定通知,602055,FRIENDSHIP COURT 12/22 BLUE POOL RD,602055,FRIENDSHIP COURT 12/22 BLUE POOL RD,TOW,TOW,84,84,814538.6,837166.1,22.26968312,114.18558867,2025/07/30 11:44:47+00
12708778.4005967,2565466.83780617,559,Statutory Notices issued on prescribed inspection/repair for buildings,就樓宇訂明檢驗／訂明修葺所發出的法定通知,935288,FU CHEONG BUILDING 28 FU SHIN ST TAI PO,935288,FU CHEONG BUILDING 28 FU SHIN ST TAI PO,TOW,TOW,1,1,834347.3,835035.3,22.44856548,114.16489862,2025/07/30 11:44:47+00
12712042.7241318,2546053.92781695,560,Statutory Notices issued on prescribed inspection/repair for buildings,就樓宇訂明檢驗／訂明修葺所發出的法定通知,1400696,FU DAT COURT FORTRESS GARDEN 32 FORTRESS HILL RD,1400696,FU DAT COURT FORTRESS GARDEN 32 FORTRESS HILL RD,TOW,TOW,1,1,816489.3,838055.8,22.28729816,114.19422224,2025/07/30 11:44:47+00
12711928.7173161,2545645.87501899,561,Statutory Notices issued on prescribed inspection/repair for buildings,就樓宇訂明檢驗／訂明修葺所發出的法定通知,667615,FU FAI COURT 33 TIN HAU TEMPLE RD,667615,FU FAI COURT 33 TIN HAU TEMPLE RD,TOW,TOW,1,1,816113.7,837950.3,22.28390582,114.19319819,2025/07/30 11:44:47+00
12711806.6681141,2545768.54555166,562,Statutory Notices issued on prescribed inspection/repair for buildings,就樓宇訂明檢驗／訂明修葺所發出的法定通知,570018,FU FUNG BUILDING 5/7 TSING FUNG ST,570018,FU FUNG BUILDING 5/7 TSING FUNG ST,TOW,TOW,2,2,816226.6,837837.3,22.28492602,114.19210234,2025/07/30 11:44:47+00
12715147.7393849,2548726.91484609,563,Statutory Notices issued on prescribed inspection/repair for buildings,就樓宇訂明檢驗／訂明修葺所發出的法定通知,881083,FU HOP FACTORY BUILDING 209/211 WAI YIP ST,881083,FU HOP FACTORY BUILDING 209/211 WAI YIP ST,TOW,TOW,1,1,818950,840929.5,22.3095143,114.22211524,2025/07/30 11:44:47+00
12711779.1653584,2546196.28175557,564,Statutory Notices issued on prescribed inspection/repair for buildings,就樓宇訂明檢驗／訂明修葺所發出的法定通知,1512778,FU LEE LOY MANSION 9/27 KING WAH RD,1512778,FU LEE LOY MANSION 9/27 KING WAH RD,POD,POD,1,1,816620.3,837811.8,22.28848097,114.19185544,2025/07/30 11:44:47+00
12711796.5581864,2546208.23105581,565,Statutory Notices issued on prescribed inspection/repair for buildings,就樓宇訂明檢驗／訂明修葺所發出的法定通知,5036819,FU LEE LOY MANSION BLK A 9/27 KING WAH RD,5036819,FU LEE LOY MANSION BLK A 9/27 KING WAH RD,TOW,TOW,4,4,816631.3,837827.9,22.28858058,114.19201133,2025/07/30 11:44:47+00
12711783.5939066,2546192.478707,566,Statutory Notices issued on prescribed inspection/repair for buildings,就樓宇訂明檢驗／訂明修葺所發出的法定通知,5036904,FU LEE LOY MANSION BLK B 9/27 KING WAH RD,5036904,FU LEE LOY MANSION BLK B 9/27 KING WAH RD,TOW,TOW,4,4,816616.8,837815.9,22.28844925,114.19189508,2025/07/30 11:44:47+00
12711770.8458455,2546178.24738156,567,Statutory Notices issued on prescribed inspection/repair for buildings,就樓宇訂明檢驗／訂明修葺所發出的法定通知,5036990,FU LEE LOY MANSION BLK C 9/27 KING WAH RD,5036990,FU LEE LOY MANSION BLK C 9/27 KING WAH RD,TOW,TOW,4,4,816603.7,837804.1,22.28833181,114.19178044,2025/07/30 11:44:47+00
12708571.4236789,2549890.5447185,568,Statutory Notices issued on prescribed inspection/repair for buildings,就樓宇訂明檢驗／訂明修葺所發出的法定通知,1784739,FU LUEN BUILDING FU TOR LOY NEW CHEUN - PHASE 1 BLK B 2/20 BEECH ST,1784739,FU LUEN BUILDING FU TOR LOY NEW CHEUN - PHASE 1 BLK B 2/20 BEECH ST,TOW,TOW,1,1,820020.2,834842.6,22.31918499,114.16303964,2025/07/30 11:44:47+00
12715088.9603448,2545407.4155663,569,Statutory Notices issued on prescribed inspection/repair for buildings,就樓宇訂明檢驗／訂明修葺所發出的法定通知,487645,FU ON BUILDING 1/3 SHING ON ST,487645,FU ON BUILDING 1/3 SHING ON ST,TOW,TOW,1,1,815894.8,840876,22.28192365,114.22158782,2025/07/30 11:44:47+00
12714436.4388947,2549673.36864757,570,Statutory Notices issued on prescribed inspection/repair for buildings,就樓宇訂明檢驗／訂明修葺所發出的法定通知,999957,FU ON BUILDING 91/93 TING ON ST,999957,FU ON BUILDING 91/93 TING ON ST,TOW,TOW,1,1,819820.8,840270.9,22.31737964,114.21572558,2025/07/30 11:44:47+00
12708587.5211625,2549906.08591354,571,Statutory Notices issued on prescribed inspection/repair for buildings,就樓宇訂明檢驗／訂明修葺所發出的法定通知,1785418,FU TOR LOY NEW CHUEN - PHASE I FU KAM BUILDING BLK A 1/13 POK HOK LANE,1785418,FU TOR LOY NEW CHUEN - PHASE I FU KAM BUILDING BLK A 1/13 POK HOK LANE,TOW,TOW,1,1,820034.5,834857.5,22.31931386,114.16318366,2025/07/30 11:44:47+00
12708580.6095875,2549868.59436775,572,Statutory Notices issued on prescribed inspection/repair for buildings,就樓宇訂明檢驗／訂明修葺所發出的法定通知,1785317,FU TOR LOY NEW CHUEN - PHASE I FU TIN BUILDING BLK C 2/30 TIT SHU ST,1785317,FU TOR LOY NEW CHUEN - PHASE I FU TIN BUILDING BLK C 2/30 TIT SHU ST,TOW,TOW,1,1,820000,834851.1,22.31900186,114.16312242,2025/07/30 11:44:47+00
12703289.7547672,2556161.57163417,573,Statutory Notices issued on prescribed inspection/repair for buildings,就樓宇訂明檢驗／訂明修葺所發出的法定通知,1567612,FU WAH HOUSE 32/36 HAU TEI SQUARE TSUEN WAN,1567612,FU WAH HOUSE 32/36 HAU TEI SQUARE TSUEN WAN,TOW,TOW,3,3,825791.1,829956.6,22.37128851,114.11559372,2025/07/30 11:44:47+00
12706377.5935875,2571624.98490836,574,Statutory Notices issued on prescribed inspection/repair for buildings,就樓宇訂明檢驗／訂明修葺所發出的法定通知,1693011,FU YIN BUILDING 25/27 LUEN ON ST FANLING,1693011,FU YIN BUILDING 25/27 LUEN ON ST FANLING,TOW,TOW,1,1,840008.3,832816.6,22.49968394,114.14333162,2025/07/30 11:44:47+00
12709063.3697768,2565400.94445482,575,Statutory Notices issued on prescribed inspection/repair for buildings,就樓宇訂明檢驗／訂明修葺所發出的法定通知,1953820,FUK CHEONG BUILDING 12/24 KWONG FUK LANE TAI PO,1953820,FUK CHEONG BUILDING 12/24 KWONG FUK LANE TAI PO,TOW,TOW,1,1,834286.7,835298.8,22.44801887,114.16745867,2025/07/30 11:44:47+00
12708638.9443531,2551227.99671801,576,Statutory Notices issued on prescribed inspection/repair for buildings,就樓宇訂明檢驗／訂明修葺所發出的法定通知,4236,FUK CHEONG BUILDING 97 FUK WA ST,4236,FUK CHEONG BUILDING 97 FUK WA ST,TOW,TOW,1,1,821250.9,834905.2,22.33029863,114.16364593,2025/07/30 11:44:47+00
12708537.7806884,2550327.94128631,577,Statutory Notices issued on prescribed inspection/repair for buildings,就樓宇訂明檢驗／訂明修葺所發出的法定通知,54102,FUK CHEUNG FACTORY BUILDING 1 WALNUT ST,54102,FUK CHEUNG FACTORY BUILDING 1 WALNUT ST,TOW,TOW,1,1,820422.7,834811.5,22.32281926,114.16273697,2025/07/30 11:44:47+00
12708869.3885036,2550252.9855533,578,Statutory Notices issued on prescribed inspection/repair for buildings,就樓宇訂明檢驗／訂明修葺所發出的法定通知,542770,FUK KEUNG INDUSTRIAL BUILDING 66/68 TONG MI RD,542770,FUK KEUNG INDUSTRIAL BUILDING 66/68 TONG MI RD,TOW,TOW,1,1,820353.7,835118.4,22.32219671,114.16571598,2025/07/30 11:44:47+00
12711914.4678016,2544719.39949729,579,Statutory Notices issued on prescribed inspection/repair for buildings,就樓宇訂明檢驗／訂明修葺所發出的法定通知,464604,FUK KWAN HOUSE 11/12 FUK KWAN AVE,464604,FUK KWAN HOUSE 11/12 FUK KWAN AVE,TOW,TOW,1,1,815260.9,837937.2,22.27620499,114.19307075,2025/07/30 11:44:47+00
12711327.233477,2551161.28855486,580,Statutory Notices issued on prescribed inspection/repair for buildings,就樓宇訂明檢驗／訂明修葺所發出的法定通知,1370757,FUK LUEN BUILDING 62/64 FUK LO TSUN RD,1370757,FUK LUEN BUILDING 62/64 FUK LO TSUN RD,TOW,TOW,1,1,821189.5,837393.1,22.32974459,114.18779529,2025/07/30 11:44:47+00
12693346.599241,2565151.49095266,581,Statutory Notices issued on prescribed inspection/repair for buildings,就樓宇訂明檢驗／訂明修葺所發出的法定通知,1788709,FUK ON HOUSE 65/79 YUEN LONG ON NING RD YUEN LONG,1788709,FUK ON HOUSE 65/79 YUEN LONG ON NING RD YUEN LONG,TOW,TOW,1,1,834065.1,820765.6,22.44594793,114.02627256,2025/07/30 11:44:47+00
12711332.9209896,2549131.09709437,582,Statutory Notices issued on prescribed inspection/repair for buildings,就樓宇訂明檢驗／訂明修葺所發出的法定通知,207821,FUK SHING MANSION 89/93A MA TAU WAI RD,207821,FUK SHING MANSION 89/93A MA TAU WAI RD,TOW,TOW,31,31,819321.3,837398.5,22.312873,114.1878463,2025/07/30 11:44:47+00
12693165.7624204,2564957.16052049,583,Statutory Notices issued on prescribed inspection/repair for buildings,就樓宇訂明檢驗／訂明修葺所發出的法定通知,1660676,FUK TAK BUILDING 234/242 CASTLE PEAK RD YUEN LONG YUEN LONG,1660676,FUK TAK BUILDING 234/242 CASTLE PEAK RD YUEN LONG YUEN LONG,TOW,TOW,1,1,833886.6,820598.2,22.44433458,114.0246482,2025/07/30 11:44:47+00
12687980.2948702,2559066.59135461,584,Statutory Notices issued on prescribed inspection/repair for buildings,就樓宇訂明檢驗／訂明修葺所發出的法定通知,878909,FUK TONG MANSION 28 CASTLE PEAK RD SAN HUI SAN HUI,878909,FUK TONG MANSION 28 CASTLE PEAK RD SAN HUI SAN HUI,TOW,TOW,1,1,828475.4,815796,22.39541847,113.97806654,2025/07/30 11:44:47+00
12708916.8255449,2565496.65096351,585,Statutory Notices issued on prescribed inspection/repair for buildings,就樓宇訂明檢驗／訂明修葺所發出的法定通知,1560008,FUK WING BUILDING 52 KWONG FUK RD TAI PO,1560008,FUK WING BUILDING 52 KWONG FUK RD TAI PO,TOW,TOW,1,1,834374.7,835163.3,22.44881345,114.16614222,2025/07/30 11:44:47+00
12709169.6289062,2550728.55885203,586,Statutory Notices issued on prescribed inspection/repair for buildings,就樓宇訂明檢驗／訂明修葺所發出的法定通知,280402,FULL HILL CENTRE 179/179A SAI YEUNG CHOI ST N,280402,FULL HILL CENTRE 179/179A SAI YEUNG CHOI ST N,TOW,TOW,21,21,820791.3,835396.3,22.32614832,114.16841343,2025/07/30 11:44:47+00
12713090.6018461,2546437.18597278,587,Statutory Notices issued on prescribed inspection/repair for buildings,就樓宇訂明檢驗／訂明修葺所發出的法定通知,980104,FULL WEALTH GARDENS GOLDEN CASSIA COURT 1/10 KAI YUEN TERRACE,980104,FULL WEALTH GARDENS GOLDEN CASSIA COURT 1/10 KAI YUEN TERRACE,TOW,TOW,1,1,816842.2,839025.8,22.29048365,114.20363579,2025/07/30 11:44:47+00
12713075.3749876,2546463.04678248,588,Statutory Notices issued on prescribed inspection/repair for buildings,就樓宇訂明檢驗／訂明修葺所發出的法定通知,979848,FULL WEALTH GARDENS GOLDEN PEACH COURT 1/10 KAI YUEN TERRACE,979848,FULL WEALTH GARDENS GOLDEN PEACH COURT 1/10 KAI YUEN TERRACE,TOW,TOW,2,2,816866,839011.7,22.29069836,114.2034995,2025/07/30 11:44:47+00
12713110.0520891,2546470.42862339,589,Statutory Notices issued on prescribed inspection/repair for buildings,就樓宇訂明檢驗／訂明修葺所發出的法定通知,980548,FULL WEALTH GARDENS GOLDEN PINE COURT 1/10 KAI YUEN TERRACE,980548,FULL WEALTH GARDENS GOLDEN PINE COURT 1/10 KAI YUEN TERRACE,TOW,TOW,1,1,816872.8,839043.8,22.29075953,114.20381051,2025/07/30 11:44:47+00
12712490.4700812,2552917.48040249,590,Statutory Notices issued on prescribed inspection/repair for buildings,就樓宇訂明檢驗／訂明修葺所發出的法定通知,1041627,FUNG CHEUNG HOUSE 5/33 WAN FUNG ST,1041627,FUNG CHEUNG HOUSE 5/33 WAN FUNG ST,TOW,TOW,5,5,822805.5,838469.4,22.34433663,114.19824464,2025/07/30 11:44:47+00
12705784.4608007,2555873.89370035,591,Statutory Notices issued on prescribed inspection/repair for buildings,就樓宇訂明檢驗／訂明修葺所發出的法定通知,873804,FUNG KING INDUSTRIAL BUILDING 24/28 LAM TIN ST KWAI CHUNG,873804,FUNG KING INDUSTRIAL BUILDING 24/28 LAM TIN ST KWAI CHUNG,TOW,TOW,1,1,825525.7,832264.6,22.3688986,114.1380036,2025/07/30 11:44:47+00
12708261.6335109,2551078.74523908,592,Statutory Notices issued on prescribed inspection/repair for buildings,就樓宇訂明檢驗／訂明修葺所發出的法定通知,194931,FUNG LIN COURT 36/36C KWEILIN ST,194931,FUNG LIN COURT 36/36C KWEILIN ST,TOW,TOW,1,1,821113.6,834556,22.32905875,114.16025628,2025/07/30 11:44:47+00
12710998.8446049,2550937.87001129,593,Statutory Notices issued on prescribed inspection/repair for buildings,就樓宇訂明檢驗／訂明修葺所發出的法定通知,1878015,FUNG WAH COURT 11/13 SAU CHUK YUEN RD,1878015,FUNG WAH COURT 11/13 SAU CHUK YUEN RD,TOW,TOW,1,1,820983.9,837089.2,22.32788753,114.18484557,2025/07/30 11:44:47+00
12711172.3199191,2548312.1232892,594,Statutory Notices issued on prescribed inspection/repair for buildings,就樓宇訂明檢驗／訂明修葺所發出的法定通知,1678740,FUNG YI COURT UNITED BUILDING BLK B 3 WU KWONG ST,1678740,FUNG YI COURT UNITED BUILDING BLK B 3 WU KWONG ST,TOW,TOW,16,16,818567.6,837249.9,22.30606743,114.1864035,2025/07/30 11:44:47+00
12708793.1371908,2551244.41992888,595,Statutory Notices issued on prescribed inspection/repair for buildings,就樓宇訂明檢驗／訂明修葺所發出的法定通知,294863,FWU SHYANG BUILDING 26 FUK WING ST,294863,FWU SHYANG BUILDING 26 FUK WING ST,TOW,TOW,1,1,821266,835047.9,22.33043468,114.16503094,2025/07/30 11:44:47+00
12711214.2216249,2551358.87314086,596,Statutory Notices issued on prescribed inspection/repair for buildings,就樓宇訂明檢驗／訂明修葺所發出的法定通知,1433416,GAR FOOK COURT BLK A 44/46 GRAMPIAN RD,1433416,GAR FOOK COURT BLK A 44/46 GRAMPIAN RD,TOW,TOW,6,6,821371.3,837288.5,22.33138604,114.18677995,2025/07/30 11:44:47+00
12711233.4554166,2551357.35035186,597,Statutory Notices issued on prescribed inspection/repair for buildings,就樓宇訂明檢驗／訂明修葺所發出的法定通知,1433441,GAR FOOK COURT BLK B 44/46 GRAMPIAN RD,1433441,GAR FOOK COURT BLK B 44/46 GRAMPIAN RD,TOW,TOW,1,1,821369.9,837306.3,22.33137336,114.18695333,2025/07/30 11:44:47+00
12712307.2312228,2546592.34798926,598,Statutory Notices issued on prescribed inspection/repair for buildings,就樓宇訂明檢驗／訂明修葺所發出的法定通知,475444,GARLAND HOUSE 21/21A JAVA RD,475444,GARLAND HOUSE 21/21A JAVA RD,TOW,TOW,1,1,816984.9,838300.6,22.29177341,114.19659876,2025/07/30 11:44:47+00
12707420.5700766,2545469.21571484,599,Statutory Notices issued on prescribed inspection/repair for buildings,就樓宇訂明檢驗／訂明修葺所發出的法定通知,346428,GARLEY BUILDING 45/53A GRAHAM ST,346428,GARLEY BUILDING 45/53A GRAHAM ST,POD,POD,1,1,815951.2,833776.8,22.28243825,114.15270101,2025/07/30 11:44:47+00
12710095.7348797,2556564.86932129,600,Statutory Notices issued on prescribed inspection/repair for buildings,就樓宇訂明檢驗／訂明修葺所發出的法定通知,1060838,GLAMOUR GARDEN 1/5 CHIK FAI ST TAI WAI,1060838,GLAMOUR GARDEN 1/5 CHIK FAI ST TAI WAI,POD,POD,1,1,826160.8,836253.4,22.37463849,114.17673298,2025/07/30 11:44:47+00
12710313.2594767,2551790.80316581,601,Statutory Notices issued on prescribed inspection/repair for buildings,就樓宇訂明檢驗／訂明修葺所發出的法定通知,2003548,GLORIA ENGLISH PRIMARY SCHOOL & KINDERGARTEN 1 NORFOLK RD,2003548,GLORIA ENGLISH PRIMARY SCHOOL & KINDERGARTEN 1 NORFOLK RD,TOW,TOW,1,1,821768.7,836454.7,22.33497543,114.17868638,2025/07/30 11:44:47+00
12705370.5524576,2555292.64123457,602,Statutory Notices issued on prescribed inspection/repair for buildings,就樓宇訂明檢驗／訂明修葺所發出的法定通知,1256601,GOLD KING INDUSTRIAL BUILDING 35/41 TAI LIN PAI RD KWAI CHUNG,1256601,GOLD KING INDUSTRIAL BUILDING 35/41 TAI LIN PAI RD KWAI CHUNG,TOW,TOW,2,2,824991.1,831881.5,22.36406923,114.13428512,2025/07/30 11:44:47+00
12702754.8842364,2556297.99222826,603,Statutory Notices issued on prescribed inspection/repair for buildings,就樓宇訂明檢驗／訂明修葺所發出的法定通知,754266,GOLDEN BUILDING 1/3 HEUNG WO ST TSUEN WAN,754266,GOLDEN BUILDING 1/3 HEUNG WO ST TSUEN WAN,TOW,TOW,1,1,825916.8,829461.8,22.37242116,114.11078876,2025/07/30 11:44:47+00
12706354.9856331,2545900.75635875,604,Statutory Notices issued on prescribed inspection/repair for buildings,就樓宇訂明檢驗／訂明修葺所發出的法定通知,648339,GOLDEN COURT 10 SECOND ST,648339,GOLDEN COURT 10 SECOND ST,TOW,TOW,1,1,816348.6,832790.4,22.286025,114.14312884,2025/07/30 11:44:47+00
12711784.2890729,2545577.66286113,605,Statutory Notices issued on prescribed inspection/repair for buildings,就樓宇訂明檢驗／訂明修葺所發出的法定通知,535597,GOLDEN COURT 22/52 ELECTRIC RD,535597,GOLDEN COURT 22/52 ELECTRIC RD,TOW,TOW,2,2,816050.9,837816.6,22.28333936,114.19190106,2025/07/30 11:44:47+00
12709616.3046504,2547326.96452258,606,Statutory Notices issued on prescribed inspection/repair for buildings,就樓宇訂明檢驗／訂明修葺所發出的法定通知,21154,GOLDEN CROWN COURT 66/70 NATHAN RD,21154,GOLDEN CROWN COURT 66/70 NATHAN RD,TOW,TOW,1,1,817660.9,835809.6,22.29787954,114.17242581,2025/07/30 11:44:47+00
12705822.9359746,2555885.31792012,607,Statutory Notices issued on prescribed inspection/repair for buildings,就樓宇訂明檢驗／訂明修葺所發出的法定通知,874717,GOLDEN SUNFLOWER INDUSTRIAL BUILDING BLK B 30/38 LAM TIN ST KWAI CHUNG,874717,GOLDEN SUNFLOWER INDUSTRIAL BUILDING BLK B 30/38 LAM TIN ST KWAI CHUNG,TOW,TOW,1,1,825536.2,832300.2,22.36899317,114.13834931,2025/07/30 11:44:47+00
12711633.8774755,2551004.8772138,608,Statutory Notices issued on prescribed inspection/repair for buildings,就樓宇訂明檢驗／訂明修葺所發出的法定通知,1181831,GOOD LUCK BUILDING 6 LUNG KONG RD,1181831,GOOD LUCK BUILDING 6 LUNG KONG RD,TOW,TOW,1,1,821045.6,837676.9,22.32844426,114.19054974,2025/07/30 11:44:47+00
12709474.0449499,2549798.45195337,609,Statutory Notices issued on prescribed inspection/repair for buildings,就樓宇訂明檢驗／訂明修葺所發出的法定通知,490981,GRANDVIEW BUILDING 49/69 FA YUEN ST,490981,GRANDVIEW BUILDING 49/69 FA YUEN ST,POD,POD,1,1,819935.4,835678,22.31841905,114.17114788,2025/07/30 11:44:47+00
12709000.7339592,2540971.26006383,610,Statutory Notices issued on prescribed inspection/repair for buildings,就樓宇訂明檢驗／訂明修葺所發出的法定通知,1130446,GRANDVIEW GARDEN 8 NAM LONG SHAN RD,1130446,GRANDVIEW GARDEN 8 NAM LONG SHAN RD,POD,POD,1,1,811810.3,835239.4,22.24504453,114.16689624,2025/07/30 11:44:47+00
12708994.7952565,2540960.50701447,611,Statutory Notices issued on prescribed inspection/repair for buildings,就樓宇訂明檢驗／訂明修葺所發出的法定通知,1130490,GRANDVIEW GARDEN BLK 1 8 NAM LONG SHAN RD,1130490,GRANDVIEW GARDEN BLK 1 8 NAM LONG SHAN RD,TOW,TOW,2,2,811800.4,835233.9,22.24495525,114.16684305,2025/07/30 11:44:47+00
12709000.7339592,2540971.26006383,612,Statutory Notices issued on prescribed inspection/repair for buildings,就樓宇訂明檢驗／訂明修葺所發出的法定通知,1130659,GRANDVIEW GARDEN BLK 2 8 NAM LONG SHAN RD,1130659,GRANDVIEW GARDEN BLK 2 8 NAM LONG SHAN RD,TOW,TOW,2,2,811810.3,835239.4,22.24504453,114.16689624,2025/07/30 11:44:47+00
12711771.0289709,2544746.03034827,613,Statutory Notices issued on prescribed inspection/repair for buildings,就樓宇訂明檢驗／訂明修葺所發出的法定通知,761226,GRANDVIEW MANSION 1 WANG FUNG TERRACE,761226,GRANDVIEW MANSION 1 WANG FUNG TERRACE,TOW,TOW,1,1,815285.4,837804.4,22.27642666,114.191782,2025/07/30 11:44:47+00
12711045.7474426,2545247.77826359,614,Statutory Notices issued on prescribed inspection/repair for buildings,就樓宇訂明檢驗／訂明修葺所發出的法定通知,737299,GREAT GEORGE BUILDING 11/19 GREAT GEORGE ST,737299,GREAT GEORGE BUILDING 11/19 GREAT GEORGE ST,TOW,TOW,2,2,815747.2,837132.9,22.28059721,114.18526688,2025/07/30 11:44:47+00
12711347.0396556,2550129.20875732,615,Statutory Notices issued on prescribed inspection/repair for buildings,就樓宇訂明檢驗／訂明修葺所發出的法定通知,1372226,GREAT WALL BUILDING 16/26 TAM KUNG RD,1372226,GREAT WALL BUILDING 16/26 TAM KUNG RD,TOW,TOW,1,1,820239.8,837411.5,22.3211683,114.18797328,2025/07/30 11:44:47+00
12711021.1649379,2544087.11085538,616,Statutory Notices issued on prescribed inspection/repair for buildings,就樓宇訂明檢驗／訂明修葺所發出的法定通知,615178,GREEN VIEW MANSION 55/57 WONG NAI CHUNG RD,615178,GREEN VIEW MANSION 55/57 WONG NAI CHUNG RD,TOW,TOW,2,2,814678.8,837110.2,22.2709491,114.18504572,2025/07/30 11:44:47+00
12711153.8798581,2545375.09821354,617,Statutory Notices issued on prescribed inspection/repair for buildings,就樓宇訂明檢驗／訂明修葺所發出的法定通知,521695,GREENFIELD MANSION 8 KINGSTON ST,521695,GREENFIELD MANSION 8 KINGSTON ST,TOW,TOW,7,7,815864.4,837233,22.2816558,114.18623809,2025/07/30 11:44:47+00
12710905.5116822,2556026.1914968,618,Statutory Notices issued on prescribed inspection/repair for buildings,就樓宇訂明檢驗／訂明修葺所發出的法定通知,1746797,GREENVIEW GARDEN 1/3 CHUI TIN ST SHA TIN,1746797,GREENVIEW GARDEN 1/3 CHUI TIN ST SHA TIN,POD,POD,1,1,825665.3,837002.6,22.37016325,114.18400664,2025/07/30 11:44:47+00
12710205.9123946,2544120.70304412,619,Statutory Notices issued on prescribed inspection/repair for buildings,就樓宇訂明檢驗／訂明修葺所發出的法定通知,611580,GREENVILLE GARDENS BLK A 14 SHIU FAI TERRACE,611580,GREENVILLE GARDENS BLK A 14 SHIU FAI TERRACE,TOW,TOW,36,36,814709.7,836355.4,22.27122809,114.17772235,2025/07/30 11:44:47+00
12710206.0204026,2544120.48577809,620,Statutory Notices issued on prescribed inspection/repair for buildings,就樓宇訂明檢驗／訂明修葺所發出的法定通知,610186,GREENVILLE GARDENS BLK A 14 SHIU FAI TERRACE,610186,GREENVILLE GARDENS BLK A 14 SHIU FAI TERRACE,POD,POD,1,1,814709.5,836355.5,22.27122605,114.17772288,2025/07/30 11:44:47+00
12710199.2155921,2544079.85723816,621,Statutory Notices issued on prescribed inspection/repair for buildings,就樓宇訂明檢驗／訂明修葺所發出的法定通知,611667,GREENVILLE GARDENS BLK B 15 SHIU FAI TERRACE,611667,GREENVILLE GARDENS BLK B 15 SHIU FAI TERRACE,TOW,TOW,96,96,814672.1,836349.2,22.27088889,114.17766194,2025/07/30 11:44:47+00
12710221.5732353,2544045.74654812,622,Statutory Notices issued on prescribed inspection/repair for buildings,就樓宇訂明檢驗／訂明修葺所發出的法定通知,612245,GREENVILLE GARDENS BLK C 16 SHIU FAI TERRACE,612245,GREENVILLE GARDENS BLK C 16 SHIU FAI TERRACE,TOW,TOW,92,92,814640.7,836369.9,22.2706047,114.1778631,2025/07/30 11:44:47+00
12710244.5789235,2544021.84730214,623,Statutory Notices issued on prescribed inspection/repair for buildings,就樓宇訂明檢驗／訂明修葺所發出的法定通知,612573,GREENVILLE GARDENS BLK D 17 SHIU FAI TERRACE,612573,GREENVILLE GARDENS BLK D 17 SHIU FAI TERRACE,TOW,TOW,92,92,814618.7,836391.2,22.2704064,114.1780695,2025/07/30 11:44:47+00
12709642.4306407,2547954.33948127,624,Statutory Notices issued on prescribed inspection/repair for buildings,就樓宇訂明檢驗／訂明修葺所發出的法定通知,11198,GROSVENOR HOUSE 110/112 AUSTIN RD,11198,GROSVENOR HOUSE 110/112 AUSTIN RD,TOW,TOW,1,1,818238.3,835833.8,22.30309388,114.17266033,2025/07/30 11:44:47+00
12709545.0045778,2547339.24007848,625,Statutory Notices issued on prescribed inspection/repair for buildings,就樓宇訂明檢驗／訂明修葺所發出的法定通知,56592,HAI PHONG MANSION 52 LOCK RD,56592,HAI PHONG MANSION 52 LOCK RD,TOW,TOW,6,6,817672.2,835743.6,22.29798166,114.17178557,2025/07/30 11:44:47+00
12708291.161886,2550802.60271145,626,Statutory Notices issued on prescribed inspection/repair for buildings,就樓宇訂明檢驗／訂明修葺所發出的法定通知,206942,HAI TAN MANSION 145/149 HAI TAN ST,206942,HAI TAN MANSION 145/149 HAI TAN ST,TOW,TOW,1,1,820859.5,834583.3,22.32676404,114.160522,2025/07/30 11:44:47+00
12716729.7560041,2543500.52331438,627,Statutory Notices issued on prescribed inspection/repair for buildings,就樓宇訂明檢驗／訂明修葺所發出的法定通知,582439,HAKING (TUNG SHING) INDUSTRIAL BUILDING 34 LEE CHUNG ST,582439,HAKING (TUNG SHING) INDUSTRIAL BUILDING 34 LEE CHUNG ST,TOW,TOW,1,1,814140,842395.7,22.26607258,114.23632708,2025/07/30 11:44:47+00
12709019.8576854,2550911.55890155,628,Statutory Notices issued on prescribed inspection/repair for buildings,就樓宇訂明檢驗／訂明修葺所發出的法定通知,1170,HAN HING BUILDING BLK A 1 FUK WA ST,1170,HAN HING BUILDING BLK A 1 FUK WA ST,TOW,TOW,1,1,820959.7,835257.7,22.32766888,114.16706785,2025/07/30 11:44:47+00
12709016.2917493,2550914.60159268,629,Statutory Notices issued on prescribed inspection/repair for buildings,就樓宇訂明檢驗／訂明修葺所發出的法定通知,1255,HAN HING BUILDING BLK B 3 FUK WA ST,1255,HAN HING BUILDING BLK B 3 FUK WA ST,TOW,TOW,1,1,820962.5,835254.4,22.32769461,114.16703548,2025/07/30 11:44:47+00
12709482.8889833,2547296.31994516,630,Statutory Notices issued on prescribed inspection/repair for buildings,就樓宇訂明檢驗／訂明修葺所發出的法定通知,125964,HAN HING MANSION 38/40 HANKOW RD,125964,HAN HING MANSION 38/40 HANKOW RD,TOW,TOW,5,5,817632.7,835686.1,22.29762438,114.17122726,2025/07/30 11:44:47+00
12708550.4414304,2551294.06495996,631,Statutory Notices issued on prescribed inspection/repair for buildings,就樓宇訂明檢驗／訂明修葺所發出的法定通知,293171,HANFAST BUILDING 147/151 PEI HO ST,293171,HANFAST BUILDING 147/151 PEI HO ST,TOW,TOW,23,23,821311.7,834823.3,22.33084741,114.16285055,2025/07/30 11:44:47+00
12706707.5358144,2546046.52393298,632,Statutory Notices issued on prescribed inspection/repair for buildings,就樓宇訂明檢驗／訂明修葺所發出的法定通知,381588,HANG CHEONG TAI BUILDING 21/23 KO SHING ST,381588,HANG CHEONG TAI BUILDING 21/23 KO SHING ST,TOW,TOW,1,1,816482.7,833116.8,22.28723639,114.14629572,2025/07/30 11:44:47+00
12706016.9919735,2545888.29170648,633,Statutory Notices issued on prescribed inspection/repair for buildings,就樓宇訂明檢驗／訂明修葺所發出的法定通知,327431,HANG FAI BUILDING 22/32 POK FU LAM RD,327431,HANG FAI BUILDING 22/32 POK FU LAM RD,TOW,TOW,1,1,816337.2,832477.5,22.28592103,114.14009256,2025/07/30 11:44:47+00
12706016.5608106,2545884.48906512,634,Statutory Notices issued on prescribed inspection/repair for buildings,就樓宇訂明檢驗／訂明修葺所發出的法定通知,327346,HANG FAI BUILDING 22/32 POK FU LAM RD,327346,HANG FAI BUILDING 22/32 POK FU LAM RD,POD,POD,1,1,816333.7,832477.1,22.28588927,114.14008919,2025/07/30 11:44:47+00
12709329.974099,2548450.13711976,635,Statutory Notices issued on prescribed inspection/repair for buildings,就樓宇訂明檢驗／訂明修葺所發出的法定通知,217291,HANG FOOK BUILDING 170/174 SHANGHAI ST,217291,HANG FOOK BUILDING 170/174 SHANGHAI ST,TOW,TOW,1,1,818694.6,835544.6,22.30721443,114.16985394,2025/07/30 11:44:47+00
12706056.0967249,2545882.86903025,636,Statutory Notices issued on prescribed inspection/repair for buildings,就樓宇訂明檢驗／訂明修葺所發出的法定通知,389373,HANG HING COURT 123/125 THIRD ST,389373,HANG HING COURT 123/125 THIRD ST,TOW,TOW,9,9,816332.2,832513.7,22.28587626,114.14044366,2025/07/30 11:44:47+00
12707087.7803434,2545999.0104995,637,Statutory Notices issued on prescribed inspection/repair for buildings,就樓宇訂明檢驗／訂明修葺所發出的法定通知,411312,HANG LOK BUILDING 16/18 TUNG LOI LANE,411312,HANG LOK BUILDING 16/18 TUNG LOI LANE,TOW,TOW,2,2,816438.9,833468.8,22.28684144,114.14971167,2025/07/30 11:44:47+00
12708925.9210456,2565337.30590964,638,Statutory Notices issued on prescribed inspection/repair for buildings,就樓宇訂明檢驗／訂明修葺所發出的法定通知,1565078,HANG LOK BUILDING 54/56 PO HEUNG ST TAI PO,1565078,HANG LOK BUILDING 54/56 PO HEUNG ST TAI PO,TOW,TOW,1,1,834228.2,835171.7,22.44749047,114.16622438,2025/07/30 11:44:47+00
12709398.1047331,2549420.8291444,639,Statutory Notices issued on prescribed inspection/repair for buildings,就樓宇訂明檢驗／訂明修葺所發出的法定通知,1213145,HANG LUNG MANSION 578/580 NATHAN RD,1213145,HANG LUNG MANSION 578/580 NATHAN RD,TOW,TOW,1,1,819587.9,835607.7,22.31528094,114.17046549,2025/07/30 11:44:47+00
12704490.3938788,2545391.8965624,640,Statutory Notices issued on prescribed inspection/repair for buildings,就樓宇訂明檢驗／訂明修葺所發出的法定通知,42623,HANG YU BUILDING 45/55 CADOGAN ST,42623,HANG YU BUILDING 45/55 CADOGAN ST,TOW,TOW,3,3,815880.7,831064.1,22.28179523,114.12637874,2025/07/30 11:44:47+00
12710232.9627186,2550533.40607306,641,Statutory Notices issued on prescribed inspection/repair for buildings,就樓宇訂明檢驗／訂明修葺所發出的法定通知,1064223,HANNOVER COURT (85/91) WATERLOO RD,1064223,HANNOVER COURT (85/91) WATERLOO RD,TOW,TOW,1,1,820611.7,836380.4,22.32452665,114.17796571,2025/07/30 11:44:47+00
12687205.6744476,2558707.18213584,642,Statutory Notices issued on prescribed inspection/repair for buildings,就樓宇訂明檢驗／訂明修葺所發出的法定通知,1106852,HANWAY FACTORY BUILDING 17 SAN ON ST TUEN MUN,1106852,HANWAY FACTORY BUILDING 17 SAN ON ST TUEN MUN,TOW,TOW,1,1,828145.8,815079,22.39243339,113.9711077,2025/07/30 11:44:47+00
12708013.2662012,2544581.61577745,643,Statutory Notices issued on prescribed inspection/repair for buildings,就樓宇訂明檢驗／訂明修葺所發出的法定通知,695991,HAPPY MANSION 42B/42E MACDONNELL RD,695991,HAPPY MANSION 42B/42E MACDONNELL RD,TOW,TOW,4,4,815134.1,834325.4,22.27505945,114.15802587,2025/07/30 11:44:47+00
12710812.7500036,2545108.51401132,644,Statutory Notices issued on prescribed inspection/repair for buildings,就樓宇訂明檢驗／訂明修葺所發出的法定通知,812031,HAPPY MANSION 62/68 PERCIVAL ST,812031,HAPPY MANSION 62/68 PERCIVAL ST,TOW,TOW,1,1,815619,836917.2,22.27943986,114.18317394,2025/07/30 11:44:47+00
12703720.4728258,2555606.5732813,645,Statutory Notices issued on prescribed inspection/repair for buildings,就樓宇訂明檢驗／訂明修葺所發出的法定通知,1851887,HARRINGTON BUILDING 36/42 WANG WO TSAI ST TSUEN WAN,1851887,HARRINGTON BUILDING 36/42 WANG WO TSAI ST TSUEN WAN,TOW,TOW,1,1,825280.4,830354.9,22.36667766,114.11946242,2025/07/30 11:44:47+00
12703749.1221718,2555586.90851682,646,Statutory Notices issued on prescribed inspection/repair for buildings,就樓宇訂明檢驗／訂明修葺所發出的法定通知,1852376,HARRINGTON BUILDING 44/50 WANG WO TSAI ST TSUEN WAN,1852376,HARRINGTON BUILDING 44/50 WANG WO TSAI ST TSUEN WAN,TOW,TOW,1,1,825262.3,830381.4,22.36651406,114.11971978,2025/07/30 11:44:47+00
12705894.5464725,2545254.2272933,647,Statutory Notices issued on prescribed inspection/repair for buildings,就樓宇訂明檢驗／訂明修葺所發出的法定通知,393773,HATTON HOUSE 15 KOTEWALL RD,393773,HATTON HOUSE 15 KOTEWALL RD,POD,POD,1,1,815753.6,832364,22.28065086,114.13899285,2025/07/30 11:44:47+00
12705892.0623359,2545253.24890876,648,Statutory Notices issued on prescribed inspection/repair for buildings,就樓宇訂明檢驗／訂明修葺所發出的法定通知,393783,HATTON HOUSE 15 KOTEWALL RD,393783,HATTON HOUSE 15 KOTEWALL RD,TOW,TOW,1,1,815752.7,832361.7,22.28064235,114.13897041,2025/07/30 11:44:47+00
12711213.9091497,2544942.16681351,649,Statutory Notices issued on prescribed inspection/repair for buildings,就樓宇訂明檢驗／訂明修葺所發出的法定通知,514843,HAVEN COURT 2/30 HAVEN ST,514843,HAVEN COURT 2/30 HAVEN ST,TOW,TOW,1,1,815465.9,837288.6,22.27805711,114.18677757,2025/07/30 11:44:47+00
12708635.8546255,2565573.63700031,650,Statutory Notices issued on prescribed inspection/repair for buildings,就樓宇訂明檢驗／訂明修葺所發出的法定通知,1595797,HEY TAI BUILDING 15/19 PAK SHING ST TAI PO,1595797,HEY TAI BUILDING 15/19 PAK SHING ST TAI PO,TOW,TOW,1,1,834445.5,834903.5,22.44945291,114.16361859,2025/07/30 11:44:47+00
12710989.9424221,2543936.11405036,651,Statutory Notices issued on prescribed inspection/repair for buildings,就樓宇訂明檢驗／訂明修葺所發出的法定通知,1800209,HIAP TECK MANSION 2/8 SING WOO RD,1800209,HIAP TECK MANSION 2/8 SING WOO RD,TOW,TOW,8,8,814539.8,837081.3,22.26969367,114.18476493,2025/07/30 11:44:47+00
12713030.2140256,2546423.61572464,652,Statutory Notices issued on prescribed inspection/repair for buildings,就樓宇訂明檢驗／訂明修葺所發出的法定通知,1004496,HIGH LIFE MANSION 12/26 KAI YUEN ST,1004496,HIGH LIFE MANSION 12/26 KAI YUEN ST,TOW,TOW,2,2,816829.7,838969.9,22.29037048,114.20309325,2025/07/30 11:44:47+00
12710042.0304939,2552452.03496026,653,Statutory Notices issued on prescribed inspection/repair for buildings,就樓宇訂明檢驗／訂明修葺所發出的法定通知,1718506,HILLSEA COURT 10 CORNWALL ST,1718506,HILLSEA COURT 10 CORNWALL ST,TOW,TOW,29,29,822377.1,836203.7,22.34046897,114.17625051,2025/07/30 11:44:47+00
12709967.4831306,2550533.9493383,654,Statutory Notices issued on prescribed inspection/repair for buildings,就樓宇訂明檢驗／訂明修葺所發出的法定通知,1379308,HILLVIEW APARTMENTS 46A/48B KADOORIE AVE,1379308,HILLVIEW APARTMENTS 46A/48B KADOORIE AVE,TOW,TOW,1,1,820612.2,836134.7,22.3245311,114.1755808,2025/07/30 11:44:47+00
12709213.6401664,2548035.81504125,655,Statutory Notices issued on prescribed inspection/repair for buildings,就樓宇訂明檢驗／訂明修葺所發出的法定通知,131086,HILMANWAY MANSION 24/30 KWUN CHUNG ST,131086,HILMANWAY MANSION 24/30 KWUN CHUNG ST,TOW,TOW,1,1,818313.3,835436.9,22.30377103,114.16880899,2025/07/30 11:44:47+00
12711128.7183709,2549056.56714558,656,Statutory Notices issued on prescribed inspection/repair for buildings,就樓宇訂明檢驗／訂明修葺所發出的法定通知,99879,HING CHEUNG BUILDING 413/421 CHATHAM RD N,99879,HING CHEUNG BUILDING 413/421 CHATHAM RD N,TOW,TOW,1,1,819252.7,837209.5,22.31225361,114.186012,2025/07/30 11:44:47+00
12712481.5242447,2553085.18901371,657,Statutory Notices issued on prescribed inspection/repair for buildings,就樓宇訂明檢驗／訂明修葺所發出的法定通知,1039163,HING FOOK BUILDING 52/56 NGAN FUNG ST,1039163,HING FOOK BUILDING 52/56 NGAN FUNG ST,TOW,TOW,1,1,822959.8,838461.1,22.34573017,114.19816446,2025/07/30 11:44:47+00
12708543.1327586,2550872.07177154,658,Statutory Notices issued on prescribed inspection/repair for buildings,就樓宇訂明檢驗／訂明修葺所發出的法定通知,283756,HING GA BUILDING 1G/1H SHEK KIP MEI ST,283756,HING GA BUILDING 1G/1H SHEK KIP MEI ST,TOW,TOW,1,1,820923.4,834816.5,22.32734106,114.16278551,2025/07/30 11:44:47+00
12710851.6761825,2548479.58548319,659,Statutory Notices issued on prescribed inspection/repair for buildings,就樓宇訂明檢驗／訂明修葺所發出的法定通知,1752214,HING LEE BUILDING 1M/1P BAKER ST,1752214,HING LEE BUILDING 1M/1P BAKER ST,TOW,TOW,13,13,818721.7,836953.1,22.30745915,114.18352318,2025/07/30 11:44:47+00
12708199.0610142,2551161.55020156,660,Statutory Notices issued on prescribed inspection/repair for buildings,就樓宇訂明檢驗／訂明修葺所發出的法定通知,1135356,HING ON HOUSE 359/361A TAI NAN ST,1135356,HING ON HOUSE 359/361A TAI NAN ST,TOW,TOW,3,3,821189.8,834498.1,22.32974645,114.15969412,2025/07/30 11:44:47+00
12708732.9394994,2551381.34985306,661,Statutory Notices issued on prescribed inspection/repair for buildings,就樓宇訂明檢驗／訂明修葺所發出的法定通知,190683,HING SHING BUILDING 8/10 UN CHAU ST,190683,HING SHING BUILDING 8/10 UN CHAU ST,TOW,TOW,1,1,821392,834992.2,22.33157267,114.16449059,2025/07/30 11:44:47+00
12706286.4511474,2545641.08370933,662,Statutory Notices issued on prescribed inspection/repair for buildings,就樓宇訂明檢驗／訂明修葺所發出的法定通知,408745,HING WAH MANSION BLK A 2/4 OAKLANDS PATH,408745,HING WAH MANSION BLK A 2/4 OAKLANDS PATH,TOW,TOW,1,1,816109.6,832726.9,22.28386669,114.14251294,2025/07/30 11:44:47+00
12713681.8546727,2551717.27901221,663,Statutory Notices issued on prescribed inspection/repair for buildings,就樓宇訂明檢驗／訂明修葺所發出的法定通知,1371984,HING YIP BUILDING 19 CLEAR WATER BAY RD,1371984,HING YIP BUILDING 19 CLEAR WATER BAY RD,TOW,TOW,1,1,821701.4,839572.1,22.33436398,114.20894691,2025/07/30 11:44:47+00
12706383.9207301,2545966.38391326,664,Statutory Notices issued on prescribed inspection/repair for buildings,就樓宇訂明檢驗／訂明修葺所發出的法定通知,370310,HING YIP BUILDING 5/23 FIRST ST,370310,HING YIP BUILDING 5/23 FIRST ST,TOW,TOW,7,7,816409,832817.2,22.28657066,114.1433893,2025/07/30 11:44:47+00
12708736.2872947,2551405.15080756,665,Statutory Notices issued on prescribed inspection/repair for buildings,就樓宇訂明檢驗／訂明修葺所發出的法定通知,300325,HIP FOOK BUILDING 63/71 TAI PO RD,300325,HIP FOOK BUILDING 63/71 TAI PO RD,POD,POD,1,1,821413.9,834995.3,22.33177069,114.16452092,2025/07/30 11:44:47+00
12708732.5051534,2551407.43275521,666,Statutory Notices issued on prescribed inspection/repair for buildings,就樓宇訂明檢驗／訂明修葺所發出的法定通知,300435,HIP FOOK BUILDING 63/71 TAI PO RD,300435,HIP FOOK BUILDING 63/71 TAI PO RD,TOW,TOW,1,1,821416,834991.8,22.33178981,114.1644868,2025/07/30 11:44:47+00
12709600.496751,2544903.6294267,667,Statutory Notices issued on prescribed inspection/repair for buildings,就樓宇訂明檢驗／訂明修葺所發出的法定通知,837381,HIP SANG BUILDING 107/115 HENNESSY RD,837381,HIP SANG BUILDING 107/115 HENNESSY RD,TOW,TOW,2,2,815430.4,835794.9,22.27773643,114.17228418,2025/07/30 11:44:47+00
12716120.9858922,2549732.17968774,668,Statutory Notices issued on prescribed inspection/repair for buildings,就樓宇訂明檢驗／訂明修葺所發出的法定通知,1932005,HIU KWONG COURT 32 HIU KWONG ST,1932005,HIU KWONG COURT 32 HIU KWONG ST,TOW,TOW,276,276,819875.4,841830,22.31786821,114.23085804,2025/07/30 11:44:47+00
12716099.1530663,2549710.45388992,669,Statutory Notices issued on prescribed inspection/repair for buildings,就樓宇訂明檢驗／訂明修葺所發出的法定通知,1931728,HIU MING COURT 30 HIU KWONG ST,1931728,HIU MING COURT 30 HIU KWONG ST,TOW,TOW,278,278,819855.4,841809.8,22.31768794,114.23066242,2025/07/30 11:44:47+00
12706410.1711531,2571563.18928244,670,Statutory Notices issued on prescribed inspection/repair for buildings,就樓宇訂明檢驗／訂明修葺所發出的法定通知,5319986,HO KING BUILDING 10/12 LUEN CHEONG ST FANLING,5319986,HO KING BUILDING 10/12 LUEN CHEONG ST FANLING,TOW,TOW,2,2,839951.5,832846.7,22.49917159,114.14362465,2025/07/30 11:44:47+00
12687561.558269,2559344.48232161,671,Statutory Notices issued on prescribed inspection/repair for buildings,就樓宇訂明檢驗／訂明修葺所發出的法定通知,761581,HO KING BUILDING 18/24 MING NGAI ST TUEN MUN,761581,HO KING BUILDING 18/24 MING NGAI ST TUEN MUN,TOW,TOW,1,1,828731.5,815409,22.39772617,113.97430496,2025/07/30 11:44:47+00
12706410.1711531,2571563.18928244,672,Statutory Notices issued on prescribed inspection/repair for buildings,就樓宇訂明檢驗／訂明修葺所發出的法定通知,1566766,HO KING BUILDING 6/8 LUEN CHEONG ST FANLING,1566766,HO KING BUILDING 6/8 LUEN CHEONG ST FANLING,TOW,TOW,2,2,839951.5,832846.7,22.49917159,114.14362465,2025/07/30 11:44:47+00
12715679.6651521,2549537.05697027,673,Statutory Notices issued on prescribed inspection/repair for buildings,就樓宇訂明檢驗／訂明修葺所發出的法定通知,1293136,HO KING BUILDING 71 YUET WAH ST,1293136,HO KING BUILDING 71 YUET WAH ST,TOW,TOW,73,73,819695.7,841421.6,22.31624689,114.22689416,2025/07/30 11:44:47+00
12709869.0944438,2547321.86333157,674,Statutory Notices issued on prescribed inspection/repair for buildings,就樓宇訂明檢驗／訂明修葺所發出的法定通知,152962,HODY COMMERCIAL BUILDING 6 HART AVE,152962,HODY COMMERCIAL BUILDING 6 HART AVE,TOW,TOW,1,1,817656.2,836043.6,22.29783648,114.17469654,2025/07/30 11:44:47+00
12708312.3052937,2550113.07514211,675,Statutory Notices issued on prescribed inspection/repair for buildings,就樓宇訂明檢驗／訂明修葺所發出的法定通知,5271954,HOI KWOK BUILDING 44/48 LI TAK ST,5271954,HOI KWOK BUILDING 44/48 LI TAK ST,TOW,TOW,7,7,820225,834602.8,22.3210334,114.16071185,2025/07/30 11:44:47+00
12708291.5601537,2550113.07289982,676,Statutory Notices issued on prescribed inspection/repair for buildings,就樓宇訂明檢驗／訂明修葺所發出的法定通知,49505,HOI KWOK BUILDING 50/54 LI TAK ST,49505,HOI KWOK BUILDING 50/54 LI TAK ST,TOW,TOW,2,2,820225,834583.6,22.32103388,114.16052573,2025/07/30 11:44:47+00
12704982.6184902,2545427.2542398,677,Statutory Notices issued on prescribed inspection/repair for buildings,就樓宇訂明檢驗／訂明修葺所發出的法定通知,382598,HOI LEE BUILDING 29/31 SANDS ST,382598,HOI LEE BUILDING 29/31 SANDS ST,TOW,TOW,1,1,815913.1,831519.8,22.28208895,114.13080053,2025/07/30 11:44:47+00
12702859.6539724,2556471.97516922,678,Statutory Notices issued on prescribed inspection/repair for buildings,就樓宇訂明檢驗／訂明修葺所發出的法定通知,1277603,HOI PA BUILDING 2/14 HOI PA ST TSUEN WAN,1277603,HOI PA BUILDING 2/14 HOI PA ST TSUEN WAN,TOW,TOW,1,1,826076.8,829558.8,22.37386656,114.11172993,2025/07/30 11:44:47+00
12707543.3913884,2545436.64264567,679,Statutory Notices issued on prescribed inspection/repair for buildings,就樓宇訂明檢驗／訂明修葺所發出的法定通知,308077,HOLLYWOOD HOUSE 27/29 HOLLYWOOD RD,308077,HOLLYWOOD HOUSE 27/29 HOLLYWOOD RD,TOW,TOW,5,5,815921.2,833890.5,22.28216665,114.15380483,2025/07/30 11:44:47+00
12705227.7754695,2545951.09364198,680,Statutory Notices issued on prescribed inspection/repair for buildings,就樓宇訂明檢驗／訂明修葺所發出的法定通知,1782855,HON BONG BUILDING 598/600 QUEEN'S RD W,1782855,HON BONG BUILDING 598/600 QUEEN'S RD W,TOW,TOW,1,1,816395.2,831746.9,22.28644317,114.13300335,2025/07/30 11:44:47+00
12712994.4277806,2553198.03703724,681,Statutory Notices issued on prescribed inspection/repair for buildings,就樓宇訂明檢驗／訂明修葺所發出的法定通知,1067799,HON SHING BUILDING 8 PO KING LANE,1067799,HON SHING BUILDING 8 PO KING LANE,TOW,TOW,2,2,823063.7,838935.7,22.34666804,114.20277204,2025/07/30 11:44:47+00
12687660.0581429,2559333.19891981,682,Statutory Notices issued on prescribed inspection/repair for buildings,就樓宇訂明檢驗／訂明修葺所發出的法定通知,1662571,HONELEY COURT 94/110 TUEN MUN HEUNG SZE WUI RD TUEN MUN,1662571,HONELEY COURT 94/110 TUEN MUN HEUNG SZE WUI RD TUEN MUN,TOW,TOW,1,1,828721,815500.1,22.39763246,113.97518914,2025/07/30 11:44:47+00
12709777.3182976,2544795.21379485,683,Statutory Notices issued on prescribed inspection/repair for buildings,就樓宇訂明檢驗／訂明修葺所發出的法定通知,2311596,HONG CHIANG BUILDING 141/147 JOHNSTON RD,2311596,HONG CHIANG BUILDING 141/147 JOHNSTON RD,TOW,TOW,1,1,815330.6,835958.6,22.27683514,114.17387181,2025/07/30 11:44:47+00
12709489.0095663,2548312.14587595,684,Statutory Notices issued on prescribed inspection/repair for buildings,就樓宇訂明檢驗／訂明修葺所發出的法定通知,118981,HONG KIU MANSION 311/313 NATHAN RD,118981,HONG KIU MANSION 311/313 NATHAN RD,TOW,TOW,2,2,818567.6,835691.8,22.30606717,114.17128273,2025/07/30 11:44:47+00
12708713.2271171,2550632.35018006,685,Statutory Notices issued on prescribed inspection/repair for buildings,就樓宇訂明檢驗／訂明修葺所發出的法定通知,171025,HONG MEI BUILDING 135/137 LAI CHI KOK RD,171025,HONG MEI BUILDING 135/137 LAI CHI KOK RD,TOW,TOW,14,14,820702.8,834973.9,22.32534908,114.1643137,2025/07/30 11:44:47+00
12715228.0703575,2549631.74218767,686,Statutory Notices issued on prescribed inspection/repair for buildings,就樓宇訂明檢驗／訂明修葺所發出的法定通知,913927,HONG NING BUILDING 105/119 HONG NING RD,913927,HONG NING BUILDING 105/119 HONG NING RD,TOW,TOW,1,1,819782.7,841003.6,22.31703413,114.22283718,2025/07/30 11:44:47+00
12711649.3357026,2551077.14577126,687,Statutory Notices issued on prescribed inspection/repair for buildings,就樓宇訂明檢驗／訂明修葺所發出的法定通知,1185409,HONG NING BUILDING 56/58 NGA TSIN WAI RD,1185409,HONG NING BUILDING 56/58 NGA TSIN WAI RD,TOW,TOW,1,1,821112.1,837691.2,22.32904474,114.19068896,2025/07/30 11:44:47+00
12715265.7433051,2549518.49924935,688,Statutory Notices issued on prescribed inspection/repair for buildings,就樓宇訂明檢驗／訂明修葺所發出的法定通知,866171,HONG NING BUILDING 79/89 HONG NING RD,866171,HONG NING BUILDING 79/89 HONG NING RD,TOW,TOW,1,1,819678.5,841038.5,22.31609235,114.22317587,2025/07/30 11:44:47+00
12693188.811619,2564835.04115927,689,Statutory Notices issued on prescribed inspection/repair for buildings,就樓宇訂明檢驗／訂明修葺所發出的法定通知,1083161,HONG SHING BUILDING 6 FUNG LOK LANE YUEN LONG YUEN LONG,1083161,HONG SHING BUILDING 6 FUNG LOK LANE YUEN LONG YUEN LONG,TOW,TOW,1,1,833774.3,820619.4,22.44331996,114.0248552,2025/07/30 11:44:47+00
12715317.7119908,2549517.28777709,690,Statutory Notices issued on prescribed inspection/repair for buildings,就樓宇訂明檢驗／訂明修葺所發出的法定通知,896538,HONG YUE BUILDING 1/5 SHUNG YAN ST,896538,HONG YUE BUILDING 1/5 SHUNG YAN ST,TOW,TOW,1,1,819677.4,841086.6,22.31608302,114.22364244,2025/07/30 11:44:47+00
12709466.5280645,2548576.080528,691,Statutory Notices issued on prescribed inspection/repair for buildings,就樓宇訂明檢驗／訂明修葺所發出的法定通知,143030,HONOUR HOUSE 24 KANSU ST,143030,HONOUR HOUSE 24 KANSU ST,TOW,TOW,92,92,818810.5,835671,22.30826075,114.17108066,2025/07/30 11:44:47+00
12707395.9663156,2545991.56681953,692,Statutory Notices issued on prescribed inspection/repair for buildings,就樓宇訂明檢驗／訂明修葺所發出的法定通知,298106,HONWELL COMMERCIAL CENTRE 119/120 CONNAUGHT RD C,298106,HONWELL COMMERCIAL CENTRE 119/120 CONNAUGHT RD C,TOW,TOW,3,3,816432,833754.1,22.28677968,114.15248003,2025/07/30 11:44:47+00
12717809.6413621,2543606.40890548,693,Statutory Notices issued on prescribed inspection/repair for buildings,就樓宇訂明檢驗／訂明修葺所發出的法定通知,829720,HOP MING FACTORY BUILDING 6/10 ON YIP ST,829720,HOP MING FACTORY BUILDING 6/10 ON YIP ST,TOW,TOW,1,1,814237.9,843395.5,22.26695271,114.24602751,2025/07/30 11:44:47+00
12707569.2543901,2540799.60581535,694,Statutory Notices issued on prescribed inspection/repair for buildings,就樓宇訂明檢驗／訂明修葺所發出的法定通知,1145310,HOP SZE BUILDING 132 MAIN ST AP LEI CHAU,1145310,HOP SZE BUILDING 132 MAIN ST AP LEI CHAU,TOW,TOW,5,5,811652.4,833913.8,22.24361689,114.15403695,2025/07/30 11:44:47+00
12715137.1838446,2548835.25430926,695,Statutory Notices issued on prescribed inspection/repair for buildings,就樓宇訂明檢驗／訂明修葺所發出的法定通知,682400,HOUSE OF CORONA 50 HUNG TO RD,682400,HOUSE OF CORONA 50 HUNG TO RD,TOW,TOW,1,1,819049.7,840919.7,22.31041423,114.22202029,2025/07/30 11:44:47+00
12709481.4838234,2547317.2899064,696,Statutory Notices issued on prescribed inspection/repair for buildings,就樓宇訂明檢驗／訂明修葺所發出的法定通知,125996,HOWARD BUILDING 42/44 HANKOW RD,125996,HOWARD BUILDING 42/44 HANKOW RD,TOW,TOW,3,3,817652,835684.8,22.29779879,114.17121422,2025/07/30 11:44:47+00
12708490.9419742,2550887.1727141,697,Statutory Notices issued on prescribed inspection/repair for buildings,就樓宇訂明檢驗／訂明修葺所發出的法定通知,186824,HUACHIAO BUILDING 260/262 LAI CHI KOK RD,186824,HUACHIAO BUILDING 260/262 LAI CHI KOK RD,TOW,TOW,1,1,820937.3,834768.2,22.32746687,114.16231609,2025/07/30 11:44:47+00
12686979.4858221,2559522.43510035,698,Statutory Notices issued on prescribed inspection/repair for buildings,就樓宇訂明檢驗／訂明修葺所發出的法定通知,1167922,HUNG CHEUNG INDUSTRIAL CENTRE (PHASE II) 10 TSING YEUNG CIRCUIT TUEN MUN,1167922,HUNG CHEUNG INDUSTRIAL CENTRE (PHASE II) 10 TSING YEUNG CIRCUIT TUEN MUN,TOW,TOW,1,1,828895.9,814870.8,22.39920456,113.96907545,2025/07/30 11:44:47+00
12709073.8585794,2565422.59001573,699,Statutory Notices issued on prescribed inspection/repair for buildings,就樓宇訂明檢驗／訂明修葺所發出的法定通知,1908748,HUNG FAT BUILDING 94/100 KWONG FUK RD TAI PO,1908748,HUNG FAT BUILDING 94/100 KWONG FUK RD TAI PO,TOW,TOW,1,1,834306.6,835308.5,22.44819823,114.16755294,2025/07/30 11:44:47+00
12693523.3324109,2565125.02061423,700,Statutory Notices issued on prescribed inspection/repair for buildings,就樓宇訂明檢驗／訂明修葺所發出的法定通知,1690717,HUNG FOOK BUILDING 38/42 FOOK TAK ST YUEN LONG,1690717,HUNG FOOK BUILDING 38/42 FOOK TAK ST YUEN LONG,TOW,TOW,1,1,834040.6,820929,22.44572801,114.02786065,2025/07/30 11:44:47+00
12711095.0688955,2548222.91897913,701,Statutory Notices issued on prescribed inspection/repair for buildings,就樓宇訂明檢驗／訂明修葺所發出的法定通知,2301692,HUNG HOM BAY CENTRE HAVELOCK HOUSE BLK H 106 BAKER ST,2301692,HUNG HOM BAY CENTRE HAVELOCK HOUSE BLK H 106 BAKER ST,TOW,TOW,1,1,818485.5,837178.4,22.30532565,114.18570962,2025/07/30 11:44:47+00
12711071.8421708,2548238.89317982,702,Statutory Notices issued on prescribed inspection/repair for buildings,就樓宇訂明檢驗／訂明修葺所發出的法定通知,2301650,HUNG HOM BAY CENTRE HIGHBURGH HOUSE BLK G 104 BAKER ST,2301650,HUNG HOM BAY CENTRE HIGHBURGH HOUSE BLK G 104 BAKER ST,TOW,TOW,1,1,818500.2,837156.9,22.30545843,114.18550087,2025/07/30 11:44:47+00
12711024.9564227,2548270.40691673,703,Statutory Notices issued on prescribed inspection/repair for buildings,就樓宇訂明檢驗／訂明修葺所發出的法定通知,2301137,HUNG HOM BAY CENTRE HUNG HONG COURT BLK A 92 BAKER ST,2301137,HUNG HOM BAY CENTRE HUNG HONG COURT BLK A 92 BAKER ST,TOW,TOW,1,1,818529.2,837113.5,22.30572039,114.18508006,2025/07/30 11:44:47+00
12711118.4036182,2548207.05341318,704,Statutory Notices issued on prescribed inspection/repair for buildings,就樓宇訂明檢驗／訂明修葺所發出的法定通知,2301734,HUNG HOM BAY CENTRE WHAMPOA HOUSE BLK J 108 BAKER ST,2301734,HUNG HOM BAY CENTRE WHAMPOA HOUSE BLK J 108 BAKER ST,TOW,TOW,2,2,818470.9,837200,22.30519396,114.18591919,2025/07/30 11:44:47+00
12709483.2602096,2548947.81443605,705,Statutory Notices issued on prescribed inspection/repair for buildings,就樓宇訂明檢驗／訂明修葺所發出的法定通知,155938,HUNG HSING BUILDING 482/484 NATHAN RD,155938,HUNG HSING BUILDING 482/484 NATHAN RD,TOW,TOW,1,1,819152.6,835686.5,22.31135007,114.17123097,2025/07/30 11:44:47+00
12709445.7174659,2550297.79109262,706,Statutory Notices issued on prescribed inspection/repair for buildings,就樓宇訂明檢驗／訂明修葺所發出的法定通知,30397,HUNG TAK BUILDING 75/77 BUTE ST,30397,HUNG TAK BUILDING 75/77 BUTE ST,TOW,TOW,31,31,820394.9,835651.8,22.32256914,114.17089309,2025/07/30 11:44:47+00
12710345.3662999,2545102.33480266,707,Statutory Notices issued on prescribed inspection/repair for buildings,就樓宇訂明檢驗／訂明修葺所發出的法定通知,1523050,HUNG TO COMMERCIAL BUILDING 357/359 LOCKHART RD,1523050,HUNG TO COMMERCIAL BUILDING 357/359 LOCKHART RD,TOW,TOW,1,1,815613.3,836484.5,22.27938845,114.17897515,2025/07/30 11:44:47+00
12711147.5774854,2548276.91926958,708,Statutory Notices issued on prescribed inspection/repair for buildings,就樓宇訂明檢驗／訂明修葺所發出的法定通知,1679536,HUNG WEN COURT UNITED BUILDING BLK D 7 WU KWONG ST,1679536,HUNG WEN COURT UNITED BUILDING BLK D 7 WU KWONG ST,TOW,TOW,6,6,818535.2,837227,22.30577408,114.1861817,2025/07/30 11:44:47+00
12708249.5593683,2551807.54672619,709,Statutory Notices issued on prescribed inspection/repair for buildings,就樓宇訂明檢驗／訂明修葺所發出的法定通知,733144,HUNG YU MANSION 155/181 CASTLE PEAK RD,733144,HUNG YU MANSION 155/181 CASTLE PEAK RD,TOW,TOW,1,1,821784.2,834544.9,22.33511382,114.16014832,2025/07/30 11:44:47+00
12703300.0265209,2556152.77038873,710,Statutory Notices issued on prescribed inspection/repair for buildings,就樓宇訂明檢驗／訂明修葺所發出的法定通知,2218001,IAU KEUNG BUILDING 38/46 HAU TEI SQUARE TSUEN WAN,2218001,IAU KEUNG BUILDING 38/46 HAU TEI SQUARE TSUEN WAN,TOW,TOW,2,2,825783,829966.1,22.37121468,114.11568554,2025/07/30 11:44:47+00
12703280.4686375,2556138.63020019,711,Statutory Notices issued on prescribed inspection/repair for buildings,就樓宇訂明檢驗／訂明修葺所發出的法定通知,2217933,IAU KIN BUILDING 48/68 HAU TEI SQUARE TSUEN WAN,2217933,IAU KIN BUILDING 48/68 HAU TEI SQUARE TSUEN WAN,TOW,TOW,1,1,825770,829948,22.37109778,114.11551004,2025/07/30 11:44:47+00
12707384.5169985,2545314.39681332,712,Statutory Notices issued on prescribed inspection/repair for buildings,就樓宇訂明檢驗／訂明修葺所發出的法定通知,419082,ICHANG HOUSE 61 CAINE RD,419082,ICHANG HOUSE 61 CAINE RD,TOW,TOW,1,1,815808.7,833743.4,22.2811505,114.15237739,2025/07/30 11:44:47+00
12709230.5281022,2547368.45427171,713,Statutory Notices issued on prescribed inspection/repair for buildings,就樓宇訂明檢驗／訂明修葺所發出的法定通知,89403,IMPERIAL BUILDING 54/66 CANTON RD,89403,IMPERIAL BUILDING 54/66 CANTON RD,TOW,TOW,3,3,817699.1,835452.5,22.29822386,114.1689604,2025/07/30 11:44:47+00
12710041.7157614,2549994.28603215,714,Statutory Notices issued on prescribed inspection/repair for buildings,就樓宇訂明檢驗／訂明修葺所發出的法定通知,2109221,IMPERIAL COURT 79 WATERLOO RD,2109221,IMPERIAL COURT 79 WATERLOO RD,TOW,TOW,1,1,820115.6,836203.4,22.32004696,114.17624754,2025/07/30 11:44:47+00
12710707.4899613,2552735.80483918,715,Statutory Notices issued on prescribed inspection/repair for buildings,就樓宇訂明檢驗／訂明修葺所發出的法定通知,973021,JADE COURT 36 BROADCAST DRIVE,973021,JADE COURT 36 BROADCAST DRIVE,TOW,TOW,1,1,822638.2,836819.5,22.34282733,114.18222775,2025/07/30 11:44:47+00
12709212.0939985,2550712.80336142,716,Statutory Notices issued on prescribed inspection/repair for buildings,就樓宇訂明檢驗／訂明修葺所發出的法定通知,281472,JEAN HOUSE 316/318 SAI YEUNG CHOI ST N,281472,JEAN HOUSE 316/318 SAI YEUNG CHOI ST N,TOW,TOW,19,19,820776.8,835435.6,22.32601734,114.16879467,2025/07/30 11:44:47+00
12707320.9402582,2545039.63733093,717,Statutory Notices issued on prescribed inspection/repair for buildings,就樓宇訂明檢驗／訂明修葺所發出的法定通知,407783,JING TAI GARDEN MANSION 27 ROBINSON RD,407783,JING TAI GARDEN MANSION 27 ROBINSON RD,TOW,TOW,81,81,815555.8,833684.5,22.27886707,114.15180591,2025/07/30 11:44:47+00
12709396.6792954,2544770.97595104,718,Statutory Notices issued on prescribed inspection/repair for buildings,就樓宇訂明檢驗／訂明修葺所發出的法定通知,633442,JOHNSTON COURT 28/34 JOHNSTON RD,633442,JOHNSTON COURT 28/34 JOHNSTON RD,POD,POD,1,1,815308.3,835606.2,22.2766335,114.17045247,2025/07/30 11:44:47+00
12714893.3884968,2549010.38232194,719,Statutory Notices issued on prescribed inspection/repair for buildings,就樓宇訂明檢驗／訂明修葺所發出的法定通知,1216980,JONE MULT INDUSTRIAL BUILDING BLK A 169 WAI YIP ST,1216980,JONE MULT INDUSTRIAL BUILDING BLK A 169 WAI YIP ST,TOW,TOW,1,1,819210.8,840694,22.31187025,114.219831,2025/07/30 11:44:47+00
12709213.303069,2548281.70883188,720,Statutory Notices issued on prescribed inspection/repair for buildings,就樓宇訂明檢驗／訂明修葺所發出的法定通知,1572876,JORDAN MANSION 37Q/37T JORDAN RD,1572876,JORDAN MANSION 37Q/37T JORDAN RD,TOW,TOW,18,18,818539.6,835436.6,22.30581449,114.16880584,2025/07/30 11:44:47+00
12708908.9242751,2550393.71879875,721,Statutory Notices issued on prescribed inspection/repair for buildings,就樓宇訂明檢驗／訂明修葺所發出的法定通知,1052134,KA FUNG MANSION 109/111 PRINCE EDWARD RD W,1052134,KA FUNG MANSION 109/111 PRINCE EDWARD RD W,TOW,TOW,1,1,820483.2,835155,22.32336642,114.16607162,2025/07/30 11:44:47+00
12714335.577226,2550744.67670387,722,Statutory Notices issued on prescribed inspection/repair for buildings,就樓宇訂明檢驗／訂明修葺所發出的法定通知,1032893,KA LAI BUILDING JADE FIELD GARDEN 15/19 NGAU TAU KOK RD,1032893,KA LAI BUILDING JADE FIELD GARDEN 15/19 NGAU TAU KOK RD,TOW,TOW,2,2,820806.6,840177.3,22.32628232,114.21481989,2025/07/30 11:44:47+00
12704777.9066515,2545485.74784555,723,Statutory Notices issued on prescribed inspection/repair for buildings,就樓宇訂明檢驗／訂明修葺所發出的法定通知,322627,KA MING BUILDING 56 BELCHER'S ST,322627,KA MING BUILDING 56 BELCHER'S ST,POD,POD,1,1,815967,831330.3,22.28257512,114.12896214,2025/07/30 11:44:47+00
12711229.2055613,2550820.59510188,724,Statutory Notices issued on prescribed inspection/repair for buildings,就樓宇訂明檢驗／訂明修葺所發出的法定通知,1057833,KA WAH COURT 353/355 PRINCE EDWARD RD W,1057833,KA WAH COURT 353/355 PRINCE EDWARD RD W,TOW,TOW,28,28,820876,837302.4,22.32691323,114.18691482,2025/07/30 11:44:47+00
12714322.2791704,2550713.81646318,725,Statutory Notices issued on prescribed inspection/repair for buildings,就樓宇訂明檢驗／訂明修葺所發出的法定通知,1033127,KA YAN BUILDING JADE FIELD GARDEN 15/19 NGAU TAU KOK RD,1033127,KA YAN BUILDING JADE FIELD GARDEN 15/19 NGAU TAU KOK RD,TOW,TOW,1,1,820778.2,840165,22.32602582,114.21470031,2025/07/30 11:44:47+00
12714368.7490758,2550744.66826713,726,Statutory Notices issued on prescribed inspection/repair for buildings,就樓宇訂明檢驗／訂明修葺所發出的法定通知,1033618,KA YIN BUILDING JADE FIELD GARDEN 15/19 NGAU TAU KOK RD,1033618,KA YIN BUILDING JADE FIELD GARDEN 15/19 NGAU TAU KOK RD,TOW,TOW,1,1,820806.6,840208,22.32628225,114.21511806,2025/07/30 11:44:47+00
12712097.6286068,2551805.03162798,727,Statutory Notices issued on prescribed inspection/repair for buildings,就樓宇訂明檢驗／訂明修葺所發出的法定通知,1700293,KAI SAN MANSION 31/49 YIN HING ST,1700293,KAI SAN MANSION 31/49 YIN HING ST,TOW,TOW,1,1,821781.9,838106,22.33509371,114.19471593,2025/07/30 11:44:47+00
12712472.5876929,2551778.79045154,728,Statutory Notices issued on prescribed inspection/repair for buildings,就樓宇訂明檢驗／訂明修葺所發出的法定通知,1158600,KAI TAK FACTORY BUILDING STAGE 2 39/41 TSEUK LUK ST,1158600,KAI TAK FACTORY BUILDING STAGE 2 39/41 TSEUK LUK ST,TOW,TOW,1,1,821757.8,838453,22.33487507,114.1980847,2025/07/30 11:44:47+00
12709074.0573195,2549844.83363298,729,Statutory Notices issued on prescribed inspection/repair for buildings,就樓宇訂明檢驗／訂明修葺所發出的法定通知,271322,KAI YUE COMMERCIAL BUILDING 2C ARGYLE ST,271322,KAI YUE COMMERCIAL BUILDING 2C ARGYLE ST,TOW,TOW,1,1,819978.1,835307.8,22.31880466,114.16755515,2025/07/30 11:44:47+00
12711892.9997544,2544971.00576669,730,Statutory Notices issued on prescribed inspection/repair for buildings,就樓宇訂明檢驗／訂明修葺所發出的法定通知,755663,KAM CHUNG HOUSE 26/28 WUN SHA ST,755663,KAM CHUNG HOUSE 26/28 WUN SHA ST,TOW,TOW,11,11,815492.5,837917.3,22.27829653,114.19287732,2025/07/30 11:44:47+00
12709334.9138755,2549105.47948815,731,Statutory Notices issued on prescribed inspection/repair for buildings,就樓宇訂明檢驗／訂明修葺所發出的法定通知,1128346,KAM FAI BUILDING 19 YUNNAN LANE,1128346,KAM FAI BUILDING 19 YUNNAN LANE,TOW,TOW,1,1,819297.7,835549.2,22.31266044,114.1698977,2025/07/30 11:44:47+00
12708370.6356294,2551313.60932449,732,Statutory Notices issued on prescribed inspection/repair for buildings,就樓宇訂明檢驗／訂明修葺所發出的法定通知,271860,KAM FAI BUILDING 240/242 APLIU ST,271860,KAM FAI BUILDING 240/242 APLIU ST,TOW,TOW,1,1,821329.7,834656.9,22.3310099,114.16123624,2025/07/30 11:44:47+00
12709336.5344731,2549105.91422036,733,Statutory Notices issued on prescribed inspection/repair for buildings,就樓宇訂明檢驗／訂明修葺所發出的法定通知,1128305,KAM FAI BUILDING 33A/33B PORTLAND ST,1128305,KAM FAI BUILDING 33A/33B PORTLAND ST,POD,POD,1,1,819298.1,835550.7,22.31266369,114.16991248,2025/07/30 11:44:47+00
12711390.8780637,2551169.10855562,734,Statutory Notices issued on prescribed inspection/repair for buildings,就樓宇訂明檢驗／訂明修葺所發出的法定通知,982838,KAM FU BUILDING 66/68 LION ROCK RD,982838,KAM FU BUILDING 66/68 LION ROCK RD,TOW,TOW,1,1,821196.7,837452,22.32980906,114.18836681,2025/07/30 11:44:47+00
12714002.9412398,2545828.69233291,735,Statutory Notices issued on prescribed inspection/repair for buildings,就樓宇訂明檢驗／訂明修葺所發出的法定通知,836537,TAK LEE BUILDING 993 KING'S RD,836537,TAK LEE BUILDING 993 KING'S RD,POD,POD,1,1,816282.3,839870.5,22.28542626,114.21183134,2025/07/30 11:44:47+00
12714002.9412398,2545828.69233291,736,Statutory Notices issued on prescribed inspection/repair for buildings,就樓宇訂明檢驗／訂明修葺所發出的法定通知,836718,TAK LEE BUILDING 993 KING'S RD,836718,TAK LEE BUILDING 993 KING'S RD,TOW,TOW,431,431,816282.3,839870.5,22.28542626,114.21183134,2025/07/30 11:44:47+00
12687051.2569399,2559531.34184125,737,Statutory Notices issued on prescribed inspection/repair for buildings,就樓宇訂明檢驗／訂明修葺所發出的法定通知,1167558,TAK LEE INDUSTRIAL CENTRE BLK B 8 TSING YEUNG CIRCUIT TUEN MUN,1167558,TAK LEE INDUSTRIAL CENTRE BLK B 8 TSING YEUNG CIRCUIT TUEN MUN,TOW,TOW,1,1,828904,814937.2,22.39927771,113.96972102,2025/07/30 11:44:47+00
12708993.452886,2549878.18988554,738,Statutory Notices issued on prescribed inspection/repair for buildings,就樓宇訂明檢驗／訂明修葺所發出的法定通知,285238,TAK LEE MANSION 1/5 ARGYLE ST,285238,TAK LEE MANSION 1/5 ARGYLE ST,TOW,TOW,1,1,820008.8,835233.2,22.31908146,114.16683022,2025/07/30 11:44:47+00
12714363.3288126,2549817.15574321,739,Statutory Notices issued on prescribed inspection/repair for buildings,就樓宇訂明檢驗／訂明修葺所發出的法定通知,1131658,TAK MING BUILDING 271/275 KWUN TONG RD,1131658,TAK MING BUILDING 271/275 KWUN TONG RD,TOW,TOW,1,1,819953.1,840203.2,22.31857437,114.21506924,2025/07/30 11:44:47+00
12708965.1731694,2565405.28872246,740,Statutory Notices issued on prescribed inspection/repair for buildings,就樓宇訂明檢驗／訂明修葺所發出的法定通知,1565839,TAK SHUN BUILDING 76/86 PO HEUNG ST TAI PO,1565839,TAK SHUN BUILDING 76/86 PO HEUNG ST TAI PO,TOW,TOW,1,1,834290.7,835208,22.44805496,114.1665767,2025/07/30 11:44:47+00
12710247.9763709,2549895.61348133,741,Statutory Notices issued on prescribed inspection/repair for buildings,就樓宇訂明檢驗／訂明修葺所發出的法定通知,1242560,TAK WAI MANSION(PHASE I) 18/20A MAN FUK RD,1242560,TAK WAI MANSION(PHASE I) 18/20A MAN FUK RD,TOW,TOW,1,1,820024.8,836394.3,22.31922682,114.17810004,2025/07/30 11:44:47+00
12711261.8884428,2548408.71573309,742,Statutory Notices issued on prescribed inspection/repair for buildings,就樓宇訂明檢驗／訂明修葺所發出的法定通知,1404242,TAK YUE MANSION 4/6 DOCK ST,1404242,TAK YUE MANSION 4/6 DOCK ST,TOW,TOW,1,1,818656.5,837332.8,22.30686952,114.18720836,2025/07/30 11:44:47+00
12709518.163718,2548760.0464659,743,Statutory Notices issued on prescribed inspection/repair for buildings,就樓宇訂明檢驗／訂明修葺所發出的法定通知,154527,TANG'S MANSION 438 NATHAN RD,154527,TANG'S MANSION 438 NATHAN RD,TOW,TOW,1,1,818979.8,835718.8,22.30979004,114.17154432,2025/07/30 11:44:47+00
12706584.8388181,2545971.85965548,744,Statutory Notices issued on prescribed inspection/repair for buildings,就樓宇訂明檢驗／訂明修葺所發出的法定通知,1989378,TEEN WO BUILDING 146/148 QUEEN'S RD W,1989378,TEEN WO BUILDING 146/148 QUEEN'S RD W,TOW,TOW,1,1,816414,833003.2,22.28661589,114.14519327,2025/07/30 11:44:47+00
12709486.3888315,2549071.58255521,745,Statutory Notices issued on prescribed inspection/repair for buildings,就樓宇訂明檢驗／訂明修葺所發出的法定通知,155408,TELEPHONE EXCHANGE 524A NATHAN RD,155408,TELEPHONE EXCHANGE 524A NATHAN RD,TOW,TOW,1,1,819266.5,835689.4,22.31237873,114.17125881,2025/07/30 11:44:47+00
12707444.0318653,2545330.05059775,746,Statutory Notices issued on prescribed inspection/repair for buildings,就樓宇訂明檢驗／訂明修葺所發出的法定通知,304775,THE HONG KONG SWATOW CHRISTIAN CHURCH 20 SHELLEY ST,304775,THE HONG KONG SWATOW CHRISTIAN CHURCH 20 SHELLEY ST,TOW,TOW,1,1,815823.1,833798.5,22.28128124,114.15291227,2025/07/30 11:44:47+00
12716531.5991515,2562600.92297408,747,Statutory Notices issued on prescribed inspection/repair for buildings,就樓宇訂明檢驗／訂明修葺所發出的法定通知,6074771,THE MET. BLOSSOM TOWER 2 9 MA KAM STREET,6074771,THE MET. BLOSSOM TOWER 2 9 MA KAM STREET,TOW,TOW,1,1,831713.3,842205.5,22.42477011,114.23454725,2025/07/30 11:44:47+00
12705485.6997449,2555930.55888578,748,Statutory Notices issued on prescribed inspection/repair for buildings,就樓宇訂明檢驗／訂明修葺所發出的法定通知,1672591,THE SALVATION ARMY KWAI CHUNG GIRL'S HOME - CHAPEL 1 LEI MUK RD KWAI CHUNG,1672591,THE SALVATION ARMY KWAI CHUNG GIRL'S HOME - CHAPEL 1 LEI MUK RD KWAI CHUNG,TOW,TOW,1,1,825577.9,831988.2,22.36936907,114.13531981,2025/07/30 11:44:47+00
12705476.3008736,2555914.14140942,749,Statutory Notices issued on prescribed inspection/repair for buildings,就樓宇訂明檢驗／訂明修葺所發出的法定通知,1672422,THE SALVATION ARMY KWAI CHUNG GIRL'S HOME - MAIN BUILDING 1 LEI MUK RD KWAI CHUNG,1672422,THE SALVATION ARMY KWAI CHUNG GIRL'S HOME - MAIN BUILDING 1 LEI MUK RD KWAI CHUNG,TOW,TOW,1,1,825562.8,831979.5,22.3692327,114.13523545,2025/07/30 11:44:47+00
12706700.9735981,2545911.91209,750,Statutory Notices issued on prescribed inspection/repair for buildings,就樓宇訂明檢驗／訂明修葺所發出的法定通知,688767,THE STANDARD CHARTERED BANK BUILDIN 102/106 QUEEN'S RD W,688767,THE STANDARD CHARTERED BANK BUILDIN 102/106 QUEEN'S RD W,TOW,TOW,1,1,816358.8,833110.7,22.28611799,114.14623684,2025/07/30 11:44:47+00
12711286.668797,2548980.70940058,751,Statutory Notices issued on prescribed inspection/repair for buildings,就樓宇訂明檢驗／訂明修葺所發出的法定通知,1731291,TIEN FU BUILDING 156/162 MA TAU WAI RD,1731291,TIEN FU BUILDING 156/162 MA TAU WAI RD,TOW,TOW,5,5,819182.9,837355.7,22.31162306,114.18743089,2025/07/30 11:44:47+00
12703621.8951522,2555903.63046038,752,Statutory Notices issued on prescribed inspection/repair for buildings,就樓宇訂明檢驗／訂明修葺所發出的法定通知,1885069,TIM WAH BUILDING 22/32 TAK WAH ST TSUEN WAN,1885069,TIM WAH BUILDING 22/32 TAK WAH ST TSUEN WAN,TOW,TOW,2,2,825553.7,830263.8,22.36914549,114.1185767,2025/07/30 11:44:47+00
12710944.1216182,2549965.46762662,753,Statutory Notices issued on prescribed inspection/repair for buildings,就樓宇訂明檢驗／訂明修葺所發出的法定通知,1221177,TIP TOP MANSION 63/65 SHEUNG SHING ST,1221177,TIP TOP MANSION 63/65 SHEUNG SHING ST,TOW,TOW,39,39,820089.1,837038.6,22.31980677,114.18435375,2025/07/30 11:44:47+00
12711637.2099653,2549623.32931295,754,Statutory Notices issued on prescribed inspection/repair for buildings,就樓宇訂明檢驗／訂明修葺所發出的法定通知,277765,TOKWAWAN MANSION 281/299A TO KWA WAN RD,277765,TOKWAWAN MANSION 281/299A TO KWA WAN RD,TOW,TOW,1,1,819774.3,837680.1,22.31696436,114.19057986,2025/07/30 11:44:47+00
12706245.7194585,2546151.70091312,755,Statutory Notices issued on prescribed inspection/repair for buildings,就樓宇訂明檢驗／訂明修葺所發出的法定通知,1406708,TONE HING BUILDING 211/213 DES VOEUX RD W,1406708,TONE HING BUILDING 211/213 DES VOEUX RD W,TOW,TOW,1,1,816579.6,832689.3,22.28811105,114.14214709,2025/07/30 11:44:47+00
12707622.4162699,2552350.55539429,756,Statutory Notices issued on prescribed inspection/repair for buildings,就樓宇訂明檢驗／訂明修葺所發出的法定通知,747666,TONE KING BUILIDING 413 CASTLE PEAK RD,747666,TONE KING BUILIDING 413 CASTLE PEAK RD,TOW,TOW,2,2,822283.9,833964.6,22.33962591,114.15451426,2025/07/30 11:44:47+00
12708168.4951029,2551985.45010692,757,Statutory Notices issued on prescribed inspection/repair for buildings,就樓宇訂明檢驗／訂明修葺所發出的法定通知,1806790,TONNING MANSION 42 TONKIN ST,1806790,TONNING MANSION 42 TONKIN ST,TOW,TOW,1,1,821947.9,834469.9,22.33659214,114.15942037,2025/07/30 11:44:47+00
12712530.1376068,2552216.99102659,758,Statutory Notices issued on prescribed inspection/repair for buildings,就樓宇訂明檢驗／訂明修葺所發出的法定通知,1169710,TONTEX INDUSTRIAL BUILDING STARTEX INDUSTRIAL BUILDING 2/4 SHEUNG HEI ST,1169710,TONTEX INDUSTRIAL BUILDING STARTEX INDUSTRIAL BUILDING 2/4 SHEUNG HEI ST,TOW,TOW,1,1,822161,838506.2,22.33851611,114.19860122,2025/07/30 11:44:47+00
12709510.9240854,2548789.05902949,759,Statutory Notices issued on prescribed inspection/repair for buildings,就樓宇訂明檢驗／訂明修葺所發出的法定通知,154818,TSANG CHEUNG HOUSE 444/446A NATHAN RD,154818,TSANG CHEUNG HOUSE 444/446A NATHAN RD,TOW,TOW,1,1,819006.5,835712.1,22.31003052,114.17147948,2025/07/30 11:44:47+00
12712701.7976741,2546271.56438228,760,Statutory Notices issued on prescribed inspection/repair for buildings,就樓宇訂明檢驗／訂明修葺所發出的法定通知,572166,MING YUEN MANSIONS 1ST STAGE BLOCK A 1/31 PEACOCK RD,572166,MING YUEN MANSIONS 1ST STAGE BLOCK A 1/31 PEACOCK RD,TOW,TOW,77,77,816689.7,838665.9,22.28910721,114.20014364,2025/07/30 11:44:47+00
12712636.0094454,2546256.90721592,761,Statutory Notices issued on prescribed inspection/repair for buildings,就樓宇訂明檢驗／訂明修葺所發出的法定通知,572427,MING YUEN MANSIONS 1ST STAGE BLOCK D 1/31 PEACOCK RD,572427,MING YUEN MANSIONS 1ST STAGE BLOCK D 1/31 PEACOCK RD,TOW,TOW,76,76,816676.2,838605,22.28898538,114.19955229,2025/07/30 11:44:47+00
12687762.5514798,2559489.58117439,762,Statutory Notices issued on prescribed inspection/repair for buildings,就樓宇訂明檢驗／訂明修葺所發出的法定通知,1485508,MO BOON BUILDING 1 SAN TSING ST TUEN MUN,1485508,MO BOON BUILDING 1 SAN TSING ST TUEN MUN,TOW,TOW,1,1,828864.7,815595.1,22.39893145,113.9761105,2025/07/30 11:44:47+00
12707328.7997208,2545195.8615386,763,Statutory Notices issued on prescribed inspection/repair for buildings,就樓宇訂明檢驗／訂明修葺所發出的法定通知,5042333,MOHARMMEDAN MOSQUE 30 SHELLEY ST,5042333,MOHARMMEDAN MOSQUE 30 SHELLEY ST,TOW,TOW,1,1,815699.6,833691.8,22.28016581,114.15187679,2025/07/30 11:44:47+00
12716013.8685917,2544967.23337354,764,Statutory Notices issued on prescribed inspection/repair for buildings,就樓宇訂明檢驗／訂明修葺所發出的法定通知,244493,MONG LUNG HOUSE 8/12 MONG LUNG ST,244493,MONG LUNG HOUSE 8/12 MONG LUNG ST,TOW,TOW,37,37,815489.9,841732.4,22.27826487,114.22989618,2025/07/30 11:44:47+00
12709474.4656149,2550106.2046618,765,Statutory Notices issued on prescribed inspection/repair for buildings,就樓宇訂明檢驗／訂明修葺所發出的法定通知,1069204,MONGKOK BUILDING 93/99 MONG KOK RD,1069204,MONGKOK BUILDING 93/99 MONG KOK RD,POD,POD,3,3,820218.6,835678.4,22.32097668,114.17115158,2025/07/30 11:44:47+00
12710144.3471801,2544164.59096262,766,Statutory Notices issued on prescribed inspection/repair for buildings,就樓宇訂明檢驗／訂明修葺所發出的法定通知,608877,MOON FAIR MANSION 11 SHIU FAI TERRACE,608877,MOON FAIR MANSION 11 SHIU FAI TERRACE,TOW,TOW,97,97,814750.1,836298.4,22.27159328,114.17716924,2025/07/30 11:44:47+00
12709732.6764718,2551136.87659095,767,Statutory Notices issued on prescribed inspection/repair for buildings,就樓宇訂明檢驗／訂明修葺所發出的法定通知,279926,MOON VILLA 12 OSMANTHUS RD,279926,MOON VILLA 12 OSMANTHUS RD,TOW,TOW,3,3,821167,835917.4,22.32954113,114.17347126,2025/07/30 11:44:47+00
12715879.6646866,2549250.97970349,768,Statutory Notices issued on prescribed inspection/repair for buildings,就樓宇訂明檢驗／訂明修葺所發出的法定通知,5065309,MOONWAY MANSION BLK 2 48 YUET WAH ST,5065309,MOONWAY MANSION BLK 2 48 YUET WAH ST,TOW,TOW,1,1,819432.5,841606.8,22.3138693,114.22869025,2025/07/30 11:44:47+00
12714148.3265248,2545335.09742647,769,Statutory Notices issued on prescribed inspection/repair for buildings,就樓宇訂明檢驗／訂明修葺所發出的法定通知,1895705,MOUNT PARKER LODGE 10 HONG PAK PATH,1895705,MOUNT PARKER LODGE 10 HONG PAK PATH,POD,POD,1,1,815828,840005.2,22.28132318,114.21313811,2025/07/30 11:44:47+00
12714140.6512777,2545309.78608818,770,Statutory Notices issued on prescribed inspection/repair for buildings,就樓宇訂明檢驗／訂明修葺所發出的法定通知,1895969,MOUNT PARKER LODGE BLK A 10 HONG PAK PATH,1895969,MOUNT PARKER LODGE BLK A 10 HONG PAK PATH,TOW,TOW,111,111,815804.7,839998.1,22.28111221,114.21306913,2025/07/30 11:44:47+00
12714141.4154545,2545343.57304763,771,Statutory Notices issued on prescribed inspection/repair for buildings,就樓宇訂明檢驗／訂明修葺所發出的法定通知,1896253,MOUNT PARKER LODGE BLK B 10 HONG PAK PATH,1896253,MOUNT PARKER LODGE BLK B 10 HONG PAK PATH,TOW,TOW,59,59,815835.8,839998.8,22.28139359,114.21307548,2025/07/30 11:44:47+00
12714106.9630839,2545365.09214536,772,Statutory Notices issued on prescribed inspection/repair for buildings,就樓宇訂明檢驗／訂明修葺所發出的法定通知,1896486,MOUNT PARKER LODGE BLK C 10 HONG PAK PATH,1896486,MOUNT PARKER LODGE BLK C 10 HONG PAK PATH,TOW,TOW,71,71,815855.6,839966.9,22.28157202,114.2127657,2025/07/30 11:44:47+00
12714105.5658709,2545394.75138298,773,Statutory Notices issued on prescribed inspection/repair for buildings,就樓宇訂明檢驗／訂明修葺所發出的法定通知,1896738,MOUNT PARKER LODGE BLK D 10 HONG PAK PATH,1896738,MOUNT PARKER LODGE BLK D 10 HONG PAK PATH,TOW,TOW,6,6,815882.9,839965.6,22.28181901,114.21275363,2025/07/30 11:44:47+00
12714138.9483856,2545416.25425204,774,Statutory Notices issued on prescribed inspection/repair for buildings,就樓宇訂明檢驗／訂明修葺所發出的法定通知,1896961,MOUNT PARKER LODGE BLK E 10 HONG PAK PATH,1896961,MOUNT PARKER LODGE BLK E 10 HONG PAK PATH,TOW,TOW,8,8,815902.7,839996.5,22.2819978,114.21305297,2025/07/30 11:44:47+00
12708547.8161935,2550469.32524289,775,Statutory Notices issued on prescribed inspection/repair for buildings,就樓宇訂明檢驗／訂明修葺所發出的法定通知,60596,MOW SHING CENTRE 118 BEDFORD RD,60596,MOW SHING CENTRE 118 BEDFORD RD,TOW,TOW,1,1,820552.8,834820.8,22.32399409,114.16282785,2025/07/30 11:44:47+00
12706242.9358619,2571479.15172914,776,Statutory Notices issued on prescribed inspection/repair for buildings,就樓宇訂明檢驗／訂明修葺所發出的法定通知,1808981,NAM HING TONG 15 WO FUNG ST FANLING,1808981,NAM HING TONG 15 WO FUNG ST FANLING,TOW,TOW,1,1,839874.3,832692.1,22.49847361,114.14212227,2025/07/30 11:44:47+00
12707898.8730308,2552087.90466996,777,Statutory Notices issued on prescribed inspection/repair for buildings,就樓宇訂明檢驗／訂明修葺所發出的法定通知,1927921,NAM LO MANSION 334 UN CHAU ST,1927921,NAM LO MANSION 334 UN CHAU ST,TOW,TOW,3,3,822042.2,834220.4,22.33744337,114.1569974,2025/07/30 11:44:47+00
12715453.3874425,2549430.31155406,778,Statutory Notices issued on prescribed inspection/repair for buildings,就樓宇訂明檢驗／訂明修葺所發出的法定通知,1128581,NAM ON MANSION 28/48 SHUI WO ST,1128581,NAM ON MANSION 28/48 SHUI WO ST,TOW,TOW,1,1,819597.4,841212.2,22.31535954,114.22486165,2025/07/30 11:44:47+00
12711532.9540744,2550985.86777826,779,Statutory Notices issued on prescribed inspection/repair for buildings,就樓宇訂明檢驗／訂明修葺所發出的法定通知,1220426,NAM SHING BUILDING 9 NAM KOK RD,1220426,NAM SHING BUILDING 9 NAM KOK RD,TOW,TOW,1,1,821028.1,837583.5,22.32828625,114.18964337,2025/07/30 11:44:47+00
12715507.4151597,2549449.41946467,780,Statutory Notices issued on prescribed inspection/repair for buildings,就樓宇訂明檢驗／訂明修葺所發出的法定通知,1128826,NAM TAI MANSION 50/68 SHUI WO ST,1128826,NAM TAI MANSION 50/68 SHUI WO ST,TOW,TOW,1,1,819615,841262.2,22.31551899,114.22534614,2025/07/30 11:44:47+00
12707646.7033971,2545855.80041971,781,Statutory Notices issued on prescribed inspection/repair for buildings,就樓宇訂明檢驗／訂明修葺所發出的法定通知,5304180,NANYANG COMMERCIAL BANK BUILDING -FOURTEEN STOREY EXTENSION ON THE EXISTING BUILDING 159 DES VOEUX RD C,5304180,NANYANG COMMERCIAL BANK BUILDING -FOURTEEN STOREY EXTENSION ON THE EXISTING BUILDING 159 DES VOEUX RD C,TOW,TOW,1,1,816307,833986.2,22.28565116,114.15473233,2025/07/30 11:44:47+00
12707646.7033971,2545855.80041971,782,Statutory Notices issued on prescribed inspection/repair for buildings,就樓宇訂明檢驗／訂明修葺所發出的法定通知,401571,NANYANG COMMERCIAL BANK BUILDING 149/159 DES VOEUX RD C,401571,NANYANG COMMERCIAL BANK BUILDING 149/159 DES VOEUX RD C,TOW,TOW,1,1,816307,833986.2,22.28565094,114.15473233,2025/07/30 11:44:47+00
12709559.7767283,2548203.27206075,783,Statutory Notices issued on prescribed inspection/repair for buildings,就樓宇訂明檢驗／訂明修葺所發出的法定通知,74962,NATIONAL COURT 19/24 TAK HING ST,74962,NATIONAL COURT 19/24 TAK HING ST,TOW,TOW,6,6,818467.4,835757.3,22.30516243,114.17191806,2025/07/30 11:44:47+00
12716490.7324568,2543766.32413109,784,Statutory Notices issued on prescribed inspection/repair for buildings,就樓宇訂明檢驗／訂明修葺所發出的法定通知,766055,NEPTUNE TERRACE 11/15 TAI MAN ST,766055,NEPTUNE TERRACE 11/15 TAI MAN ST,POD,POD,1,1,814384.6,842174.3,22.2682822,114.23417953,2025/07/30 11:44:47+00
12708832.6863934,2565513.83021328,785,Statutory Notices issued on prescribed inspection/repair for buildings,就樓宇訂明檢驗／訂明修葺所發出的法定通知,1551269,TSE CHONG BUILDING 3/13 WAI YAN ST TAI PO,1551269,TSE CHONG BUILDING 3/13 WAI YAN ST TAI PO,TOW,TOW,1,1,834390.5,835085.5,22.4489558,114.16538676,2025/07/30 11:44:47+00
12693005.5818918,2565190.62555453,786,Statutory Notices issued on prescribed inspection/repair for buildings,就樓宇訂明檢驗／訂明修葺所發出的法定通知,5245055,TSE KING HOUSE STAGE II (FLAT F - FLAT K) 138/160 YUEN LONG ON NING RD YUEN LONG,5245055,TSE KING HOUSE STAGE II (FLAT F - FLAT K) 138/160 YUEN LONG ON NING RD YUEN LONG,TOW,TOW,1,1,834101.4,820450.3,22.44627266,114.02320933,2025/07/30 11:44:47+00
12705002.9315716,2545408.13965261,787,Statutory Notices issued on prescribed inspection/repair for buildings,就樓宇訂明檢驗／訂明修葺所發出的法定通知,382876,TSE LAND MANSION 39/43 SANDS ST,382876,TSE LAND MANSION 39/43 SANDS ST,TOW,TOW,25,25,815895.5,831538.6,22.28193012,114.13098282,2025/07/30 11:44:47+00
12708755.5432453,2551130.19678032,788,Statutory Notices issued on prescribed inspection/repair for buildings,就樓宇訂明檢驗／訂明修葺所發出的法定通知,3990,TSE WAN MANSION 21/25 SHEK KIP MEI ST,3990,TSE WAN MANSION 21/25 SHEK KIP MEI ST,TOW,TOW,1,1,821160.9,835013.1,22.32948568,114.16469311,2025/07/30 11:44:47+00
12712352.1455964,2546411.11747854,789,Statutory Notices issued on prescribed inspection/repair for buildings,就樓宇訂明檢驗／訂明修葺所發出的法定通知,819590,TSING WAN BUILDING 334/336 KING'S RD,819590,TSING WAN BUILDING 334/336 KING'S RD,TOW,TOW,3,3,816818.1,838342.2,22.29026673,114.19700214,2025/07/30 11:44:47+00
12702120.6108876,2554054.07180775,790,Statutory Notices issued on prescribed inspection/repair for buildings,就樓宇訂明檢驗／訂明修葺所發出的法定通知,1295814,TSING YI GARDEN 7/19 TSING LUK ST TSING YI,1295814,TSING YI GARDEN 7/19 TSING LUK ST TSING YI,POD,POD,1,1,823852.8,828874,22.35377968,114.10509115,2025/07/30 11:44:47+00
12702044.5257476,2554058.05693464,791,Statutory Notices issued on prescribed inspection/repair for buildings,就樓宇訂明檢驗／訂明修葺所發出的法定通知,1297372,TSING YI GARDEN BLK 1 7/19 TSING LUK ST TSING YI,1297372,TSING YI GARDEN BLK 1 7/19 TSING LUK ST TSING YI,TOW,TOW,1,1,823856.5,828803.6,22.35381325,114.10440701,2025/07/30 11:44:47+00
12702065.7252169,2554021.98020327,792,Statutory Notices issued on prescribed inspection/repair for buildings,就樓宇訂明檢驗／訂明修葺所發出的法定通知,1298673,TSING YI GARDEN BLK 2 7/19 TSING LUK ST TSING YI,1298673,TSING YI GARDEN BLK 2 7/19 TSING LUK ST TSING YI,TOW,TOW,1,1,823823.3,828823.2,22.35351335,114.10459799,2025/07/30 11:44:47+00
12702097.7223298,2554005.90866637,793,Statutory Notices issued on prescribed inspection/repair for buildings,就樓宇訂明檢驗／訂明修葺所發出的法定通知,1299017,TSING YI GARDEN BLK 3 7/19 TSING LUK ST TSING YI,1299017,TSING YI GARDEN BLK 3 7/19 TSING LUK ST TSING YI,TOW,TOW,1,1,823808.5,828852.8,22.35337944,114.10488506,2025/07/30 11:44:47+00
12702139.328013,2554010.60250581,794,Statutory Notices issued on prescribed inspection/repair for buildings,就樓宇訂明檢驗／訂明修葺所發出的法定通知,1299683,TSING YI GARDEN BLK 4 7/19 TSING LUK ST TSING YI,1299683,TSING YI GARDEN BLK 4 7/19 TSING LUK ST TSING YI,TOW,TOW,1,1,823812.8,828891.3,22.35341827,114.10525881,2025/07/30 11:44:47+00
12702193.6695483,2554050.95446446,795,Statutory Notices issued on prescribed inspection/repair for buildings,就樓宇訂明檢驗／訂明修葺所發出的法定通知,1300158,TSING YI GARDEN BLK 5 7/19 TSING LUK ST TSING YI,1300158,TSING YI GARDEN BLK 5 7/19 TSING LUK ST TSING YI,TOW,TOW,1,1,823849.9,828941.6,22.3537543,114.10574679,2025/07/30 11:44:47+00
12702176.4698331,2554085.29418752,796,Statutory Notices issued on prescribed inspection/repair for buildings,就樓宇訂明檢驗／訂明修葺所發出的法定通知,1300866,TSING YI GARDEN BLK 6 7/19 TSING LUK ST TSING YI,1300866,TSING YI GARDEN BLK 6 7/19 TSING LUK ST TSING YI,TOW,TOW,1,1,823881.5,828925.7,22.35403954,114.10559282,2025/07/30 11:44:47+00
12702138.5394615,2554078.42825779,797,Statutory Notices issued on prescribed inspection/repair for buildings,就樓宇訂明檢驗／訂明修葺所發出的法定通知,1301107,TSING YI GARDEN BLK 7 7/19 TSING LUK ST TSING YI,1301107,TSING YI GARDEN BLK 7 7/19 TSING LUK ST TSING YI,TOW,TOW,1,1,823875.2,828890.6,22.3539821,114.10525155,2025/07/30 11:44:47+00
12703358.166074,2556179.86264638,798,Statutory Notices issued on prescribed inspection/repair for buildings,就樓宇訂明檢驗／訂明修葺所發出的法定通知,540780,TSUEN BIK BUILDING 1/3 HAU TEI SQUARE TSUEN WAN,540780,TSUEN BIK BUILDING 1/3 HAU TEI SQUARE TSUEN WAN,TOW,TOW,1,1,825807.9,830019.9,22.37144038,114.11620792,2025/07/30 11:44:47+00
12703458.6182699,2556078.69493198,799,Statutory Notices issued on prescribed inspection/repair for buildings,就樓宇訂明檢驗／訂明修葺所發出的法定通知,1383732,TSUEN WAN BUILDING 37/41 CHUNG ON ST TSUEN WAN,1383732,TSUEN WAN BUILDING 37/41 CHUNG ON ST TSUEN WAN,TOW,TOW,1,1,825714.8,830112.8,22.37059972,114.1171099,2025/07/30 11:44:47+00
12709692.6280184,2549519.83437908,800,Statutory Notices issued on prescribed inspection/repair for buildings,就樓宇訂明檢驗／訂明修葺所發出的法定通知,145328,TSUI YUEN MANSION PHASE 2 2/20 KWONG WA ST,145328,TSUI YUEN MANSION PHASE 2 2/20 KWONG WA ST,TOW,TOW,34,34,819679,835880.3,22.31610356,114.17311189,2025/07/30 11:44:47+00
12711210.5077446,2549094.05107494,801,Statutory Notices issued on prescribed inspection/repair for buildings,就樓宇訂明檢驗／訂明修葺所發出的法定通知,102167,TSUN KIT HOUSE 466/468 CHATHAM RD N,102167,TSUN KIT HOUSE 466/468 CHATHAM RD N,TOW,TOW,1,1,819287.2,837285.2,22.31256567,114.18674647,2025/07/30 11:44:47+00
12687678.0636284,2559125.9869422,802,Statutory Notices issued on prescribed inspection/repair for buildings,就樓宇訂明檢驗／訂明修葺所發出的法定通知,1641518,TUEN MUN CENTRE 7/35 YAN CHING ST TUEN MUN,1641518,TUEN MUN CENTRE 7/35 YAN CHING ST TUEN MUN,POD,POD,1,1,828530.4,815516.5,22.39591122,113.97535125,2025/07/30 11:44:47+00
12687677.0931487,2559124.13726356,803,Statutory Notices issued on prescribed inspection/repair for buildings,就樓宇訂明檢驗／訂明修葺所發出的法定通知,1641753,TUEN MUN CENTRE 7/35 YAN CHING ST TUEN MUN,1641753,TUEN MUN CENTRE 7/35 YAN CHING ST TUEN MUN,TOW,TOW,1,1,828528.7,815515.6,22.39589604,113.97534296,2025/07/30 11:44:47+00
12709273.8069239,2548205.54208702,804,Statutory Notices issued on prescribed inspection/repair for buildings,就樓宇訂明檢驗／訂明修葺所發出的法定通知,135745,TUN SHING MANSION 86/94 SHANGHAI ST,135745,TUN SHING MANSION 86/94 SHANGHAI ST,TOW,TOW,2,2,818469.5,835492.6,22.30518096,114.16934935,2025/07/30 11:44:47+00
12705446.8459766,2555725.20030443,805,Statutory Notices issued on prescribed inspection/repair for buildings,就樓宇訂明檢驗／訂明修葺所發出的法定通知,727114,TUNG BO HOUSE 464/468 CASTLE PEAK RD KWAI CHUNG,727114,TUNG BO HOUSE 464/468 CASTLE PEAK RD KWAI CHUNG,TOW,TOW,1,1,825389,831952.2,22.367663,114.13497138,2025/07/30 11:44:47+00
12705524.3325787,2556156.90065767,806,Statutory Notices issued on prescribed inspection/repair for buildings,就樓宇訂明檢驗／訂明修葺所發出的法定通知,1608691,TUNG CHUN INDUSTRIAL BUILDING BLK A 9/11 CHEUNG WING RD KWAI CHUNG,1608691,TUNG CHUN INDUSTRIAL BUILDING BLK A 9/11 CHEUNG WING RD KWAI CHUNG,TOW,TOW,2,2,825786.1,832024,22.37124968,114.13566743,2025/07/30 11:44:47+00
12705552.9830541,2556128.75284769,807,Statutory Notices issued on prescribed inspection/repair for buildings,就樓宇訂明檢驗／訂明修葺所發出的法定通知,1609126,TUNG CHUN INDUSTRIAL BUILDING BLK B 11/13 TAI YUEN ST KWAI CHUNG,1609126,TUNG CHUN INDUSTRIAL BUILDING BLK B 11/13 TAI YUEN ST KWAI CHUNG,TOW,TOW,1,1,825760.2,832050.5,22.37101537,114.13592472,2025/07/30 11:44:47+00
12712716.5064148,2546385.64113078,808,Statutory Notices issued on prescribed inspection/repair for buildings,就樓宇訂明檢驗／訂明修葺所發出的法定通知,936399,TUNG FAT BUILDING BLK C 37/43 KAM PING ST,936399,TUNG FAT BUILDING BLK C 37/43 KAM PING ST,TOW,TOW,1,1,816794.7,838679.5,22.29005545,114.20027498,2025/07/30 11:44:47+00
12716530.9056628,2543752.07817763,809,Statutory Notices issued on prescribed inspection/repair for buildings,就樓宇訂明檢驗／訂明修葺所發出的法定通知,766490,NEPTUNE TERRACE BLK 1 11/15 TAI MAN ST,766490,NEPTUNE TERRACE BLK 1 11/15 TAI MAN ST,TOW,TOW,1,1,814371.5,842211.5,22.26816336,114.23454044,2025/07/30 11:44:47+00
12716467.6196101,2543768.07102013,810,Statutory Notices issued on prescribed inspection/repair for buildings,就樓宇訂明檢驗／訂明修葺所發出的法定通知,766963,NEPTUNE TERRACE BLK 2 11/15 TAI MAN ST,766963,NEPTUNE TERRACE BLK 2 11/15 TAI MAN ST,TOW,TOW,1,1,814386.2,842152.9,22.26829647,114.2339726,2025/07/30 11:44:47+00
12716491.1511681,2543731.01912438,811,Statutory Notices issued on prescribed inspection/repair for buildings,就樓宇訂明檢驗／訂明修葺所發出的法定通知,767650,NEPTUNE TERRACE BLK 3 11/15 TAI MAN ST,767650,NEPTUNE TERRACE BLK 3 11/15 TAI MAN ST,TOW,TOW,1,1,814352.1,842174.7,22.26798817,114.23418408,2025/07/30 11:44:47+00
12709559.4504381,2548270.74918434,812,Statutory Notices issued on prescribed inspection/repair for buildings,就樓宇訂明檢驗／訂明修葺所發出的法定通知,1181246,NEW LUCKY HOUSE 298/306 NATHAN RD,1181246,NEW LUCKY HOUSE 298/306 NATHAN RD,TOW,TOW,4,4,818529.5,835757,22.30572333,114.17191536,2025/07/30 11:44:47+00
12711105.4921635,2545443.97948801,813,Statutory Notices issued on prescribed inspection/repair for buildings,就樓宇訂明檢驗／訂明修葺所發出的法定通知,1046670,NEWTOWN MANSION 6 CLEVELAND ST,1046670,NEWTOWN MANSION 6 CLEVELAND ST,TOW,TOW,3,3,815927.8,837188.2,22.28222824,114.18580331,2025/07/30 11:44:47+00
12705258.2281041,2545983.47852741,814,Statutory Notices issued on prescribed inspection/repair for buildings,就樓宇訂明檢驗／訂明修葺所發出的法定通知,1778929,NICE GARDEN 513 QUEEN'S RD W,1778929,NICE GARDEN 513 QUEEN'S RD W,TOW,TOW,1,1,816425,831775.1,22.28671291,114.1332761,2025/07/30 11:44:47+00
12713448.7308956,2546584.66199921,815,Statutory Notices issued on prescribed inspection/repair for buildings,就樓宇訂明檢驗／訂明修葺所發出的法定通知,735247,NORTH POINT MANSION 692/702 KING'S RD,735247,NORTH POINT MANSION 692/702 KING'S RD,TOW,TOW,2,2,816978,839357.3,22.29170975,114.20685291,2025/07/30 11:44:47+00
12713020.5881121,2546355.27838696,816,Statutory Notices issued on prescribed inspection/repair for buildings,就樓宇訂明檢驗／訂明修葺所發出的法定通知,542116,NORTH POINT VIEW MANSION 54 KAI YUEN ST,542116,NORTH POINT VIEW MANSION 54 KAI YUEN ST,TOW,TOW,1,1,816766.8,838961,22.28980327,114.20300702,2025/07/30 11:44:47+00
12709934.4527445,2547292.96245378,817,Statutory Notices issued on prescribed inspection/repair for buildings,就樓宇訂明檢驗／訂明修葺所發出的法定通知,5216685,OCEAN VIEW COURT 21/27A CHATHAM RD S,5216685,OCEAN VIEW COURT 21/27A CHATHAM RD S,TOW,TOW,5,5,817629.6,836104.1,22.29759702,114.17528333,2025/07/30 11:44:47+00
12711730.6653218,2549590.9375586,818,Statutory Notices issued on prescribed inspection/repair for buildings,就樓宇訂明檢驗／訂明修葺所發出的法定通知,2012285,ON CHEONG BUILDING 36/52 MEI KWONG ST,2012285,ON CHEONG BUILDING 36/52 MEI KWONG ST,TOW,TOW,1,1,819744.5,837766.6,22.3166949,114.191419,2025/07/30 11:44:47+00
12687596.2722464,2559335.6135304,819,Statutory Notices issued on prescribed inspection/repair for buildings,就樓宇訂明檢驗／訂明修葺所發出的法定通知,761379,ON CHUEN BUILDING 6/14 MING NGAI ST TUEN MUN,761379,ON CHUEN BUILDING 6/14 MING NGAI ST TUEN MUN,TOW,TOW,1,1,828723.3,815441.1,22.39765234,113.97461644,2025/07/30 11:44:47+00
12693636.7720338,2564686.91986075,820,Statutory Notices issued on prescribed inspection/repair for buildings,就樓宇訂明檢驗／訂明修葺所發出的法定通知,1667962,ON FOOK BUILDING 48/72 TAI TONG RD YUEN LONG,1667962,ON FOOK BUILDING 48/72 TAI TONG RD YUEN LONG,TOW,TOW,1,1,833637.7,821033.5,22.44209101,114.02887954,2025/07/30 11:44:47+00
12711257.1949947,2549292.25271715,821,Statutory Notices issued on prescribed inspection/repair for buildings,就樓宇訂明檢驗／訂明修葺所發出的法定通知,101763,ON HANG BUILDING 495/503 CHATHAM RD N,101763,ON HANG BUILDING 495/503 CHATHAM RD N,TOW,TOW,1,1,819469.6,837328.4,22.31421261,114.18716632,2025/07/30 11:44:47+00
12711772.0508935,2549637.76921174,822,Statutory Notices issued on prescribed inspection/repair for buildings,就樓宇訂明檢驗／訂明修葺所發出的法定通知,669858,ON HING BUILDING 8/16 MEI KWONG ST,669858,ON HING BUILDING 8/16 MEI KWONG ST,TOW,TOW,1,1,819787.6,837804.9,22.31708379,114.19179148,2025/07/30 11:44:47+00
12711525.9425558,2549842.30584493,823,Statutory Notices issued on prescribed inspection/repair for buildings,就樓宇訂明檢驗／訂明修葺所發出的法定通知,269717,ON LOK FACTORY BUILDING 88/90 KOWLOON CITY RD,269717,ON LOK FACTORY BUILDING 88/90 KOWLOON CITY RD,TOW,TOW,1,1,819975.8,837577.1,22.31878382,114.18958002,2025/07/30 11:44:47+00
12706323.1039122,2545970.60739538,824,Statutory Notices issued on prescribed inspection/repair for buildings,就樓宇訂明檢驗／訂明修葺所發出的法定通知,371453,ON LOK MANSION 35/37 FIRST ST,371453,ON LOK MANSION 35/37 FIRST ST,TOW,TOW,2,2,816412.9,832760.9,22.28660582,114.1428429,2025/07/30 11:44:47+00
12705258.1334112,2545936.97872028,825,Statutory Notices issued on prescribed inspection/repair for buildings,就樓宇訂明檢驗／訂明修葺所發出的法定通知,1782299,ON LOK MANSION 586/588 QUEEN'S RD W,1782299,ON LOK MANSION 586/588 QUEEN'S RD W,TOW,TOW,10,10,816382.2,831775,22.28632556,114.13327601,2025/07/30 11:44:47+00
12711751.3040515,2549614.29905349,826,Statutory Notices issued on prescribed inspection/repair for buildings,就樓宇訂明檢驗／訂明修葺所發出的法定通知,670420,ON NING BUILDING 18/34 MEI KWONG ST,670420,ON NING BUILDING 18/34 MEI KWONG ST,TOW,TOW,1,1,819766,837785.7,22.31688894,114.19160531,2025/07/30 11:44:47+00
12711652.5505601,2549604.52840792,827,Statutory Notices issued on prescribed inspection/repair for buildings,就樓宇訂明檢驗／訂明修葺所發出的法定通知,224526,ON PING BUILDING 33/47 MEI KING ST,224526,ON PING BUILDING 33/47 MEI KING ST,TOW,TOW,6,6,819757,837694.3,22.31680772,114.19071755,2025/07/30 11:44:47+00
12715371.952399,2549525.09478535,828,Statutory Notices issued on prescribed inspection/repair for buildings,就樓宇訂明檢驗／訂明修葺所發出的法定通知,896983,ON SHUN BUILDING 15/31 SHUNG YAN ST,896983,ON SHUN BUILDING 15/31 SHUNG YAN ST,TOW,TOW,1,1,819684.6,841136.8,22.31614766,114.22412996,2025/07/30 11:44:47+00
12715365.3840246,2548555.38009457,829,Statutory Notices issued on prescribed inspection/repair for buildings,就樓宇訂明檢驗／訂明修葺所發出的法定通知,684808,ON TAI FACTORY BUILDING 82 HUNG TO RD,684808,ON TAI FACTORY BUILDING 82 HUNG TO RD,POD,POD,1,1,818792.2,841131,22.30808888,114.22407098,2025/07/30 11:44:47+00
12711709.7024962,2549567.35876665,830,Statutory Notices issued on prescribed inspection/repair for buildings,就樓宇訂明檢驗／訂明修葺所發出的法定通知,670804,ON WO BUILDING 54/70 MEI KWONG ST,670804,ON WO BUILDING 54/70 MEI KWONG ST,TOW,TOW,1,1,819722.8,837747.2,22.31649888,114.19123101,2025/07/30 11:44:47+00
12703775.4438556,2556009.02749542,831,Statutory Notices issued on prescribed inspection/repair for buildings,就樓宇訂明檢驗／訂明修葺所發出的法定通知,953151,ON YUE BUILDING 120/140 TSUEN WAN MARKET ST TSUEN WAN,953151,ON YUE BUILDING 120/140 TSUEN WAN MARKET ST TSUEN WAN,POD,POD,1,1,825650.6,830405.9,22.37002097,114.11995642,2025/07/30 11:44:47+00
12687858.1167739,2559163.52225681,832,Statutory Notices issued on prescribed inspection/repair for buildings,就樓宇訂明檢驗／訂明修葺所發出的法定通知,1585396,ORCHID COURT 6/40 YAN OI TONG CIRCUIT TUEN MUN,1585396,ORCHID COURT 6/40 YAN OI TONG CIRCUIT TUEN MUN,TOW,TOW,1,1,828564.7,815683.1,22.39622275,113.97696827,2025/07/30 11:44:47+00
12711793.7656588,2549615.81616368,833,Statutory Notices issued on prescribed inspection/repair for buildings,就樓宇訂明檢驗／訂明修葺所發出的法定通知,671470,ORIENTAL DAILY NEWS BUILDING 6 KWEI CHOW ST,671470,ORIENTAL DAILY NEWS BUILDING 6 KWEI CHOW ST,TOW,TOW,1,1,819767.4,837825,22.31690136,114.19198652,2025/07/30 11:44:47+00
12712602.5644833,2545810.59927487,834,Statutory Notices issued on prescribed inspection/repair for buildings,就樓宇訂明檢驗／訂明修葺所發出的法定通知,1462509,OXFORD COURT BLOCK 2 24/26 BRAEMAR HILL RD,1462509,OXFORD COURT BLOCK 2 24/26 BRAEMAR HILL RD,TOW,TOW,1,1,816265.4,838574.1,22.28527523,114.19925201,2025/07/30 11:44:47+00
12708391.0734403,2551162.4404626,835,Statutory Notices issued on prescribed inspection/repair for buildings,就樓宇訂明檢驗／訂明修葺所發出的法定通知,293525,TUNG HING BUILDING 251/255 YU CHAU ST,293525,TUNG HING BUILDING 251/255 YU CHAU ST,TOW,TOW,1,1,821190.6,834675.8,22.32975407,114.1614195,2025/07/30 11:44:47+00
12711523.6054705,2550318.17437693,836,Statutory Notices issued on prescribed inspection/repair for buildings,就樓宇訂明檢驗／訂明修葺所發出的法定通知,315900,TUNG HOI BUILDING 64/66 PAK TAI ST,315900,TUNG HOI BUILDING 64/66 PAK TAI ST,TOW,TOW,37,37,820413.7,837574.9,22.32273847,114.18955935,2025/07/30 11:44:47+00
12713486.8465333,2546498.60507801,837,Statutory Notices issued on prescribed inspection/repair for buildings,就樓宇訂明檢驗／訂明修葺所發出的法定通知,560524,TUNG KIN FACTORY BUILDING 196/202 TSAT TSZ MUI RD,560524,TUNG KIN FACTORY BUILDING 196/202 TSAT TSZ MUI RD,TOW,TOW,1,1,816898.8,839392.6,22.29099424,114.20719518,2025/07/30 11:44:47+00
12705869.4044551,2546013.63047389,838,Statutory Notices issued on prescribed inspection/repair for buildings,就樓宇訂明檢驗／訂明修葺所發出的法定通知,1025682,TUNG LEE MANSION 1C/1K WATER ST,1025682,TUNG LEE MANSION 1C/1K WATER ST,TOW,TOW,9,9,816452.6,832340.9,22.28696269,114.13876698,2025/07/30 11:44:47+00
12708930.2586314,2551246.71239474,839,Statutory Notices issued on prescribed inspection/repair for buildings,就樓宇訂明檢驗／訂明修葺所發出的法定通知,287942,TUNG LO COURT 52/56 SHEK KIP MEI ST,287942,TUNG LO COURT 52/56 SHEK KIP MEI ST,TOW,TOW,1,1,821268.1,835174.8,22.33045429,114.16626268,2025/07/30 11:44:47+00
12708197.6597488,2551131.1203896,840,Statutory Notices issued on prescribed inspection/repair for buildings,就樓宇訂明檢驗／訂明修葺所發出的法定通知,1353141,TUNG MING BUILDING 378/380 LAI CHI KOK RD,1353141,TUNG MING BUILDING 378/380 LAI CHI KOK RD,TOW,TOW,1,1,821161.8,834496.8,22.32949362,114.15968214,2025/07/30 11:44:47+00
12715207.4303146,2549620.01240012,841,Statutory Notices issued on prescribed inspection/repair for buildings,就樓宇訂明檢驗／訂明修葺所發出的法定通知,867038,TUNG MING BUILDING 74/88 TUNG MING ST,867038,TUNG MING BUILDING 74/88 TUNG MING ST,TOW,TOW,1,1,819771.9,840984.5,22.3169365,114.22265186,2025/07/30 11:44:47+00
12716064.3230767,2545000.24147219,842,Statutory Notices issued on prescribed inspection/repair for buildings,就樓宇訂明檢驗／訂明修葺所發出的法定通知,584657,TUNG MING LAU 133/137 SHAU KEI WAN MAIN ST E,584657,TUNG MING LAU 133/137 SHAU KEI WAN MAIN ST E,TOW,TOW,4,4,815520.3,841779.1,22.27853902,114.23034899,2025/07/30 11:44:47+00
12715762.249559,2544809.2527322,843,Statutory Notices issued on prescribed inspection/repair for buildings,就樓宇訂明檢驗／訂明修葺所發出的法定通知,1451790,TUNG ON BUILDING 428/432E SHAU KEI WAN RD,1451790,TUNG ON BUILDING 428/432E SHAU KEI WAN RD,TOW,TOW,56,56,815344.4,841499.5,22.27695163,114.22763548,2025/07/30 11:44:47+00
12709975.0891668,2545063.66058377,844,Statutory Notices issued on prescribed inspection/repair for buildings,就樓宇訂明檢驗／訂明修葺所發出的法定通知,712530,TUNG PO BUILDING 207/209 JAFFE RD,712530,TUNG PO BUILDING 207/209 JAFFE RD,TOW,TOW,1,1,815577.7,836141.7,22.27906682,114.17564871,2025/07/30 11:44:47+00
12711514.5276853,2550298.07082526,845,Statutory Notices issued on prescribed inspection/repair for buildings,就樓宇訂明檢驗／訂明修葺所發出的法定通知,310567,TUNG PO BUILDING 60/62 PAK TAI ST,310567,TUNG PO BUILDING 60/62 PAK TAI ST,TOW,TOW,37,37,820395.2,837566.5,22.32257117,114.18947756,2025/07/30 11:44:47+00
12708520.5244244,2551142.13059937,846,Statutory Notices issued on prescribed inspection/repair for buildings,就樓宇訂明檢驗／訂明修葺所發出的法定通知,267798,TUNG SHING BUILDING 155/167 APLIU ST,267798,TUNG SHING BUILDING 155/167 APLIU ST,TOW,TOW,1,1,821171.9,834795.6,22.3295851,114.16258198,2025/07/30 11:44:47+00
12709388.9051117,2544705.25046952,847,Statutory Notices issued on prescribed inspection/repair for buildings,就樓宇訂明檢驗／訂明修葺所發出的法定通知,776174,TUNG SHING BUILDING 2 LUN FAT ST,776174,TUNG SHING BUILDING 2 LUN FAT ST,TOW,TOW,1,1,815247.8,835599,22.27608712,114.17038343,2025/07/30 11:44:47+00
12711563.9368464,2549403.50264009,848,Statutory Notices issued on prescribed inspection/repair for buildings,就樓宇訂明檢驗／訂明修葺所發出的法定通知,198321,TUNG SHUN HING BUILDING 22 CHI KIANG ST,198321,TUNG SHUN HING BUILDING 22 CHI KIANG ST,TOW,TOW,14,14,819572,837612.3,22.31513749,114.18992184,2025/07/30 11:44:47+00
12708577.9804795,2551459.91134899,849,Statutory Notices issued on prescribed inspection/repair for buildings,就樓宇訂明檢驗／訂明修葺所發出的法定通知,248343,TUNG TAK BUILDING 48/50A KWEILIN ST,248343,TUNG TAK BUILDING 48/50A KWEILIN ST,TOW,TOW,21,21,821464.3,834848.8,22.33222577,114.16309852,2025/07/30 11:44:47+00
12688003.4434956,2559879.05212555,850,Statutory Notices issued on prescribed inspection/repair for buildings,就樓宇訂明檢驗／訂明修葺所發出的法定通知,1345740,TUNG WAI COURT 3 TSING LING PATH TUEN MUN,1345740,TUNG WAI COURT 3 TSING LING PATH TUEN MUN,TOW,TOW,1,1,829222.6,815818.4,22.40216562,113.97827455,2025/07/30 11:44:47+00
12713992.5637979,2537794.21806058,851,Statutory Notices issued on prescribed inspection/repair for buildings,就樓宇訂明檢驗／訂明修葺所發出的法定通知,984556,U-C COURT 25 STANLEY MARKET RD,984556,U-C COURT 25 STANLEY MARKET RD,TOW,TOW,10,10,808885.3,839862.6,22.2186263,114.21173885,2025/07/30 11:44:47+00
12710901.5908574,2543916.89071449,852,Statutory Notices issued on prescribed inspection/repair for buildings,就樓宇訂明檢驗／訂明修葺所發出的法定通知,610373,UNIQUE TOWER 7/9 WONG NAI CHUNG RD,610373,UNIQUE TOWER 7/9 WONG NAI CHUNG RD,TOW,TOW,1,1,814522.1,836999.5,22.26953331,114.18397127,2025/07/30 11:44:47+00
12711902.3054574,2546143.24988127,853,Statutory Notices issued on prescribed inspection/repair for buildings,就樓宇訂明檢驗／訂明修葺所發出的法定通知,862166,UNITED BUILDING 135/145 KING'S RD,862166,UNITED BUILDING 135/145 KING'S RD,TOW,TOW,35,35,816571.5,837925.8,22.28804078,114.19296174,2025/07/30 11:44:47+00
12710655.0486232,2545152.73604388,854,Statutory Notices issued on prescribed inspection/repair for buildings,就樓宇訂明檢驗／訂明修葺所發出的法定通知,426847,UNITED BUILDING 447/449 HENNESSY RD,426847,UNITED BUILDING 447/449 HENNESSY RD,TOW,TOW,1,1,815659.7,836771.2,22.27980698,114.1817569,2025/07/30 11:44:47+00
12709256.192817,2548291.70771125,855,Statutory Notices issued on prescribed inspection/repair for buildings,就樓宇訂明檢驗／訂明修葺所發出的法定通知,133902,UNITED MANSION BLOCK B 105/107 SHANGHAI ST,133902,UNITED MANSION BLOCK B 105/107 SHANGHAI ST,TOW,TOW,3,3,818548.8,835476.3,22.30589774,114.16919095,2025/07/30 11:44:47+00
12709258.5691175,2548301.48716088,856,Statutory Notices issued on prescribed inspection/repair for buildings,就樓宇訂明檢驗／訂明修葺所發出的法定通知,5271282,UNITED MANSION BLOCK B 109/111 SHANGHAI ST,5271282,UNITED MANSION BLOCK B 109/111 SHANGHAI ST,TOW,TOW,1,1,818557.8,835478.5,22.3059788,114.16921202,2025/07/30 11:44:47+00
12709253.6233934,2564903.23889077,857,Statutory Notices issued on prescribed inspection/repair for buildings,就樓宇訂明檢驗／訂明修葺所發出的法定通知,1575500,UPTOWN PLAZA 9 NAM WAN RD TAI PO,1575500,UPTOWN PLAZA 9 NAM WAN RD TAI PO,POD,POD,2,2,833829.1,835474.7,22.44388655,114.16916798,2025/07/30 11:44:47+00
12711585.6860546,2546071.90092849,858,Statutory Notices issued on prescribed inspection/repair for buildings,就樓宇訂明檢驗／訂明修葺所發出的法定通知,243893,VICTORIA CENTRE BLK 1 15 WATSON RD,243893,VICTORIA CENTRE BLK 1 15 WATSON RD,TOW,TOW,1,1,816505.8,837632.7,22.28744783,114.19011676,2025/07/30 11:44:47+00
12711718.4112783,2545719.99087344,859,Statutory Notices issued on prescribed inspection/repair for buildings,就樓宇訂明檢驗／訂明修葺所發出的法定通知,571088,VICTORIA COURT BLK A & B 54/56 HING FAT ST,571088,VICTORIA COURT BLK A & B 54/56 HING FAT ST,TOW,TOW,1,1,816181.9,837755.6,22.28452187,114.1913097,2025/07/30 11:44:47+00
12711708.485614,2545848.08221817,860,Statutory Notices issued on prescribed inspection/repair for buildings,就樓宇訂明檢驗／訂明修葺所發出的法定通知,825902,VICTORIA MANSION 6/14A GORDON RD,825902,VICTORIA MANSION 6/14A GORDON RD,TOW,TOW,1,1,816299.8,837746.4,22.28558697,114.1912206,2025/07/30 11:44:47+00
12709456.5431942,2549756.07051836,861,Statutory Notices issued on prescribed inspection/repair for buildings,就樓宇訂明檢驗／訂明修葺所發出的法定通知,188331,PAK CHEUNG BUILDING 30/34 TUNG CHOI ST,188331,PAK CHEUNG BUILDING 30/34 TUNG CHOI ST,TOW,TOW,17,17,819896.4,835661.8,22.31806741,114.17099048,2025/07/30 11:44:47+00
12709473.8311545,2549737.16287595,862,Statutory Notices issued on prescribed inspection/repair for buildings,就樓宇訂明檢驗／訂明修葺所發出的法定通知,83870,PAK CHEUNG BUILDING 59/65 SHANTUNG ST,83870,PAK CHEUNG BUILDING 59/65 SHANTUNG ST,TOW,TOW,1,1,819879,835677.8,22.31790955,114.17114588,2025/07/30 11:44:47+00
12711852.2231974,2545484.76730128,863,Statutory Notices issued on prescribed inspection/repair for buildings,就樓宇訂明檢驗／訂明修葺所發出的法定通知,845549,PAK LEE MANSION 6/8 KING'S RD,845549,PAK LEE MANSION 6/8 KING'S RD,TOW,TOW,5,5,815965.4,837879.5,22.28256696,114.19251175,2025/07/30 11:44:47+00
12716110.1920916,2545199.46876907,864,Statutory Notices issued on prescribed inspection/repair for buildings,就樓宇訂明檢驗／訂明修葺所發出的法定通知,466816,PAK LING MANSION 5/11 MIU TUNG ST,466816,PAK LING MANSION 5/11 MIU TUNG ST,TOW,TOW,1,1,815703.7,841821.5,22.28019516,114.2307614,2025/07/30 11:44:47+00
12709636.1627269,2548024.53189482,865,Statutory Notices issued on prescribed inspection/repair for buildings,就樓宇訂明檢驗／訂明修葺所發出的法定通知,10725,PAK ON BUILDING 105 AUSTIN RD,10725,PAK ON BUILDING 105 AUSTIN RD,TOW,TOW,3,3,818302.9,835828,22.30367643,114.17260445,2025/07/30 11:44:47+00
12709451.1218413,2550247.91096117,866,Statutory Notices issued on prescribed inspection/repair for buildings,就樓宇訂明檢驗／訂明修葺所發出的法定通知,29034,PAK PO MANSIONS 80/84 BUTE ST,29034,PAK PO MANSIONS 80/84 BUTE ST,TOW,TOW,2,2,820349,835656.8,22.32215458,114.17094237,2025/07/30 11:44:47+00
12709390.6995531,2548245.31660906,867,Statutory Notices issued on prescribed inspection/repair for buildings,就樓宇訂明檢驗／訂明修葺所發出的法定通知,122235,PAK SHING BUILDING 75 PARKES ST,122235,PAK SHING BUILDING 75 PARKES ST,TOW,TOW,30,30,818506.1,835600.8,22.30551153,114.17039916,2025/07/30 11:44:47+00
12711347.1371434,2549985.43780627,868,Statutory Notices issued on prescribed inspection/repair for buildings,就樓宇訂明檢驗／訂明修葺所發出的法定通知,1981438,PAK TAI MANSION 10/16 PAK TAI ST,1981438,PAK TAI MANSION 10/16 PAK TAI ST,TOW,TOW,16,16,820107.5,837411.6,22.31997308,114.18797406,2025/07/30 11:44:47+00
12711338.2760623,2549968.37728921,869,Statutory Notices issued on prescribed inspection/repair for buildings,就樓宇訂明檢驗／訂明修葺所發出的法定通知,1981399,PAK TAI MANSION 6/8 PAK TAI ST,1981399,PAK TAI MANSION 6/8 PAK TAI ST,TOW,TOW,1,1,820091.8,837403.4,22.31983093,114.18789431,2025/07/30 11:44:47+00
12709455.7345839,2548308.66751546,870,Statutory Notices issued on prescribed inspection/repair for buildings,就樓宇訂明檢驗／訂明修葺所發出的法定通知,124493,PAK TAT MANSION 86/90 PARKES ST,124493,PAK TAT MANSION 86/90 PARKES ST,TOW,TOW,2,2,818564.4,835661,22.30603809,114.17098301,2025/07/30 11:44:47+00
12693507.0945511,2564813.17438005,871,Statutory Notices issued on prescribed inspection/repair for buildings,就樓宇訂明檢驗／訂明修葺所發出的法定通知,1470474,PAK YEE BUILDING 26/34 KAU YUK RD YUEN LONG,1470474,PAK YEE BUILDING 26/34 KAU YUK RD YUEN LONG,TOW,TOW,1,1,833753.9,820913.7,22.44313884,114.02771424,2025/07/30 11:44:47+00
12711250.5950763,2550749.62885319,872,Statutory Notices issued on prescribed inspection/repair for buildings,就樓宇訂明檢驗／訂明修葺所發出的法定通知,5231270,PALACE GARDEN BLK C 163 ARGYLE ST,5231270,PALACE GARDEN BLK C 163 ARGYLE ST,TOW,TOW,1,1,820810.7,837322.2,22.32632333,114.18710699,2025/07/30 11:44:47+00
12714921.2796689,2549827.21906228,873,Statutory Notices issued on prescribed inspection/repair for buildings,就樓宇訂明檢驗／訂明修葺所發出的法定通知,1676195,PANORAMA COURT BLK 1 25 HONG LEE RD,1676195,PANORAMA COURT BLK 1 25 HONG LEE RD,TOW,TOW,1,1,819962.5,840719.6,22.31865827,114.22008103,2025/07/30 11:44:47+00
12714945.1547294,2549816.56261021,874,Statutory Notices issued on prescribed inspection/repair for buildings,就樓宇訂明檢驗／訂明修葺所發出的法定通知,1676342,PANORAMA COURT BLK 2 25 HONG LEE RD,1676342,PANORAMA COURT BLK 2 25 HONG LEE RD,TOW,TOW,1,1,819952.7,840741.7,22.31856957,114.22029524,2025/07/30 11:44:47+00
12714938.6727345,2549819.17253989,875,Statutory Notices issued on prescribed inspection/repair for buildings,就樓宇訂明檢驗／訂明修葺所發出的法定通知,1676025,PANORAMA COURT CAR PARK 25 HONG LEE RD,1676025,PANORAMA COURT CAR PARK 25 HONG LEE RD,POD,POD,1,1,819955.1,840735.7,22.31859141,114.22023708,2025/07/30 11:44:47+00
12710880.0943707,2543853.6683635,876,Statutory Notices issued on prescribed inspection/repair for buildings,就樓宇訂明檢驗／訂明修葺所發出的法定通知,2039220,PARAMOUNT MANSION 2 SHAN KWONG RD,2039220,PARAMOUNT MANSION 2 SHAN KWONG RD,POD,POD,1,1,814463.9,836979.6,22.26900813,114.18377905,2025/07/30 11:44:47+00
12710875.1260845,2543855.08079561,877,Statutory Notices issued on prescribed inspection/repair for buildings,就樓宇訂明檢驗／訂明修葺所發出的法定通知,2039289,PARAMOUNT MANSION 2 SHAN KWONG RD,2039289,PARAMOUNT MANSION 2 SHAN KWONG RD,TOW,TOW,1,1,814465.2,836975,22.26902034,114.1837338,2025/07/30 11:44:47+00
12711068.5339558,2548957.14341236,878,Statutory Notices issued on prescribed inspection/repair for buildings,就樓宇訂明檢驗／訂明修葺所發出的法定通知,1480967,PARAMOUNT MANSION 387/393A CHATHAM RD N,1480967,PARAMOUNT MANSION 387/393A CHATHAM RD N,TOW,TOW,73,73,819161.2,837153.8,22.31142763,114.185471,2025/07/30 11:44:47+00
12709909.5545458,2551700.92397084,879,Statutory Notices issued on prescribed inspection/repair for buildings,就樓宇訂明檢驗／訂明修葺所發出的法定通知,1627199,PARC OASIS CLUBHOUSE 23 PARC OASIS RD,1627199,PARC OASIS CLUBHOUSE 23 PARC OASIS RD,TOW,TOW,1,1,821686,836081.1,22.33422795,114.17506009,2025/07/30 11:44:47+00
12709931.7068147,2551659.84290183,880,Statutory Notices issued on prescribed inspection/repair for buildings,就樓宇訂明檢驗／訂明修葺所發出的法定通知,1625004,PARC OASIS TOWER 1 43 TAT CHEE AVE,1625004,PARC OASIS TOWER 1 43 TAT CHEE AVE,TOW,TOW,1,1,821648.2,836101.6,22.33388656,114.17525876,2025/07/30 11:44:47+00
12709846.1253258,2551656.14664491,881,Statutory Notices issued on prescribed inspection/repair for buildings,就樓宇訂明檢驗／訂明修葺所發出的法定通知,1631904,PARC OASIS TOWER 10 9 PARC OASIS RD,1631904,PARC OASIS TOWER 10 9 PARC OASIS RD,TOW,TOW,1,1,821644.8,836022.4,22.33385664,114.17449009,2025/07/30 11:44:47+00
12709848.3940972,2551684.62101481,882,Statutory Notices issued on prescribed inspection/repair for buildings,就樓宇訂明檢驗／訂明修葺所發出的法定通知,1632826,PARC OASIS TOWER 11 11 PARC OASIS RD,1632826,PARC OASIS TOWER 11 11 PARC OASIS RD,TOW,TOW,1,1,821671,836024.5,22.33409256,114.17451041,2025/07/30 11:44:47+00
12709852.0676284,2551713.09545338,883,Statutory Notices issued on prescribed inspection/repair for buildings,就樓宇訂明檢驗／訂明修葺所發出的法定通知,1633529,PARC OASIS TOWER 12 13 PARC OASIS RD,1633529,PARC OASIS TOWER 12 13 PARC OASIS RD,TOW,TOW,1,1,821697.2,836027.9,22.33432934,114.17454347,2025/07/30 11:44:47+00
12709881.3513285,2551711.35697962,884,Statutory Notices issued on prescribed inspection/repair for buildings,就樓宇訂明檢驗／訂明修葺所發出的法定通知,1634069,PARC OASIS TOWER 13 15 PARC OASIS RD,1634069,PARC OASIS TOWER 13 15 PARC OASIS RD,TOW,TOW,1,1,821695.6,836055,22.33431466,114.17480647,2025/07/30 11:44:47+00
12709883.5121102,2551739.72275425,885,Statutory Notices issued on prescribed inspection/repair for buildings,就樓宇訂明檢驗／訂明修葺所發出的法定通知,1634841,PARC OASIS TOWER 14 17 PARC OASIS RD,1634841,PARC OASIS TOWER 14 17 PARC OASIS RD,TOW,TOW,1,1,821721.7,836057,22.3345503,114.17482649,2025/07/30 11:44:47+00
12709886.213183,2551768.63198932,886,Statutory Notices issued on prescribed inspection/repair for buildings,就樓宇訂明檢驗／訂明修葺所發出的法定通知,1635296,PARC OASIS TOWER 15 19 PARC OASIS RD,1635296,PARC OASIS TOWER 15 19 PARC OASIS RD,TOW,TOW,1,1,821748.3,836059.5,22.33479074,114.17485014,2025/07/30 11:44:47+00
12705687.7786365,2556082.26173821,887,Statutory Notices issued on prescribed inspection/repair for buildings,就樓宇訂明檢驗／訂明修葺所發出的法定通知,1260902,VICTORY INDUSTRIAL BUILDING 151/157 WO YI HOP RD KWAI CHUNG,1260902,VICTORY INDUSTRIAL BUILDING 151/157 WO YI HOP RD KWAI CHUNG,TOW,TOW,1,1,825717.4,832175.2,22.37062959,114.13713542,2025/07/30 11:44:47+00
12714700.7872469,2549139.20341338,888,Statutory Notices issued on prescribed inspection/repair for buildings,就樓宇訂明檢驗／訂明修葺所發出的法定通知,1217137,VIET LUEN FACTORY BUILDING 126 WAI YIP ST,1217137,VIET LUEN FACTORY BUILDING 126 WAI YIP ST,TOW,TOW,1,1,819329.3,840515.7,22.31294066,114.21810008,2025/07/30 11:44:47+00
12705527.6802845,2555770.00983982,889,Statutory Notices issued on prescribed inspection/repair for buildings,就樓宇訂明檢驗／訂明修葺所發出的法定通知,5072616,VIGOR INDUSTRIAL BUILDING BLK 1 49/53 TA CHUEN PING ST KWAI CHUNG,5072616,VIGOR INDUSTRIAL BUILDING BLK 1 49/53 TA CHUEN PING ST KWAI CHUNG,TOW,TOW,1,1,825430.2,832027,22.36803549,114.13569716,2025/07/30 11:44:47+00
12711593.5875957,2540106.47776599,890,Statutory Notices issued on prescribed inspection/repair for buildings,就樓宇訂明檢驗／訂明修葺所發出的法定通知,897696,VILLA HELVETIA BLK C-F 69C/69F REPULSE BAY RD,897696,VILLA HELVETIA BLK C-F 69C/69F REPULSE BAY RD,TOW,TOW,1,1,811014.1,837640.5,22.23785372,114.19018828,2025/07/30 11:44:47+00
12709244.9609765,2548215.21124537,891,Statutory Notices issued on prescribed inspection/repair for buildings,就樓宇訂明檢驗／訂明修葺所發出的法定通知,133597,VINCENT HOUSE 89/93 SHANGHAI ST,133597,VINCENT HOUSE 89/93 SHANGHAI ST,TOW,TOW,1,1,818478.4,835465.9,22.30526126,114.16908969,2025/07/30 11:44:47+00
12704109.4310377,2554480.12912862,892,Statutory Notices issued on prescribed inspection/repair for buildings,就樓宇訂明檢驗／訂明修葺所發出的法定通知,1919423,WAFORD INDUSTRIAL BUILDING 9/11 KWAI LOK ST KWAI CHUNG,1919423,WAFORD INDUSTRIAL BUILDING 9/11 KWAI LOK ST KWAI CHUNG,TOW,TOW,1,1,824244,830714.4,22.35731983,114.12295679,2025/07/30 11:44:47+00
12711385.0590336,2549951.96463509,893,Statutory Notices issued on prescribed inspection/repair for buildings,就樓宇訂明檢驗／訂明修葺所發出的法定通知,1498143,WAH FAT BUILDING 6 MA HANG CHUNG RD,1498143,WAH FAT BUILDING 6 MA HANG CHUNG RD,TOW,TOW,1,1,820076.7,837446.7,22.31969488,114.18831439,2025/07/30 11:44:47+00
12715238.5380956,2549590.33664002,894,Statutory Notices issued on prescribed inspection/repair for buildings,就樓宇訂明檢驗／訂明修葺所發出的法定通知,866381,WAH FAT BUILDING 60/72A TUNG MING ST,866381,WAH FAT BUILDING 60/72A TUNG MING ST,TOW,TOW,102,102,819744.6,841013.3,22.31669,114.22293101,2025/07/30 11:44:47+00
12705356.3482234,2555071.10046389,895,Statutory Notices issued on prescribed inspection/repair for buildings,就樓宇訂明檢驗／訂明修葺所發出的法定通知,1857493,WAH FAT INDUSTRIAL BUILDING 10/14 KUNG YIP ST KWAI CHUNG,1857493,WAH FAT INDUSTRIAL BUILDING 10/14 KUNG YIP ST KWAI CHUNG,TOW,TOW,1,1,824787.3,831868.3,22.36222929,114.1341584,2025/07/30 11:44:47+00
12708079.0264689,2551046.66439977,896,Statutory Notices issued on prescribed inspection/repair for buildings,就樓宇訂明檢驗／訂明修葺所發出的法定通知,1322202,WAH HING BUILDING 16/22 YEN CHOW ST,1322202,WAH HING BUILDING 16/22 YEN CHOW ST,TOW,TOW,1,1,821084.1,834387,22.32879174,114.15861633,2025/07/30 11:44:47+00
12708688.4221255,2565477.27216055,897,Statutory Notices issued on prescribed inspection/repair for buildings,就樓宇訂明檢驗／訂明修葺所發出的法定通知,936956,WAH HING BUILDING 27/29 YAN HING ST TAI PO,936956,WAH HING BUILDING 27/29 YAN HING ST TAI PO,TOW,TOW,2,2,834356.9,834952.1,22.44865262,114.16409014,2025/07/30 11:44:47+00
12709239.9388037,2549239.78449582,898,Statutory Notices issued on prescribed inspection/repair for buildings,就樓宇訂明檢驗／訂明修葺所發出的法定通知,141059,WAH HING COMMERCIAL CENTRE 383 SHANGHAI ST,141059,WAH HING COMMERCIAL CENTRE 383 SHANGHAI ST,TOW,TOW,1,1,819421.3,835461.3,22.31377653,114.1690453,2025/07/30 11:44:47+00
12703660.2846576,2555852.77028191,899,Statutory Notices issued on prescribed inspection/repair for buildings,就樓宇訂明檢驗／訂明修葺所發出的法定通知,1853759,WAH HING HOUSE 341/345 SHA TSUI RD TSUEN WAN TSUEN WAN,1853759,WAH HING HOUSE 341/345 SHA TSUI RD TSUEN WAN TSUEN WAN,TOW,TOW,1,1,825506.9,830299.3,22.36872288,114.1189217,2025/07/30 11:44:47+00
12712324.6771381,2551940.20333905,900,Statutory Notices issued on prescribed inspection/repair for buildings,就樓宇訂明檢驗／訂明修葺所發出的法定通知,1157233,WAH HING INDUSTRIAL MANSIONS 21/25 TSEUK LUK ST,1157233,WAH HING INDUSTRIAL MANSIONS 21/25 TSEUK LUK ST,TOW,TOW,1,1,821906.3,838316.1,22.33621678,114.19675601,2025/07/30 11:44:47+00
12712823.6867091,2553231.21632486,901,Statutory Notices issued on prescribed inspection/repair for buildings,就樓宇訂明檢驗／訂明修葺所發出的法定通知,978978,WAH KAY HOUSE 1/23 YUK WAH CRESCENT,978978,WAH KAY HOUSE 1/23 YUK WAH CRESCENT,POD,POD,1,1,823094.2,838777.7,22.34694352,114.20123774,2025/07/30 11:44:47+00
12712822.8220461,2553230.45563153,902,Statutory Notices issued on prescribed inspection/repair for buildings,就樓宇訂明檢驗／訂明修葺所發出的法定通知,979591,WAH KAY HOUSE 1/23 YUK WAH CRESCENT,979591,WAH KAY HOUSE 1/23 YUK WAH CRESCENT,TOW,TOW,1,1,823093.5,838776.9,22.34693688,114.20123031,2025/07/30 11:44:47+00
12707071.2969656,2545754.45025574,903,Statutory Notices issued on prescribed inspection/repair for buildings,就樓宇訂明檢驗／訂明修葺所發出的法定通知,302250,WAH KOON BUILDING 181/199 HOLLYWOOD RD,302250,WAH KOON BUILDING 181/199 HOLLYWOOD RD,TOW,TOW,1,1,816213.8,833453.5,22.28480848,114.14956338,2025/07/30 11:44:47+00
12707071.2969656,2545754.45025574,904,Statutory Notices issued on prescribed inspection/repair for buildings,就樓宇訂明檢驗／訂明修葺所發出的法定通知,302249,WAH KOON BUILDING 181/199 HOLLYWOOD RD,302249,WAH KOON BUILDING 181/199 HOLLYWOOD RD,POD,POD,2,2,816213.8,833453.5,22.28480848,114.14956338,2025/07/30 11:44:47+00
12708978.490812,2550652.36625319,905,Statutory Notices issued on prescribed inspection/repair for buildings,就樓宇訂明檢驗／訂明修葺所發出的法定通知,177259,WAH LAI COURT 19/23 CEDAR ST,177259,WAH LAI COURT 19/23 CEDAR ST,TOW,TOW,2,2,820721.2,835219.4,22.32551536,114.16669668,2025/07/30 11:44:47+00
12706149.9030479,2546154.50329932,906,Statutory Notices issued on prescribed inspection/repair for buildings,就樓宇訂明檢驗／訂明修葺所發出的法定通知,1407762,WAH LAP BUILDING 251/253 DES VOEUX RD W,1407762,WAH LAP BUILDING 251/253 DES VOEUX RD W,TOW,TOW,1,1,816582.2,832600.6,22.2881343,114.14128697,2025/07/30 11:44:47+00
12708900.0714792,2565376.78683958,907,Statutory Notices issued on prescribed inspection/repair for buildings,就樓宇訂明檢驗／訂明修葺所發出的法定通知,1564971,WAH LOK BUILDING 47/53 PO HEUNG ST TAI PO,1564971,WAH LOK BUILDING 47/53 PO HEUNG ST TAI PO,TOW,TOW,1,1,834264.5,835147.8,22.44781814,114.16599199,2025/07/30 11:44:47+00
12688125.4379234,2558270.15709219,908,Statutory Notices issued on prescribed inspection/repair for buildings,就樓宇訂明檢驗／訂明修葺所發出的法定通知,764925,WAH LOK MANSION 2 TSING SHAN SQUARE TUEN MUN,764925,WAH LOK MANSION 2 TSING SHAN SQUARE TUEN MUN,TOW,TOW,1,1,827742.7,815929.3,22.38880341,113.97937004,2025/07/30 11:44:47+00
12688119.3602352,2558288.63185976,909,Statutory Notices issued on prescribed inspection/repair for buildings,就樓宇訂明檢驗／訂明修葺所發出的法定通知,764809,WAH LOK MANSION 2 TSING SHAN SQUARE TUEN MUN,764809,WAH LOK MANSION 2 TSING SHAN SQUARE TUEN MUN,POD,POD,1,1,827759.7,815923.7,22.38895623,113.97931583,2025/07/30 11:44:47+00
12708792.8241644,2551101.29163872,910,Statutory Notices issued on prescribed inspection/repair for buildings,就樓宇訂明檢驗／訂明修葺所發出的法定通知,3889,WAH PONT HOUSE 69/75 FUK WA ST,3889,WAH PONT HOUSE 69/75 FUK WA ST,TOW,TOW,2,2,821134.3,835047.6,22.32924555,114.16502861,2025/07/30 11:44:47+00
12687181.1157941,2558800.86954025,911,Statutory Notices issued on prescribed inspection/repair for buildings,就樓宇訂明檢驗／訂明修葺所發出的法定通知,1564974,WAH TAI INDUSTRIAL BUILDING 11 SAN ON ST TUEN MUN,1564974,WAH TAI INDUSTRIAL BUILDING 11 SAN ON ST TUEN MUN,POD,POD,1,1,828232,815056.4,22.39321142,113.97088685,2025/07/30 11:44:47+00
12709916.145043,2551791.89017029,912,Statutory Notices issued on prescribed inspection/repair for buildings,就樓宇訂明檢驗／訂明修葺所發出的法定通知,1635790,PARC OASIS TOWER 16 21 PARC OASIS RD,1635790,PARC OASIS TOWER 16 21 PARC OASIS RD,TOW,TOW,1,1,821769.7,836087.2,22.33498378,114.17511921,2025/07/30 11:44:47+00
12709946.5092483,2551812.10524922,913,Statutory Notices issued on prescribed inspection/repair for buildings,就樓宇訂明檢驗／訂明修葺所發出的法定通知,1636471,PARC OASIS TOWER 17 51 TAT CHEE AVE,1636471,PARC OASIS TOWER 17 51 TAT CHEE AVE,TOW,TOW,1,1,821788.3,836115.3,22.33515224,114.17539222,2025/07/30 11:44:47+00
12709944.2404323,2551769.28474296,914,Statutory Notices issued on prescribed inspection/repair for buildings,就樓宇訂明檢驗／訂明修葺所發出的法定通知,1636882,PARC OASIS TOWER 18 49 TAT CHEE AVE,1636882,PARC OASIS TOWER 18 49 TAT CHEE AVE,TOW,TOW,1,1,821748.9,836113.2,22.33479639,114.17537159,2025/07/30 11:44:47+00
12709941.6473169,2551740.48419836,915,Statutory Notices issued on prescribed inspection/repair for buildings,就樓宇訂明檢驗／訂明修葺所發出的法定通知,1637194,PARC OASIS TOWER 19 47 TAT CHEE AVE,1637194,PARC OASIS TOWER 19 47 TAT CHEE AVE,TOW,TOW,1,1,821722.4,836110.8,22.33455708,114.17534824,2025/07/30 11:44:47+00
12709929.2217948,2551631.04254101,916,Statutory Notices issued on prescribed inspection/repair for buildings,就樓宇訂明檢驗／訂明修葺所發出的法定通知,1624949,PARC OASIS TOWER 2 41 TAT CHEE AVE,1624949,PARC OASIS TOWER 2 41 TAT CHEE AVE,TOW,TOW,1,1,821621.7,836099.3,22.33364725,114.17523662,2025/07/30 11:44:47+00
12709938.9461525,2551711.68370083,917,Statutory Notices issued on prescribed inspection/repair for buildings,就樓宇訂明檢驗／訂明修葺所發出的法定通知,1637725,PARC OASIS TOWER 20 45 TAT CHEE AVE,1637725,PARC OASIS TOWER 20 45 TAT CHEE AVE,TOW,TOW,1,1,821695.9,836108.3,22.33431805,114.17532428,2025/07/30 11:44:47+00
12709930.3026723,2551601.91622576,918,Statutory Notices issued on prescribed inspection/repair for buildings,就樓宇訂明檢驗／訂明修葺所發出的法定通知,1624835,PARC OASIS TOWER 3 39 TAT CHEE AVE,1624835,PARC OASIS TOWER 3 39 TAT CHEE AVE,TOW,TOW,1,1,821594.9,836100.3,22.33340597,114.17524663,2025/07/30 11:44:47+00
12709927.8176634,2551573.11596242,919,Statutory Notices issued on prescribed inspection/repair for buildings,就樓宇訂明檢驗／訂明修葺所發出的法定通知,1624748,PARC OASIS TOWER 4 37 TAT CHEE AVE,1624748,PARC OASIS TOWER 4 37 TAT CHEE AVE,TOW,TOW,1,1,821568.4,836098,22.33316637,114.17522449,2025/07/30 11:44:47+00
12709924.9004381,2551544.09838284,920,Statutory Notices issued on prescribed inspection/repair for buildings,就樓宇訂明檢驗／訂明修葺所發出的法定通知,1624681,PARC OASIS TOWER 5 35 TAT CHEE AVE,1624681,PARC OASIS TOWER 5 35 TAT CHEE AVE,TOW,TOW,1,1,821541.7,836095.3,22.33292481,114.1751981,2025/07/30 11:44:47+00
12709896.589545,2551545.72824843,921,Statutory Notices issued on prescribed inspection/repair for buildings,就樓宇訂明檢驗／訂明修葺所發出的法定通知,1624470,PARC OASIS TOWER 6 6 GRANDEUR RD,1624470,PARC OASIS TOWER 6 6 GRANDEUR RD,TOW,TOW,1,1,821543.2,836069.1,22.33293867,114.17494369,2025/07/30 11:44:47+00
12709837.1582101,2551552.46554781,922,Statutory Notices issued on prescribed inspection/repair for buildings,就樓宇訂明檢驗／訂明修葺所發出的法定通知,1628582,PARC OASIS TOWER 7 1 PARC OASIS RD,1628582,PARC OASIS TOWER 7 1 PARC OASIS RD,TOW,TOW,1,1,821549.4,836014.1,22.3329945,114.17441002,2025/07/30 11:44:47+00
12709839.8591616,2551582.13523408,923,Statutory Notices issued on prescribed inspection/repair for buildings,就樓宇訂明檢驗／訂明修葺所發出的法定通知,1629000,PARC OASIS TOWER 8 3 PARC OASIS RD,1629000,PARC OASIS TOWER 8 3 PARC OASIS RD,TOW,TOW,1,1,821576.7,836016.6,22.33324143,114.17443398,2025/07/30 11:44:47+00
12709843.7484979,2551628.10704206,924,Statutory Notices issued on prescribed inspection/repair for buildings,就樓宇訂明檢驗／訂明修葺所發出的法定通知,1630901,PARC OASIS TOWER 9 7 PARC OASIS RD,1630901,PARC OASIS TOWER 9 7 PARC OASIS RD,TOW,TOW,1,1,821619,836020.2,22.33362325,114.17446886,2025/07/30 11:44:47+00
12711904.2778611,2544373.9400392,925,Statutory Notices issued on prescribed inspection/repair for buildings,就樓宇訂明檢驗／訂明修葺所發出的法定通知,509758,PARK GARDEN 6 TAI HANG DRIVE,509758,PARK GARDEN 6 TAI HANG DRIVE,TOW,TOW,3,3,814942.9,837927.8,22.27333342,114.19297917,2025/07/30 11:44:47+00
12711811.6162392,2545562.34159032,926,Statutory Notices issued on prescribed inspection/repair for buildings,就樓宇訂明檢驗／訂明修葺所發出的法定通知,607278,PARK VIEW MANSION 3 LAU SIN ST,607278,PARK VIEW MANSION 3 LAU SIN ST,POD,POD,1,1,816036.8,837841.9,22.28321214,114.19214683,2025/07/30 11:44:47+00
12711813.1287068,2545564.40563113,927,Statutory Notices issued on prescribed inspection/repair for buildings,就樓宇訂明檢驗／訂明修葺所發出的法定通知,607315,PARK VIEW MANSION 3 LAU SIN ST,607315,PARK VIEW MANSION 3 LAU SIN ST,TOW,TOW,39,39,816038.7,837843.3,22.28322894,114.19215976,2025/07/30 11:44:47+00
12711031.0614544,2545325.67402921,928,Statutory Notices issued on prescribed inspection/repair for buildings,就樓宇訂明檢驗／訂明修葺所發出的法定通知,2261555,PATERSON BUILDING BLK A 47 PATERSON ST,2261555,PATERSON BUILDING BLK A 47 PATERSON ST,TOW,TOW,2,2,815818.9,837119.3,22.28124489,114.18513471,2025/07/30 11:44:47+00
12711010.8618491,2545317.74439087,929,Statutory Notices issued on prescribed inspection/repair for buildings,就樓宇訂明檢驗／訂明修葺所發出的法定通知,2261633,PATERSON BUILDING BLK B 7 GREAT GEORGE ST,2261633,PATERSON BUILDING BLK B 7 GREAT GEORGE ST,TOW,TOW,1,1,815811.6,837100.6,22.2811784,114.18495314,2025/07/30 11:44:47+00
12711043.9135341,2545290.58251951,930,Statutory Notices issued on prescribed inspection/repair for buildings,就樓宇訂明檢驗／訂明修葺所發出的法定通知,2261709,PATERSON BUILDING BLK C 37 PATERSON ST,2261709,PATERSON BUILDING BLK C 37 PATERSON ST,TOW,TOW,2,2,815786.6,837131.2,22.28095316,114.18524982,2025/07/30 11:44:47+00
12708933.4956945,2565273.24228133,931,Statutory Notices issued on prescribed inspection/repair for buildings,就樓宇訂明檢驗／訂明修葺所發出的法定通知,926494,PAULINE BUILDING 9/15 HEUNG SZE WUI ST TAI PO,926494,PAULINE BUILDING 9/15 HEUNG SZE WUI ST TAI PO,TOW,TOW,1,1,834169.3,835178.7,22.44695872,114.16629192,2025/07/30 11:44:47+00
12710970.3933531,2543944.04517446,932,Statutory Notices issued on prescribed inspection/repair for buildings,就樓宇訂明檢驗／訂明修葺所發出的法定通知,613409,PEACE HOUSE 29 WONG NAI CHUNG RD,613409,PEACE HOUSE 29 WONG NAI CHUNG RD,TOW,TOW,19,19,814547.1,837063.2,22.26975943,114.18458968,2025/07/30 11:44:47+00
12711102.133515,2545272.43626419,933,Statutory Notices issued on prescribed inspection/repair for buildings,就樓宇訂明檢驗／訂明修葺所發出的法定通知,738367,PEARL CITY MANSION 25/29 GREAT GEORGE ST,738367,PEARL CITY MANSION 25/29 GREAT GEORGE ST,TOW,TOW,3,3,815769.9,837185.1,22.28080234,114.18577329,2025/07/30 11:44:47+00
12711339.1011584,2550910.67937651,934,Statutory Notices issued on prescribed inspection/repair for buildings,就樓宇訂明檢驗／訂明修葺所發出的法定通知,306787,PEARL HOUSE 368/374 PRINCE EDWARD RD W,306787,PEARL HOUSE 368/374 PRINCE EDWARD RD W,TOW,TOW,1,1,820958.9,837404.1,22.32766197,114.18790179,2025/07/30 11:44:47+00
12708380.9366178,2549906.60918868,935,Statutory Notices issued on prescribed inspection/repair for buildings,就樓宇訂明檢驗／訂明修葺所發出的法定通知,213638,PEONY HOUSE WEST BLOCK 36/46 HOI KING ST,213638,PEONY HOUSE WEST BLOCK 36/46 HOI KING ST,TOW,TOW,3,3,820035,834666.3,22.3193178,114.16132814,2025/07/30 11:44:47+00
12710291.0910191,2550280.74166954,936,Statutory Notices issued on prescribed inspection/repair for buildings,就樓宇訂明檢驗／訂明修葺所發出的法定通知,1382972,PHASE 2 HARRISON COURT 90/90A WATERLOO RD,1382972,PHASE 2 HARRISON COURT 90/90A WATERLOO RD,TOW,TOW,25,25,820379.2,836434.2,22.32242731,114.1784871,2025/07/30 11:44:47+00
12710700.6784346,2552637.22585189,937,Statutory Notices issued on prescribed inspection/repair for buildings,就樓宇訂明檢驗／訂明修葺所發出的法定通知,970862,PHOENIX COURT 5/7 FESSENDEN RD,970862,PHOENIX COURT 5/7 FESSENDEN RD,TOW,TOW,1,1,822547.5,836813.2,22.34200779,114.18216649,2025/07/30 11:44:47+00
12708566.3430496,2551102.14169037,938,Statutory Notices issued on prescribed inspection/repair for buildings,就樓宇訂明檢驗／訂明修葺所發出的法定通知,267433,WAH TANG BUILDING 139/141 APLIU ST,267433,WAH TANG BUILDING 139/141 APLIU ST,TOW,TOW,3,3,821135.1,834838,22.32925273,114.16299416,2025/07/30 11:44:47+00
12709103.2791355,2550831.57889601,939,Statutory Notices issued on prescribed inspection/repair for buildings,就樓宇訂明檢驗／訂明修葺所發出的法定通知,293923,WAH TAO BUILDING 14/16 TAI PO RD,293923,WAH TAO BUILDING 14/16 TAI PO RD,TOW,TOW,1,1,820886.1,835334.9,22.32700495,114.16781718,2025/07/30 11:44:47+00
12710057.3978466,2544720.58351887,940,Statutory Notices issued on prescribed inspection/repair for buildings,就樓宇訂明檢驗／訂明修葺所發出的法定通知,798058,WAH TAO BUILDING 42 WOOD RD,798058,WAH TAO BUILDING 42 WOOD RD,TOW,TOW,1,1,815261.9,836217.9,22.27621498,114.17638799,2025/07/30 11:44:47+00
12705498.5607723,2555143.75368384,941,Statutory Notices issued on prescribed inspection/repair for buildings,就樓宇訂明檢驗／訂明修葺所發出的法定通知,1329672,WAH TAT INDUSTRIAL CENTRE BLK A 8 WAH SING ST KWAI CHUNG,1329672,WAH TAT INDUSTRIAL CENTRE BLK A 8 WAH SING ST KWAI CHUNG,TOW,TOW,2,2,824854.1,831999.9,22.3628329,114.13543586,2025/07/30 11:44:47+00
12705492.4912558,2555206.03880268,942,Statutory Notices issued on prescribed inspection/repair for buildings,就樓宇訂明檢驗／訂明修葺所發出的法定通知,1330069,WAH TAT INDUSTRIAL CENTRE BLK B 8 WAH SING ST KWAI CHUNG,1330069,WAH TAT INDUSTRIAL CENTRE BLK B 8 WAH SING ST KWAI CHUNG,TOW,TOW,1,1,824911.4,831994.3,22.36334989,114.13538088,2025/07/30 11:44:47+00
12705440.8391822,2555168.95668393,943,Statutory Notices issued on prescribed inspection/repair for buildings,就樓宇訂明檢驗／訂明修葺所發出的法定通知,1330441,WAH TAT INDUSTRIAL CENTRE BLK C 8 WAH SING ST KWAI CHUNG,1330441,WAH TAT INDUSTRIAL CENTRE BLK C 8 WAH SING ST KWAI CHUNG,TOW,TOW,1,1,824877.3,831946.5,22.36304205,114.13491707,2025/07/30 11:44:47+00
12714979.4824826,2545587.57528499,944,Statutory Notices issued on prescribed inspection/repair for buildings,就樓宇訂明檢驗／訂明修葺所發出的法定通知,1487392,WAH TONG BUILDING 38/44 SHAU KEI WAN RD,1487392,WAH TONG BUILDING 38/44 SHAU KEI WAN RD,POD,POD,1,1,816060.6,840774.6,22.28342156,114.22060381,2025/07/30 11:44:47+00
12686900.0874838,2559243.21644181,945,Statutory Notices issued on prescribed inspection/repair for buildings,就樓宇訂明檢驗／訂明修葺所發出的法定通知,1808537,WAH WAN INDUSTRIAL BUILDING 2 KIN FAT LANE TUEN MUN,1808537,WAH WAN INDUSTRIAL BUILDING 2 KIN FAT LANE TUEN MUN,TOW,TOW,1,1,828639.2,814797,22.39688555,113.96836302,2025/07/30 11:44:47+00
12709832.8385075,2544720.58135574,946,Statutory Notices issued on prescribed inspection/repair for buildings,就樓宇訂明檢驗／訂明修葺所發出的法定通知,690084,WAH YAN COURT 2/3 TRIANGLE ST,690084,WAH YAN COURT 2/3 TRIANGLE ST,TOW,TOW,19,19,815261.9,836010,22.27621438,114.17437063,2025/07/30 11:44:47+00
12709329.6021472,2544788.02896042,947,Statutory Notices issued on prescribed inspection/repair for buildings,就樓宇訂明檢驗／訂明修葺所發出的法定通知,1032184,WAI CHEONG BUILDING 5/9A GRESSON ST,1032184,WAI CHEONG BUILDING 5/9A GRESSON ST,POD,POD,1,1,815324,835544.1,22.27677515,114.16985057,2025/07/30 11:44:47+00
12710317.06362,2544893.96699568,948,Statutory Notices issued on prescribed inspection/repair for buildings,就樓宇訂明檢驗／訂明修葺所發出的法定通知,676875,WAI HAY MANSION 201/203 WAN CHAI RD,676875,WAI HAY MANSION 201/203 WAN CHAI RD,TOW,TOW,1,1,815421.5,836458.3,22.27765606,114.17872097,2025/07/30 11:44:47+00
12705816.4382552,2555934.9956458,949,Statutory Notices issued on prescribed inspection/repair for buildings,就樓宇訂明檢驗／訂明修葺所發出的法定通知,873782,WAI HING FACTORY BUILDING 37/41 LAM TIN ST KWAI CHUNG,873782,WAI HING FACTORY BUILDING 37/41 LAM TIN ST KWAI CHUNG,TOW,TOW,1,1,825581.9,832294.2,22.36940629,114.13829092,2025/07/30 11:44:47+00
12706527.354501,2546052.57045172,950,Statutory Notices issued on prescribed inspection/repair for buildings,就樓宇訂明檢驗／訂明修葺所發出的法定通知,385329,WAI LEE BUILDING 2 WILMER ST,385329,WAI LEE BUILDING 2 WILMER ST,TOW,TOW,1,1,816488.3,832950,22.28728699,114.14467689,2025/07/30 11:44:47+00
12709501.8813355,2544857.23793537,951,Statutory Notices issued on prescribed inspection/repair for buildings,就樓宇訂明檢驗／訂明修葺所發出的法定通知,864040,WAI LUN MANSION 78/84A HENNESSY RD,864040,WAI LUN MANSION 78/84A HENNESSY RD,TOW,TOW,2,2,815387.7,835703.6,22.27735117,114.1713979,2025/07/30 11:44:47+00
12708779.9078599,2565552.65666119,952,Statutory Notices issued on prescribed inspection/repair for buildings,就樓宇訂明檢驗／訂明修葺所發出的法定通知,1649805,WAI ON BUILDING 49/51 TSING YUEN ST TAI PO,1649805,WAI ON BUILDING 49/51 TSING YUEN ST TAI PO,TOW,TOW,13,13,834426.2,835036.7,22.44927804,114.16491282,2025/07/30 11:44:47+00
12709160.9232454,2547967.35802037,953,Statutory Notices issued on prescribed inspection/repair for buildings,就樓宇訂明檢驗／訂明修葺所發出的法定通知,3034,WAI ON BUILDING BLK A 1/1C AUSTIN RD,3034,WAI ON BUILDING BLK A 1/1C AUSTIN RD,TOW,TOW,2,2,818250.3,835388.1,22.30320143,114.16833553,2025/07/30 11:44:47+00
12710448.7384813,2545164.80050074,954,Statutory Notices issued on prescribed inspection/repair for buildings,就樓宇訂明檢驗／訂明修葺所發出的法定通知,705195,WAI SUN BUILDING 392/402 JAFFE RD,705195,WAI SUN BUILDING 392/402 JAFFE RD,TOW,TOW,1,1,815670.8,836580.2,22.27990777,114.17990397,2025/07/30 11:44:47+00
12705484.170954,2555593.35026112,955,Statutory Notices issued on prescribed inspection/repair for buildings,就樓宇訂明檢驗／訂明修葺所發出的法定通知,726624,WAI YIN BUILDING 430/436 CASTLE PEAK RD KWAI CHUNG,726624,WAI YIN BUILDING 430/436 CASTLE PEAK RD KWAI CHUNG,TOW,TOW,1,1,825267.7,831986.7,22.36656752,114.13530637,2025/07/30 11:44:47+00
12709869.3729786,2550567.9630515,956,Statutory Notices issued on prescribed inspection/repair for buildings,就樓宇訂明檢驗／訂明修葺所發出的法定通知,1708009,WALE'S COURT (201/203) PRINCE EDWARD RD W,1708009,WALE'S COURT (201/203) PRINCE EDWARD RD W,TOW,TOW,1,1,820643.5,836043.9,22.3248142,114.17469893,2025/07/30 11:44:47+00
12713010.5311062,2553205.53387959,957,Statutory Notices issued on prescribed inspection/repair for buildings,就樓宇訂明檢驗／訂明修葺所發出的法定通知,1308513,WAN WAH MANSION 26 YUK WAH CRESCENT,1308513,WAN WAH MANSION 26 YUK WAH CRESCENT,TOW,TOW,1,1,823070.6,838950.6,22.34672951,114.20291706,2025/07/30 11:44:47+00
12714345.395684,2550687.94608246,958,Statutory Notices issued on prescribed inspection/repair for buildings,就樓宇訂明檢驗／訂明修葺所發出的法定通知,1035589,WANG KWONG BUILDING BLK A 33 NGAU TAU KOK RD,1035589,WANG KWONG BUILDING BLK A 33 NGAU TAU KOK RD,TOW,TOW,1,1,820754.4,840186.4,22.32581052,114.21490774,2025/07/30 11:44:47+00
12714372.7349329,2550696.95909556,959,Statutory Notices issued on prescribed inspection/repair for buildings,就樓宇訂明檢驗／訂明修葺所發出的法定通知,1036880,WANG KWONG BUILDING BLK B 33 NGAU TAU KOK RD,1036880,WANG KWONG BUILDING BLK B 33 NGAU TAU KOK RD,TOW,TOW,1,1,820762.7,840211.7,22.32588551,114.21515331,2025/07/30 11:44:47+00
12714391.2171412,2550718.36324344,960,Statutory Notices issued on prescribed inspection/repair for buildings,就樓宇訂明檢驗／訂明修葺所發出的法定通知,1037330,WANG KWONG BUILDING BLK C 33 NGAU TAU KOK RD,1037330,WANG KWONG BUILDING BLK C 33 NGAU TAU KOK RD,TOW,TOW,1,1,820782.4,840228.8,22.32606392,114.2153196,2025/07/30 11:44:47+00
12715073.8149626,2549006.20041818,961,Statutory Notices issued on prescribed inspection/repair for buildings,就樓宇訂明檢驗／訂明修葺所發出的法定通知,672858,WANG KWONG INDUSTRIAL BUILDING 45 HUNG TO RD,672858,WANG KWONG INDUSTRIAL BUILDING 45 HUNG TO RD,POD,POD,1,1,819207,840861,22.31183506,114.22145147,2025/07/30 11:44:47+00
12703732.5056566,2556083.91128001,962,Statutory Notices issued on prescribed inspection/repair for buildings,就樓宇訂明檢驗／訂明修葺所發出的法定通知,634081,WANSON HOUSE 117/121 CASTLE PEAK RD TSUEN WAN TSUEN WAN,634081,WANSON HOUSE 117/121 CASTLE PEAK RD TSUEN WAN TSUEN WAN,TOW,TOW,22,22,825719.5,830366.2,22.37064294,114.11957064,2025/07/30 11:44:47+00
12710670.7453528,2552654.61679095,963,Statutory Notices issued on prescribed inspection/repair for buildings,就樓宇訂明檢驗／訂明修葺所發出的法定通知,971170,PHOENIX COURT 9/11 FESSENDEN RD,971170,PHOENIX COURT 9/11 FESSENDEN RD,TOW,TOW,2,2,822563.5,836785.5,22.34215228,114.18189771,2025/07/30 11:44:47+00
12710637.028303,2552618.96862043,964,Statutory Notices issued on prescribed inspection/repair for buildings,就樓宇訂明檢驗／訂明修葺所發出的法定通知,1544027,PHOENIX COURT BLK C 8/10 MARCONI RD,1544027,PHOENIX COURT BLK C 8/10 MARCONI RD,TOW,TOW,2,2,822530.7,836754.3,22.34185626,114.18159556,2025/07/30 11:44:47+00
12711912.4083877,2545664.12871649,965,Statutory Notices issued on prescribed inspection/repair for buildings,就樓宇訂明檢驗／訂明修葺所發出的法定通知,667796,PIEDMONT GARDEN 37/39A TIN HAU TEMPLE RD,667796,PIEDMONT GARDEN 37/39A TIN HAU TEMPLE RD,TOW,TOW,1,1,816130.5,837935.2,22.28405788,114.19305224,2025/07/30 11:44:47+00
12709073.2299373,2549240.20967442,966,Statutory Notices issued on prescribed inspection/repair for buildings,就樓宇訂明檢驗／訂明修葺所發出的法定通知,132218,PIK WAH BUILDING 7A PITT ST,132218,PIK WAH BUILDING 7A PITT ST,TOW,TOW,1,1,819421.7,835307,22.31378053,114.16754755,2025/07/30 11:44:47+00
12709696.1518298,2551232.94671067,967,Statutory Notices issued on prescribed inspection/repair for buildings,就樓宇訂明檢驗／訂明修葺所發出的法定通知,31737,PINE COURT 18 DIANTHUS RD,31737,PINE COURT 18 DIANTHUS RD,TOW,TOW,13,13,821255.4,835883.6,22.33033948,114.17314303,2025/07/30 11:44:47+00
12709004.1165044,2565239.85554057,968,Statutory Notices issued on prescribed inspection/repair for buildings,就樓宇訂明檢驗／訂明修葺所發出的法定通知,927500,PING ON BUILDING 43/47 HEUNG SZE WUI SQUARE TAI PO,927500,PING ON BUILDING 43/47 HEUNG SZE WUI SQUARE TAI PO,TOW,TOW,1,1,834138.6,835244,22.44668129,114.16692624,2025/07/30 11:44:47+00
12708685.7378911,2551158.66444056,969,Statutory Notices issued on prescribed inspection/repair for buildings,就樓宇訂明檢驗／訂明修葺所發出的法定通知,683102,PO CHEONG BUILDING 148/154 NAM CHEONG ST,683102,PO CHEONG BUILDING 148/154 NAM CHEONG ST,TOW,TOW,1,1,821187.1,834948.5,22.3297224,114.1640667,2025/07/30 11:44:47+00
12708879.8517784,2550492.93500673,970,Statutory Notices issued on prescribed inspection/repair for buildings,就樓宇訂明檢驗／訂明修葺所發出的法定通知,1213490,PO FUNG BUILDING 75/79 LAI CHI KOK RD,1213490,PO FUNG BUILDING 75/79 LAI CHI KOK RD,TOW,TOW,1,1,820574.5,835128.1,22.32419046,114.16581039,2025/07/30 11:44:47+00
12706439.8295615,2546179.01466697,971,Statutory Notices issued on prescribed inspection/repair for buildings,就樓宇訂明檢驗／訂明修葺所發出的法定通知,373793,PO FUNG MANSION 127/128A CONNAUGHT RD W,373793,PO FUNG MANSION 127/128A CONNAUGHT RD W,TOW,TOW,1,1,816604.7,832869,22.28833738,114.14389077,2025/07/30 11:44:47+00
12706439.8295615,2546179.01466697,972,Statutory Notices issued on prescribed inspection/repair for buildings,就樓宇訂明檢驗／訂明修葺所發出的法定通知,373783,PO FUNG MANSION 127/128A CONNAUGHT RD W,373783,PO FUNG MANSION 127/128A CONNAUGHT RD W,POD,POD,1,1,816604.7,832869,22.28833738,114.14389127,2025/07/30 11:44:47+00
12708911.9734128,2565293.58027649,973,Statutory Notices issued on prescribed inspection/repair for buildings,就樓宇訂明檢驗／訂明修葺所發出的法定通知,1568629,PO HEUNG BUILDING 36/44 PO HEUNG ST TAI PO,1568629,PO HEUNG BUILDING 36/44 PO HEUNG ST TAI PO,TOW,TOW,1,1,834188,835158.8,22.44712778,114.16609887,2025/07/30 11:44:47+00
12710743.3015475,2545257.02690698,974,Statutory Notices issued on prescribed inspection/repair for buildings,就樓宇訂明檢驗／訂明修葺所發出的法定通知,486232,PO HON BUILDING 24/30 PERCIVAL ST,486232,PO HON BUILDING 24/30 PERCIVAL ST,TOW,TOW,2,2,815755.7,836852.9,22.28067422,114.18255019,2025/07/30 11:44:47+00
12714029.7255387,2545808.36974353,975,Statutory Notices issued on prescribed inspection/repair for buildings,就樓宇訂明檢驗／訂明修葺所發出的法定通知,2308309,PO LEE BUILDING & WAI LEE BUILDING 995/997 KING'S RD,2308309,PO LEE BUILDING & WAI LEE BUILDING 995/997 KING'S RD,TOW,TOW,3,3,816263.6,839895.3,22.2852566,114.21207237,2025/07/30 11:44:47+00
12712801.4117889,2553149.81087531,976,Statutory Notices issued on prescribed inspection/repair for buildings,就樓宇訂明檢驗／訂明修葺所發出的法定通知,1039971,PO MING BUILDING 117/119 PO KONG VILLAGE RD,1039971,PO MING BUILDING 117/119 PO KONG VILLAGE RD,TOW,TOW,1,1,823019.3,838757.1,22.3462668,114.20103806,2025/07/30 11:44:47+00
12693161.7837662,2564827.50886579,977,Statutory Notices issued on prescribed inspection/repair for buildings,就樓宇訂明檢驗／訂明修葺所發出的法定通知,1082962,PO SHING BUILDING 88 KAU YUK RD YUEN LONG,1082962,PO SHING BUILDING 88 KAU YUK RD YUEN LONG,TOW,TOW,1,1,833767.4,820594.4,22.4432579,114.0246125,2025/07/30 11:44:47+00
12711736.5696474,2545835.04227003,978,Statutory Notices issued on prescribed inspection/repair for buildings,就樓宇訂明檢驗／訂明修葺所發出的法定通知,1449344,PO TIN BUILDING 111/117 ELECTRIC RD,1449344,PO TIN BUILDING 111/117 ELECTRIC RD,TOW,TOW,1,1,816287.8,837772.4,22.28547904,114.19147255,2025/07/30 11:44:47+00
12707988.1403475,2551150.76570005,979,Statutory Notices issued on prescribed inspection/repair for buildings,就樓宇訂明檢驗／訂明修葺所發出的法定通知,2023317,PO WING BUILDING BLK A 243/249 YEE KUK ST,2023317,PO WING BUILDING BLK A 243/249 YEE KUK ST,TOW,TOW,1,1,821179.9,834302.9,22.3296572,114.15779953,2025/07/30 11:44:47+00
12708007.700219,2551134.24922138,980,Statutory Notices issued on prescribed inspection/repair for buildings,就樓宇訂明檢驗／訂明修葺所發出的法定通知,2023188,PO WING BUILDING BLK B 235/241 YEE KUK ST,2023188,PO WING BUILDING BLK B 235/241 YEE KUK ST,TOW,TOW,1,1,821164.7,834321,22.32951973,114.15797568,2025/07/30 11:44:47+00
12709306.0513256,2549433.86495337,981,Statutory Notices issued on prescribed inspection/repair for buildings,就樓宇訂明檢驗／訂明修葺所發出的法定通知,104448,PORTLAND STREET COURT 124/128 PORTLAND ST,104448,PORTLAND STREET COURT 124/128 PORTLAND ST,TOW,TOW,1,1,819599.9,835522.5,22.31538922,114.16963846,2025/07/30 11:44:47+00
12707774.1005381,2545557.70295618,982,Statutory Notices issued on prescribed inspection/repair for buildings,就樓宇訂明檢驗／訂明修葺所發出的法定通知,392735,POTTINGER HOUSE 24/26 POTTINGER ST,392735,POTTINGER HOUSE 24/26 POTTINGER ST,TOW,TOW,1,1,816032.6,834104.1,22.28317299,114.15587695,2025/07/30 11:44:47+00
12709865.7444864,2547394.5523065,983,Statutory Notices issued on prescribed inspection/repair for buildings,就樓宇訂明檢驗／訂明修葺所發出的法定通知,103561,PRAT BUILDING 13/15 PRAT AVE,103561,PRAT BUILDING 13/15 PRAT AVE,TOW,TOW,5,5,817723.1,836040.5,22.29844077,114.17466642,2025/07/30 11:44:47+00
12711535.2199456,2550947.50489026,984,Statutory Notices issued on prescribed inspection/repair for buildings,就樓宇訂明檢驗／訂明修葺所發出的法定通知,300289,PROSPERITY HOUSE 416/418 PRINCE EDWARD RD W,300289,PROSPERITY HOUSE 416/418 PRINCE EDWARD RD W,TOW,TOW,3,3,820992.8,837585.6,22.32796821,114.18966398,2025/07/30 11:44:47+00
12686955.1614276,2559286.78456893,985,Statutory Notices issued on prescribed inspection/repair for buildings,就樓宇訂明檢驗／訂明修葺所發出的法定通知,1663170,RATON INDUSTRIAL BUILDING 4 KIN WONG ST TUEN MUN,1663170,RATON INDUSTRIAL BUILDING 4 KIN WONG ST TUEN MUN,TOW,TOW,1,1,828679.2,814848,22.39724656,113.96885761,2025/07/30 11:44:47+00
12706644.9048309,2545413.34029497,986,Statutory Notices issued on prescribed inspection/repair for buildings,就樓宇訂明檢驗／訂明修葺所發出的法定通知,1741393,REALTY GARDENS VIENNA COURT 41 CONDUIT RD,1741393,REALTY GARDENS VIENNA COURT 41 CONDUIT RD,TOW,TOW,3,3,815899.9,833058.7,22.28197347,114.14573295,2025/07/30 11:44:47+00
12711949.5294845,2540359.60774273,987,Statutory Notices issued on prescribed inspection/repair for buildings,就樓宇訂明檢驗／訂明修葺所發出的法定通知,1579190,REPULSE BAY GARDEN BLK 1-2 38/40 BELLEVIEW DRIVE,1579190,REPULSE BAY GARDEN BLK 1-2 38/40 BELLEVIEW DRIVE,TOW,TOW,41,41,811247.2,837970.1,22.23995814,114.19338578,2025/07/30 11:44:47+00
12709551.8903292,2544902.97606043,988,Statutory Notices issued on prescribed inspection/repair for buildings,就樓宇訂明檢驗／訂明修葺所發出的法定通知,836503,WARNER BUILDING 89/ 91 HENNESSY RD,836503,WARNER BUILDING 89/ 91 HENNESSY RD,TOW,TOW,2,2,815429.8,835749.9,22.27773078,114.17184753,2025/07/30 11:44:47+00
12703980.193015,2555911.26688511,989,Statutory Notices issued on prescribed inspection/repair for buildings,就樓宇訂明檢驗／訂明修葺所發出的法定通知,600487,WEALTHY GARDEN SHOPPING ARCADE 12/28 TSUEN FU ST TSUEN WAN,600487,WEALTHY GARDEN SHOPPING ARCADE 12/28 TSUEN FU ST TSUEN WAN,POD,POD,1,1,825560.6,830595.3,22.36920844,114.12179615,2025/07/30 11:44:47+00
12710961.7727548,2548612.03771752,990,Statutory Notices issued on prescribed inspection/repair for buildings,就樓宇訂明檢驗／訂明修葺所發出的法定通知,1826685,WEI LEE BUILDING 71/73 STATION LANE,1826685,WEI LEE BUILDING 71/73 STATION LANE,TOW,TOW,3,3,818843.6,837055,22.3085597,114.18451252,2025/07/30 11:44:47+00
12712282.7436856,2551890.21503862,991,Statutory Notices issued on prescribed inspection/repair for buildings,就樓宇訂明檢驗／訂明修葺所發出的法定通知,1158195,WEI SHUN MANSION 1/3 SHUNG LING ST,1158195,WEI SHUN MANSION 1/3 SHUNG LING ST,TOW,TOW,25,25,821860.3,838277.3,22.33580072,114.19637836,2025/07/30 11:44:47+00
12708303.6242426,2551473.79492099,992,Statutory Notices issued on prescribed inspection/repair for buildings,就樓宇訂明檢驗／訂明修葺所發出的法定通知,591617,WELCOME HOUSE 280 CHEUNG SHA WAN RD,591617,WELCOME HOUSE 280 CHEUNG SHA WAN RD,TOW,TOW,1,1,821477.1,834594.9,22.33234141,114.16063423,2025/07/30 11:44:47+00
12706773.0895951,2546124.32705903,993,Statutory Notices issued on prescribed inspection/repair for buildings,就樓宇訂明檢驗／訂明修葺所發出的法定通知,337652,WESTERN COMMERCIAL BUILDING 29/31 DES VOEUX RD W,337652,WESTERN COMMERCIAL BUILDING 29/31 DES VOEUX RD W,TOW,TOW,1,1,816554.3,833177.5,22.2878829,114.14688491,2025/07/30 11:44:47+00
12706450.2168371,2546099.81437725,994,Statutory Notices issued on prescribed inspection/repair for buildings,就樓宇訂明檢驗／訂明修葺所發出的法定通知,1419105,WESTERN HOUSE 32 SAI WOO LANE,1419105,WESTERN HOUSE 32 SAI WOO LANE,TOW,TOW,1,1,816531.8,832878.6,22.28767957,114.143984,2025/07/30 11:44:47+00
12712495.419874,2546655.55562787,995,Statutory Notices issued on prescribed inspection/repair for buildings,就樓宇訂明檢驗／訂明修葺所發出的法定通知,547672,WHARF MANSION 128/132 WHARF RD,547672,WHARF MANSION 128/132 WHARF RD,TOW,TOW,2,2,817043.1,838474.8,22.29229866,114.19828887,2025/07/30 11:44:47+00
12711666.3634105,2545910.23048505,996,Statutory Notices issued on prescribed inspection/repair for buildings,就樓宇訂明檢驗／訂明修葺所發出的法定通知,1438221,WHITFIELD MANSION 15/19 WHITFIELD RD,1438221,WHITFIELD MANSION 15/19 WHITFIELD RD,TOW,TOW,4,4,816357,837707.4,22.28610324,114.19084202,2025/07/30 11:44:47+00
12704662.682909,2554774.02494022,997,Statutory Notices issued on prescribed inspection/repair for buildings,就樓宇訂明檢驗／訂明修葺所發出的法定通知,1704274,WIN FONG HEIGHTS 180 HING FONG RD KWAI CHUNG,1704274,WIN FONG HEIGHTS 180 HING FONG RD KWAI CHUNG,TOW,TOW,1,1,824514.2,831226.4,22.35976116,114.12792642,2025/07/30 11:44:47+00
12709142.4599392,2549677.16219827,998,Statutory Notices issued on prescribed inspection/repair for buildings,就樓宇訂明檢驗／訂明修葺所發出的法定通知,1111665,WING CHEONG BUILDING 27H/27J SHANTUNG ST,1111665,WING CHEONG BUILDING 27H/27J SHANTUNG ST,TOW,TOW,1,1,819823.8,835371.1,22.3174113,114.16816948,2025/07/30 11:44:47+00
12708787.2718288,2565425.50645163,999,Statutory Notices issued on prescribed inspection/repair for buildings,就樓宇訂明檢驗／訂明修葺所發出的法定通知,933113,WING CHEUNG BUILDING 6/14 FU SHIN ST TAI PO,933113,WING CHEUNG BUILDING 6/14 FU SHIN ST TAI PO,POD,POD,1,1,834309.3,835043.5,22.44822261,114.1649788,2025/07/30 11:44:47+00
12708787.1637343,2565424.85383233,1000,Statutory Notices issued on prescribed inspection/repair for buildings,就樓宇訂明檢驗／訂明修葺所發出的法定通知,933470,WING CHEUNG BUILDING 6/14 FU SHIN ST TAI PO,933470,WING CHEUNG BUILDING 6/14 FU SHIN ST TAI PO,TOW,TOW,1,1,834308.7,835043.4,22.44821721,114.16497768,2025/07/30 11:44:47+00
12710484.9226088,2545109.93695195,1001,Statutory Notices issued on prescribed inspection/repair for buildings,就樓宇訂明檢驗／訂明修葺所發出的法定通知,1532845,WING FAI BUILDING 398/400 LOCKHART RD,1532845,WING FAI BUILDING 398/400 LOCKHART RD,TOW,TOW,1,1,815620.3,836613.7,22.27945111,114.18022838,2025/07/30 11:44:47+00
12715507.6426419,2549485.06204456,1002,Statutory Notices issued on prescribed inspection/repair for buildings,就樓宇訂明檢驗／訂明修葺所發出的法定通知,1247797,WING FAI BUILDING 59/69 SHUI WO ST,1247797,WING FAI BUILDING 59/69 SHUI WO ST,TOW,TOW,1,1,819647.8,841262.4,22.31581503,114.22534837,2025/07/30 11:44:47+00
12708731.9661553,2565952.16697003,1003,Statutory Notices issued on prescribed inspection/repair for buildings,就樓宇訂明檢驗／訂明修葺所發出的法定通知,1529472,WING FAT BUILDING 1 CHUI WO LANE TAI PO,1529472,WING FAT BUILDING 1 CHUI WO LANE TAI PO,TOW,TOW,1,1,834793.5,834992.4,22.45259487,114.16448148,2025/07/30 11:44:47+00
12709241.5160804,2547976.05495826,1004,Statutory Notices issued on prescribed inspection/repair for buildings,就樓宇訂明檢驗／訂明修葺所發出的法定通知,3246,WING FAT MANSION 1/7 SHANGHAI ST,3246,WING FAT MANSION 1/7 SHANGHAI ST,TOW,TOW,1,1,818258.3,835462.7,22.30327352,114.16905888,2025/07/30 11:44:47+00
12709240.54353,2547980.83582414,1005,Statutory Notices issued on prescribed inspection/repair for buildings,就樓宇訂明檢驗／訂明修葺所發出的法定通知,3232,WING FAT MANSION 1/7 SHANGHAI ST,3232,WING FAT MANSION 1/7 SHANGHAI ST,POD,POD,1,1,818262.7,835461.8,22.30331386,114.16905072,2025/07/30 11:44:47+00
12706069.0466138,2545935.56451575,1006,Statutory Notices issued on prescribed inspection/repair for buildings,就樓宇訂明檢驗／訂明修葺所發出的法定通知,645164,WING FONG MANSION 107/117 SECOND ST,645164,WING FONG MANSION 107/117 SECOND ST,TOW,TOW,1,1,816380.7,832525.7,22.28631465,114.14056044,2025/07/30 11:44:47+00
12712839.894114,2553214.36664253,1007,Statutory Notices issued on prescribed inspection/repair for buildings,就樓宇訂明檢驗／訂明修葺所發出的法定通知,975206,WING FUNG BUILDING 16/18 TSZ WAH LANE,975206,WING FUNG BUILDING 16/18 TSZ WAH LANE,TOW,TOW,1,1,823078.7,838792.7,22.34680344,114.20138367,2025/07/30 11:44:47+00
12710691.5650473,2548477.85329185,1008,Statutory Notices issued on prescribed inspection/repair for buildings,就樓宇訂明檢驗／訂明修葺所發出的法定通知,1491657,WING FUNG BUILDING 220/224 CHATHAM RD N,1491657,WING FUNG BUILDING 220/224 CHATHAM RD N,TOW,TOW,1,1,818720.1,836804.9,22.30744406,114.18208511,2025/07/30 11:44:47+00
12702554.3260102,2556424.1153927,1009,Statutory Notices issued on prescribed inspection/repair for buildings,就樓宇訂明檢驗／訂明修葺所發出的法定通知,1836527,WING FUNG INDUSTRIAL BUILDING 40/50 SHA TSUI RD TSUEN WAN TSUEN WAN,1836527,WING FUNG INDUSTRIAL BUILDING 40/50 SHA TSUI RD TSUEN WAN TSUEN WAN,TOW,TOW,1,1,826032.9,829276.3,22.37346936,114.1089865,2025/07/30 11:44:47+00
12706326.2187023,2546050.35329011,1010,Statutory Notices issued on prescribed inspection/repair for buildings,就樓宇訂明檢驗／訂明修葺所發出的法定通知,367138,WING KWAI HOUSE 6/8 KWAI HEUNG ST,367138,WING KWAI HOUSE 6/8 KWAI HEUNG ST,TOW,TOW,3,3,816486.3,832763.8,22.28726845,114.14287029,2025/07/30 11:44:47+00
12709022.917127,2550382.31597441,1011,Statutory Notices issued on prescribed inspection/repair for buildings,就樓宇訂明檢驗／訂明修葺所發出的法定通知,277833,WING KWONG BUILDING 57/61 LAI CHI KOK RD,277833,WING KWONG BUILDING 57/61 LAI CHI KOK RD,TOW,TOW,1,1,820472.7,835260.5,22.32327102,114.16709547,2025/07/30 11:44:47+00
12711147.7383688,2549134.58692987,1012,Statutory Notices issued on prescribed inspection/repair for buildings,就樓宇訂明檢驗／訂明修葺所發出的法定通知,237489,WING LAM MANSION 26A/26D KO SHAN RD,237489,WING LAM MANSION 26A/26D KO SHAN RD,TOW,TOW,1,1,819324.5,837227.1,22.31290259,114.18618256,2025/07/30 11:44:47+00
12711865.2897163,2540251.65994342,1013,Statutory Notices issued on prescribed inspection/repair for buildings,就樓宇訂明檢驗／訂明修葺所發出的法定通知,1579075,REPULSE BAY GARDEN BLK 11-12 18/20 BELLEVIEW DRIVE,1579075,REPULSE BAY GARDEN BLK 11-12 18/20 BELLEVIEW DRIVE,TOW,TOW,41,41,811147.8,837892.1,22.23906051,114.19262873,2025/07/30 11:44:47+00
12711916.2705581,2540364.824595,1014,Statutory Notices issued on prescribed inspection/repair for buildings,就樓宇訂明檢驗／訂明修葺所發出的法定通知,1585318,REPULSE BAY GARDEN BLK 3-4 34/36 BELLEVIEW DRIVE,1585318,REPULSE BAY GARDEN BLK 3-4 34/36 BELLEVIEW DRIVE,TOW,TOW,41,41,811252,837939.3,22.24000219,114.19308689,2025/07/30 11:44:47+00
12711876.2061145,2540346.90841981,1015,Statutory Notices issued on prescribed inspection/repair for buildings,就樓宇訂明檢驗／訂明修葺所發出的法定通知,1585261,REPULSE BAY GARDEN BLK 5-6 30/32 BELLEVIEW DRIVE,1585261,REPULSE BAY GARDEN BLK 5-6 30/32 BELLEVIEW DRIVE,TOW,TOW,41,41,811235.5,837902.2,22.23985294,114.19272674,2025/07/30 11:44:47+00
12711857.0897731,2540318.34634614,1016,Statutory Notices issued on prescribed inspection/repair for buildings,就樓宇訂明檢驗／訂明修葺所發出的法定通知,1585202,REPULSE BAY GARDEN BLK 7-8 26/28 BELLEVIEW DRIVE,1585202,REPULSE BAY GARDEN BLK 7-8 26/28 BELLEVIEW DRIVE,TOW,TOW,41,41,811209.2,837884.5,22.23961533,114.19255544,2025/07/30 11:44:47+00
12711861.7295646,2540283.91697256,1017,Statutory Notices issued on prescribed inspection/repair for buildings,就樓宇訂明檢驗／訂明修葺所發出的法定通知,1583795,REPULSE BAY GARDEN BLK 9-10 22/24 BELLEVIEW DRIVE,1583795,REPULSE BAY GARDEN BLK 9-10 22/24 BELLEVIEW DRIVE,TOW,TOW,41,41,811177.5,837888.8,22.23932889,114.19259663,2025/07/30 11:44:47+00
12711910.6503691,2540318.3406625,1018,Statutory Notices issued on prescribed inspection/repair for buildings,就樓宇訂明檢驗／訂明修葺所發出的法定通知,1575953,REPULSE BAY GARDEN MULTI-STOREY CAR PARK 18/40 BELLEVIEW DRIVE,1575953,REPULSE BAY GARDEN MULTI-STOREY CAR PARK 18/40 BELLEVIEW DRIVE,TOW,TOW,1,1,811209.2,837934.1,22.23961582,114.19303659,2025/07/30 11:44:47+00
12706118.2626113,2545653.53831746,1019,Statutory Notices issued on prescribed inspection/repair for buildings,就樓宇訂明檢驗／訂明修葺所發出的法定通知,452686,RHINE COURT 80/82 BONHAM RD,452686,RHINE COURT 80/82 BONHAM RD,POD,POD,1,1,816121.1,832571.2,22.28396977,114.1410024,2025/07/30 11:44:47+00
12688035.0867023,2560069.05090686,1020,Statutory Notices issued on prescribed inspection/repair for buildings,就樓宇訂明檢驗／訂明修葺所發出的法定通知,1107555,RICH BUILDING 6 TSING MIN PATH TUEN MUN,1107555,RICH BUILDING 6 TSING MIN PATH TUEN MUN,TOW,TOW,1,1,829397.3,815847.9,22.40374413,113.97855808,2025/07/30 11:44:47+00
12688032.2745387,2560070.0257796,1021,Statutory Notices issued on prescribed inspection/repair for buildings,就樓宇訂明檢驗／訂明修葺所發出的法定通知,1107406,RICH BUILDING 6 TSING MIN PATH TUEN MUN,1107406,RICH BUILDING 6 TSING MIN PATH TUEN MUN,POD,POD,1,1,829398.2,815845.3,22.40375196,113.97853314,2025/07/30 11:44:47+00
12706487.8385928,2545454.04742911,1022,Statutory Notices issued on prescribed inspection/repair for buildings,就樓宇訂明檢驗／訂明修葺所發出的法定通知,493131,RICHMOND COURT 111/113 ROBINSON RD,493131,RICHMOND COURT 111/113 ROBINSON RD,TOW,TOW,22,22,815937.4,832913.3,22.28231206,114.14432245,2025/07/30 11:44:47+00
12706114.4620205,2546195.67160191,1023,Statutory Notices issued on prescribed inspection/repair for buildings,就樓宇訂明檢驗／訂明修葺所發出的法定通知,378612,RICHWEALTH MANSION 158 CONNAUGHT RD W,378612,RICHWEALTH MANSION 158 CONNAUGHT RD W,TOW,TOW,4,4,816620.1,832567.8,22.28847617,114.14096835,2025/07/30 11:44:47+00
12711902.6942111,2541664.38059474,1024,Statutory Notices issued on prescribed inspection/repair for buildings,就樓宇訂明檢驗／訂明修葺所發出的法定通知,1338869,RIDGE COURT 21A/21B REPULSE BAY RD,1338869,RIDGE COURT 21A/21B REPULSE BAY RD,TOW,TOW,2,2,812448.5,837926.6,22.25080685,114.19296444,2025/07/30 11:44:47+00
12708834.929705,2550137.79140689,1025,Statutory Notices issued on prescribed inspection/repair for buildings,就樓宇訂明檢驗／訂明修葺所發出的法定通知,251475,RISING BILLION MANSION 2/2C LARCH ST,251475,RISING BILLION MANSION 2/2C LARCH ST,TOW,TOW,1,1,820247.7,835086.5,22.32123945,114.16540653,2025/07/30 11:44:47+00
12713793.8050815,2546282.76706694,1026,Statutory Notices issued on prescribed inspection/repair for buildings,就樓宇訂明檢驗／訂明修葺所發出的法定通知,5194309,RITZ GARDEN APARTMENTS 909/911 KING'S RD,5194309,RITZ GARDEN APARTMENTS 909/911 KING'S RD,TOW,TOW,2,2,816700.2,839676.8,22.28920016,114.20995324,2025/07/30 11:44:47+00
12708159.1123208,2544324.60345328,1027,Statutory Notices issued on prescribed inspection/repair for buildings,就樓宇訂明檢驗／訂明修葺所發出的法定通知,568436,ROSE GARDENS 9 MAGAZINE GAP RD,568436,ROSE GARDENS 9 MAGAZINE GAP RD,TOW,TOW,23,23,814897.5,834460.4,22.27292279,114.159336,2025/07/30 11:44:47+00
12709806.1120652,2547379.6658212,1028,Statutory Notices issued on prescribed inspection/repair for buildings,就樓宇訂明檢驗／訂明修葺所發出的法定通知,103235,ROSE MANSION 1 PRAT AVE,103235,ROSE MANSION 1 PRAT AVE,TOW,TOW,22,22,817709.4,835985.3,22.29831689,114.17413127,2025/07/30 11:44:47+00
12711141.1915547,2544553.1435474,1029,Statutory Notices issued on prescribed inspection/repair for buildings,就樓宇訂明檢驗／訂明修葺所發出的法定通知,524207,ROYAL VILLA 25/29 HAPPY VIEW TERRACE,524207,ROYAL VILLA 25/29 HAPPY VIEW TERRACE,TOW,TOW,10,10,815107.8,837221.3,22.27482322,114.18612453,2025/07/30 11:44:47+00
12709488.5544912,2548939.23023034,1030,Statutory Notices issued on prescribed inspection/repair for buildings,就樓宇訂明檢驗／訂明修葺所發出的法定通知,155812,RUBY COMMERCIAL HOUSE 480 NATHAN RD,155812,RUBY COMMERCIAL HOUSE 480 NATHAN RD,TOW,TOW,1,1,819144.7,835691.4,22.3112785,114.17127827,2025/07/30 11:44:47+00
12704756.0771899,2545516.81232404,1031,Statutory Notices issued on prescribed inspection/repair for buildings,就樓宇訂明檢驗／訂明修葺所發出的法定通知,319341,SAI ON BUILDING 93/95 BELCHER'S ST,319341,SAI ON BUILDING 93/95 BELCHER'S ST,TOW,TOW,1,1,815995.6,831310.1,22.2828331,114.12876529,2025/07/30 11:44:47+00
12708976.6306639,2551000.23574382,1032,Statutory Notices issued on prescribed inspection/repair for buildings,就樓宇訂明檢驗／訂明修葺所發出的法定通知,6625,SAM YING BUILDING 2/2C FUK WA ST,6625,SAM YING BUILDING 2/2C FUK WA ST,TOW,TOW,2,2,821041.3,835217.7,22.3284061,114.16667941,2025/07/30 11:44:47+00
12708976.6306639,2551000.23574382,1033,Statutory Notices issued on prescribed inspection/repair for buildings,就樓宇訂明檢驗／訂明修葺所發出的法定通知,6604,SAM YING BUILDING 2/2C FUK WA ST,6604,SAM YING BUILDING 2/2C FUK WA ST,POD,POD,1,1,821041.3,835217.7,22.3284061,114.16667941,2025/07/30 11:44:47+00
12705977.3281317,2545971.3947406,1034,Statutory Notices issued on prescribed inspection/repair for buildings,就樓宇訂明檢驗／訂明修葺所發出的法定通知,368380,SAMTOH BUILDING 384/386 QUEEN'S RD W,368380,SAMTOH BUILDING 384/386 QUEEN'S RD W,TOW,TOW,1,1,816413.7,832440.8,22.28661191,114.13973585,2025/07/30 11:44:47+00
12704974.6209349,2545441.26647711,1035,Statutory Notices issued on prescribed inspection/repair for buildings,就樓宇訂明檢驗／訂明修葺所發出的法定通知,382474,SANDS BUILDING 23/25 SANDS ST,382474,SANDS BUILDING 23/25 SANDS ST,TOW,TOW,1,1,815926,831512.4,22.28220576,114.13072893,2025/07/30 11:44:47+00
12704901.229642,2545594.86292572,1036,Statutory Notices issued on prescribed inspection/repair for buildings,就樓宇訂明檢驗／訂明修葺所發出的法定通知,318431,SANDS HOUSE 39/39B BELCHER'S ST,318431,SANDS HOUSE 39/39B BELCHER'S ST,TOW,TOW,1,1,816067.4,831444.5,22.2834826,114.13006933,2025/07/30 11:44:47+00
12709751.9858435,2547528.73785356,1037,Statutory Notices issued on prescribed inspection/repair for buildings,就樓宇訂明檢驗／訂明修葺所發出的法定通知,20678,SAVOY MANSION 49 CARNARVON RD,20678,SAVOY MANSION 49 CARNARVON RD,TOW,TOW,3,3,817846.6,835935.2,22.29955644,114.17364485,2025/07/30 11:44:47+00
12711985.8499611,2541670.12817501,1038,Statutory Notices issued on prescribed inspection/repair for buildings,就樓宇訂明檢驗／訂明修葺所發出的法定通知,1337657,SEA CLIFF MANSIONS 19A/19B REPULSE BAY RD,1337657,SEA CLIFF MANSIONS 19A/19B REPULSE BAY RD,TOW,TOW,3,3,812453.8,838003.6,22.25085503,114.19371144,2025/07/30 11:44:47+00
12706231.662669,2571574.13807594,1039,Statutory Notices issued on prescribed inspection/repair for buildings,就樓宇訂明檢驗／訂明修葺所發出的法定通知,1510525,WO TAI HOUSE 14/16 WO TAI ST FANLING,1510525,WO TAI HOUSE 14/16 WO TAI ST FANLING,TOW,TOW,1,1,839961.6,832681.7,22.49926177,114.14202125,2025/07/30 11:44:47+00
12706240.4234342,2571583.93283154,1040,Statutory Notices issued on prescribed inspection/repair for buildings,就樓宇訂明檢驗／訂明修葺所發出的法定通知,1510709,WO TAI HOUSE 18/20 WO TAI ST FANLING,1510709,WO TAI HOUSE 18/20 WO TAI ST FANLING,TOW,TOW,1,1,839970.6,832689.8,22.49934306,114.14210019,2025/07/30 11:44:47+00
12706205.0559042,2571544.6449313,1041,Statutory Notices issued on prescribed inspection/repair for buildings,就樓宇訂明檢驗／訂明修葺所發出的法定通知,1509606,WO TAI HOUSE 2/4 WO TAI ST FANLING,1509606,WO TAI HOUSE 2/4 WO TAI ST FANLING,TOW,TOW,1,1,839934.5,832657.1,22.49901734,114.14178229,2025/07/30 11:44:47+00
12706249.2923953,2571593.72761337,1042,Statutory Notices issued on prescribed inspection/repair for buildings,就樓宇訂明檢驗／訂明修葺所發出的法定通知,1510740,WO TAI HOUSE 22/24 WO TAI ST FANLING,1510740,WO TAI HOUSE 22/24 WO TAI ST FANLING,TOW,TOW,1,1,839979.6,832698,22.49942464,114.14217943,2025/07/30 11:44:47+00
12706214.0329839,2571554.54854244,1043,Statutory Notices issued on prescribed inspection/repair for buildings,就樓宇訂明檢驗／訂明修葺所發出的法定通知,1509983,WO TAI HOUSE 6/8 WO TAI ST FANLING,1509983,WO TAI HOUSE 6/8 WO TAI ST FANLING,TOW,TOW,1,1,839943.6,832665.4,22.49909947,114.14186245,2025/07/30 11:44:47+00
12708786.6152728,2565523.18075049,1044,Statutory Notices issued on prescribed inspection/repair for buildings,就樓宇訂明檢驗／訂明修葺所發出的法定通知,1648644,WONDERFUL BUILDING 37/39 TSING YUEN ST TAI PO,1648644,WONDERFUL BUILDING 37/39 TSING YUEN ST TAI PO,TOW,TOW,1,1,834399.1,835042.9,22.44903394,114.16497266,2025/07/30 11:44:47+00
12709628.2238951,2549873.3300201,1045,Statutory Notices issued on prescribed inspection/repair for buildings,就樓宇訂明檢驗／訂明修葺所發出的法定通知,77798,WONG CHOY MANSION 80/86 HAK PO ST,77798,WONG CHOY MANSION 80/86 HAK PO ST,TOW,TOW,2,2,820004.3,835820.7,22.31904136,114.17253322,2025/07/30 11:44:47+00
12711431.8718952,2550317.63855041,1046,Statutory Notices issued on prescribed inspection/repair for buildings,就樓宇訂明檢驗／訂明修葺所發出的法定通知,154908,WONG'S BUILDING 84/90 TAM KUNG RD,154908,WONG'S BUILDING 84/90 TAM KUNG RD,TOW,TOW,9,9,820413.2,837490,22.32273379,114.18873506,2025/07/30 11:44:47+00
12714122.2293013,2537772.03463015,1047,Statutory Notices issued on prescribed inspection/repair for buildings,就樓宇訂明檢驗／訂明修葺所發出的法定通知,1762587,WOODLEIGH HOUSE 80 STANLEY VILLAGE RD,1762587,WOODLEIGH HOUSE 80 STANLEY VILLAGE RD,TOW,TOW,1,1,808864.9,839982.7,22.21844156,114.21290335,2025/07/30 11:44:47+00
12709763.1670192,2544868.86953766,1048,Statutory Notices issued on prescribed inspection/repair for buildings,就樓宇訂明檢驗／訂明修葺所發出的法定通知,869617,WOON YIN BUILDING 168/170 HENNESSY RD,869617,WOON YIN BUILDING 168/170 HENNESSY RD,TOW,TOW,1,1,815398.4,835945.5,22.27744777,114.1737448,2025/07/30 11:44:47+00
12709351.4824905,2548247.92269628,1049,Statutory Notices issued on prescribed inspection/repair for buildings,就樓宇訂明檢驗／訂明修葺所發出的法定通知,142749,WOOSUNG HOUSE 37AA/37BB JORDAN RD,142749,WOOSUNG HOUSE 37AA/37BB JORDAN RD,TOW,TOW,4,4,818508.5,835564.5,22.30553376,114.17004673,2025/07/30 11:44:47+00
12706793.8154345,2552259.00760246,1050,Statutory Notices issued on prescribed inspection/repair for buildings,就樓宇訂明檢驗／訂明修葺所發出的法定通知,910953,WUI WAH FACTORY BUILDING 1035/1037 YEE KUK WEST ST,910953,WUI WAH FACTORY BUILDING 1035/1037 YEE KUK WEST ST,TOW,TOW,1,1,822199.8,833197.8,22.33886561,114.14707109,2025/07/30 11:44:47+00
12708158.8519093,2544710.36704592,1051,Statutory Notices issued on prescribed inspection/repair for buildings,就樓宇訂明檢驗／訂明修葺所發出的法定通知,405625,YALE LODGE 30 KENNEDY RD,405625,YALE LODGE 30 KENNEDY RD,TOW,TOW,14,14,815252.6,834460.2,22.27612951,114.15933318,2025/07/30 11:44:47+00
12714363.129371,2549883.22658959,1052,Statutory Notices issued on prescribed inspection/repair for buildings,就樓宇訂明檢驗／訂明修葺所發出的法定通知,1131365,YAN WING MANSION 239/249 KWUN TONG RD,1131365,YAN WING MANSION 239/249 KWUN TONG RD,TOW,TOW,1,1,820013.9,840203,22.31912356,114.21506762,2025/07/30 11:44:47+00
12715718.7919753,2547955.5765186,1053,Statutory Notices issued on prescribed inspection/repair for buildings,就樓宇訂明檢驗／訂明修葺所發出的法定通知,1302715,YAU FOOK BUILDING 167/175 CHA KWO LING RD,1302715,YAU FOOK BUILDING 167/175 CHA KWO LING RD,TOW,TOW,1,1,818240.3,841458.3,22.30310388,114.22724551,2025/07/30 11:44:47+00
12715177.4491657,2549443.98092408,1054,Statutory Notices issued on prescribed inspection/repair for buildings,就樓宇訂明檢驗／訂明修葺所發出的法定通知,2118486,YAU LEE BUILDING 9/27 YEE ON ST,2118486,YAU LEE BUILDING 9/27 YEE ON ST,TOW,TOW,1,1,819609.9,840956.8,22.31547386,114.22238285,2025/07/30 11:44:47+00
12707107.2247745,2545995.64601602,1055,Statutory Notices issued on prescribed inspection/repair for buildings,就樓宇訂明檢驗／訂明修葺所發出的法定通知,411238,YAU SING BUILDING 8/10 TUNG LOI LANE,411238,YAU SING BUILDING 8/10 TUNG LOI LANE,TOW,TOW,2,2,816435.8,833486.8,22.28681374,114.14988655,2025/07/30 11:44:47+00
12709765.9729999,2544987.50209249,1056,Statutory Notices issued on prescribed inspection/repair for buildings,就樓宇訂明檢驗／訂明修葺所發出的法定通知,549880,YAU TAK BUILDING 167/169 LOCKHART RD,549880,YAU TAK BUILDING 167/169 LOCKHART RD,TOW,TOW,2,2,815507.6,835948.1,22.27843371,114.17376995,2025/07/30 11:44:47+00
12716887.562318,2547030.17104798,1057,Statutory Notices issued on prescribed inspection/repair for buildings,就樓宇訂明檢驗／訂明修葺所發出的法定通知,1245341,YAU TONG INDUSTRIAL BUILDING BLK 3 2 SZE SHAN ST,1245341,YAU TONG INDUSTRIAL BUILDING BLK 3 2 SZE SHAN ST,TOW,TOW,1,1,817389,842540.5,22.2954124,114.23774464,2025/07/30 11:44:47+00
12709208.2731371,2549415.71269464,1058,Statutory Notices issued on prescribed inspection/repair for buildings,就樓宇訂明檢驗／訂明修葺所發出的法定通知,208640,YAU WING APARTMENTS 29D DUNDAS ST,208640,YAU WING APARTMENTS 29D DUNDAS ST,TOW,TOW,1,1,819583.2,835432,22.31523892,114.16876031,2025/07/30 11:44:47+00
12711147.3033184,2549087.75260593,1059,Statutory Notices issued on prescribed inspection/repair for buildings,就樓宇訂明檢驗／訂明修葺所發出的法定通知,100127,YEE FAI BUILDING 423/433 CHATHAM RD N,100127,YEE FAI BUILDING 423/433 CHATHAM RD N,TOW,TOW,1,1,819281.4,837226.7,22.31251266,114.18617858,2025/07/30 11:44:47+00
12693903.9692924,2564818.56943514,1060,Statutory Notices issued on prescribed inspection/repair for buildings,就樓宇訂明檢驗／訂明修葺所發出的法定通知,1716424,YEE FUNG BUILDING 31/35A YAU SAN ST YUEN LONG,1716424,YEE FUNG BUILDING 31/35A YAU SAN ST YUEN LONG,POD,POD,1,1,833758.5,821280.7,22.44318368,114.0312796,2025/07/30 11:44:47+00
12710241.2229061,2556604.43994286,1061,Statutory Notices issued on prescribed inspection/repair for buildings,就樓宇訂明檢驗／訂明修葺所發出的法定通知,1074012,YEE HUEN HOUSE 50/52 TAI WAI RD TAI WAI,1074012,YEE HUEN HOUSE 50/52 TAI WAI RD TAI WAI,TOW,TOW,1,1,826197.2,836388,22.3749674,114.17803955,2025/07/30 11:44:47+00
12704867.7683682,2555963.74936273,1062,Statutory Notices issued on prescribed inspection/repair for buildings,就樓宇訂明檢驗／訂明修葺所發出的法定通知,1788673,YEE LIM INDUSTRIAL BLDG STAGE III 6/8 KIN CHUEN ST KWAI CHUNG,1788673,YEE LIM INDUSTRIAL BLDG STAGE III 6/8 KIN CHUEN ST KWAI CHUNG,TOW,TOW,1,1,825608.6,831416.5,22.36964469,114.12976899,2025/07/30 11:44:47+00
12712342.7637063,2546533.56460116,1063,Statutory Notices issued on prescribed inspection/repair for buildings,就樓宇訂明檢驗／訂明修葺所發出的法定通知,727764,YEE ON MANSION 55/71 CHUN YEUNG ST,727764,YEE ON MANSION 55/71 CHUN YEUNG ST,TOW,TOW,180,180,816930.8,838333.5,22.29128472,114.19691788,2025/07/30 11:44:47+00
12711080.6300449,2545130.88019233,1064,Statutory Notices issued on prescribed inspection/repair for buildings,就樓宇訂明檢驗／訂明修葺所發出的法定通知,794961,YEE WAH MANSION 38/40A YEE WO ST,794961,YEE WAH MANSION 38/40A YEE WO ST,TOW,TOW,2,2,815639.6,837165.2,22.27962537,114.18557995,2025/07/30 11:44:47+00
12711946.6481463,2541669.15497523,1065,Statutory Notices issued on prescribed inspection/repair for buildings,就樓宇訂明檢驗／訂明修葺所發出的法定通知,1338449,SEA CLIFF MANSIONS 19C/19D REPULSE BAY RD,1338449,SEA CLIFF MANSIONS 19C/19D REPULSE BAY RD,TOW,TOW,1,1,812452.9,837967.3,22.25084684,114.19336003,2025/07/30 11:44:47+00
12702475.5276757,2554041.30323706,1066,Statutory Notices issued on prescribed inspection/repair for buildings,就樓宇訂明檢驗／訂明修葺所發出的法定通知,1346891,SERENE GARDEN 77 TSING KING RD TSING YI,1346891,SERENE GARDEN 77 TSING KING RD TSING YI,TOW,TOW,1,1,823840.9,829202.4,22.35367392,114.10827939,2025/07/30 11:44:47+00
12708474.8511226,2550794.25369527,1067,Statutory Notices issued on prescribed inspection/repair for buildings,就樓宇訂明檢驗／訂明修葺所發出的法定通知,278369,SHAMSHUIPO BUILDING 104/110 YEE KUK ST,278369,SHAMSHUIPO BUILDING 104/110 YEE KUK ST,TOW,TOW,1,1,820851.8,834753.3,22.32669404,114.16217192,2025/07/30 11:44:47+00
12711029.1322309,2543621.6265624,1068,Statutory Notices issued on prescribed inspection/repair for buildings,就樓宇訂明檢驗／訂明修葺所發出的法定通知,564324,SHAN KWONG TOWER STAGE 1 22 SHAN KWONG RD,564324,SHAN KWONG TOWER STAGE 1 22 SHAN KWONG RD,TOW,TOW,84,84,814250.3,837117.6,22.26707912,114.18511774,2025/07/30 11:44:47+00
12709441.9334894,2544858.86522254,1069,Statutory Notices issued on prescribed inspection/repair for buildings,就樓宇訂明檢驗／訂明修葺所發出的法定通知,844676,SHANGHAI INDUSTRIAL INVT BUILDING 48/62 HENNESSY RD,844676,SHANGHAI INDUSTRIAL INVT BUILDING 48/62 HENNESSY RD,TOW,TOW,1,1,815389.2,835648.1,22.2773639,114.17085957,2025/07/30 11:44:47+00
12710880.3080243,2550881.90787525,1070,Statutory Notices issued on prescribed inspection/repair for buildings,就樓宇訂明檢驗／訂明修葺所發出的法定通知,1723595,SHEFFIELD GARDEN BLK A 1 COLLEGE RD,1723595,SHEFFIELD GARDEN BLK A 1 COLLEGE RD,TOW,TOW,1,1,820932.4,836979.5,22.32742284,114.1837802,2025/07/30 11:44:47+00
12704652.407298,2572459.41222808,1071,Statutory Notices issued on prescribed inspection/repair for buildings,就樓宇訂明檢驗／訂明修葺所發出的法定通知,1494016,SHEK WU MANSION 26/34 JOCKEY CLUB RD SHEUNG SHUI,1494016,SHEK WU MANSION 26/34 JOCKEY CLUB RD SHEUNG SHUI,TOW,TOW,1,1,840775.6,831222.2,22.50660882,114.12783425,2025/07/30 11:44:47+00
12716772.2740803,2543409.04129376,1072,Statutory Notices issued on prescribed inspection/repair for buildings,就樓宇訂明檢驗／訂明修葺所發出的法定通知,580457,SHELL INDUSTRIAL BUILDING 12 LEE CHUNG ST,580457,SHELL INDUSTRIAL BUILDING 12 LEE CHUNG ST,TOW,TOW,2,2,814055.8,842435.1,22.2653122,114.23670893,2025/07/30 11:44:47+00
12709391.0990214,2549017.13810006,1073,Statutory Notices issued on prescribed inspection/repair for buildings,就樓宇訂明檢驗／訂明修葺所發出的法定通知,1101890,SHEUNG ON HOUSE 11/13 MAN MING LANE,1101890,SHEUNG ON HOUSE 11/13 MAN MING LANE,TOW,TOW,1,1,819216.4,835601.2,22.31192613,114.17040309,2025/07/30 11:44:47+00
12708302.314208,2551598.77656024,1074,Statutory Notices issued on prescribed inspection/repair for buildings,就樓宇訂明檢驗／訂明修葺所發出的法定通知,204541,SHEUNG WING BUILDING 187/189 FUK WING ST,204541,SHEUNG WING BUILDING 187/189 FUK WING ST,TOW,TOW,1,1,821592.1,834593.7,22.3333792,114.16062252,2025/07/30 11:44:47+00
12708689.6200924,2551251.04081713,1075,Statutory Notices issued on prescribed inspection/repair for buildings,就樓宇訂明檢驗／訂明修葺所發出的法定通知,678861,SHING LUM BUILDING 169/175 NAM CHEONG ST,678861,SHING LUM BUILDING 169/175 NAM CHEONG ST,TOW,TOW,1,1,821272.1,834952.1,22.33049025,114.16410151,2025/07/30 11:44:47+00
12715005.6494005,2545305.75265623,1076,Statutory Notices issued on prescribed inspection/repair for buildings,就樓宇訂明檢驗／訂明修葺所發出的法定通知,488914,SHING ON BUILDING 38/46 SHING ON ST,488914,SHING ON BUILDING 38/46 SHING ON ST,TOW,TOW,6,6,815801.2,840798.9,22.28107942,114.22083944,2025/07/30 11:44:47+00
12714549.0718747,2550275.47875816,1077,Statutory Notices issued on prescribed inspection/repair for buildings,就樓宇訂明檢驗／訂明修葺所發出的法定通知,928325,SHIU KING BUILDING 2/8 ON WAH ST,928325,SHIU KING BUILDING 2/8 ON WAH ST,TOW,TOW,1,1,820374.9,840375,22.32238375,114.21673793,2025/07/30 11:44:47+00
12715549.4908605,2549594.80221675,1078,Statutory Notices issued on prescribed inspection/repair for buildings,就樓宇訂明檢驗／訂明修葺所發出的法定通知,1248646,SHUI WO HOUSE 91/93 SHUI WO ST,1248646,SHUI WO HOUSE 91/93 SHUI WO ST,TOW,TOW,1,1,819748.8,841301.1,22.31672645,114.22572426,2025/07/30 11:44:47+00
12708925.9685456,2550787.55384514,1079,Statutory Notices issued on prescribed inspection/repair for buildings,就樓宇訂明檢驗／訂明修葺所發出的法定通知,285753,SHUN CHEONG BUILDING 21 POPLAR ST,285753,SHUN CHEONG BUILDING 21 POPLAR ST,TOW,TOW,1,1,820845.6,835170.8,22.32663889,114.16622424,2025/07/30 11:44:47+00
12704595.7888146,2572235.34795322,1080,Statutory Notices issued on prescribed inspection/repair for buildings,就樓宇訂明檢驗／訂明修葺所發出的法定通知,1553826,SHUN CHUNG LAU 1/5 SAN TSOI ST SHEUNG SHUI,1553826,SHUN CHUNG LAU 1/5 SAN TSOI ST SHEUNG SHUI,TOW,TOW,1,1,840569.7,831169.8,22.50474953,114.12732588,2025/07/30 11:44:47+00
12715508.5341988,2549570.14802519,1081,Statutory Notices issued on prescribed inspection/repair for buildings,就樓宇訂明檢驗／訂明修葺所發出的法定通知,1250535,SHUN KING BUILDING 17/33 KA LOK ST,1250535,SHUN KING BUILDING 17/33 KA LOK ST,TOW,TOW,16,16,819726.1,841263.2,22.31652202,114.22535627,2025/07/30 11:44:47+00
12711721.1934065,2551097.4615655,1082,Statutory Notices issued on prescribed inspection/repair for buildings,就樓宇訂明檢驗／訂明修葺所發出的法定通知,1206254,SHUN KING BUILDING 33/35 TAK KU LING RD,1206254,SHUN KING BUILDING 33/35 TAK KU LING RD,TOW,TOW,1,1,821130.8,837757.7,22.32921429,114.19133424,2025/07/30 11:44:47+00
12708746.7719625,2551364.83181253,1083,Statutory Notices issued on prescribed inspection/repair for buildings,就樓宇訂明檢驗／訂明修葺所發出的法定通知,190528,SHUN KING HOUSE 4 UN CHAU ST,190528,SHUN KING HOUSE 4 UN CHAU ST,TOW,TOW,9,9,821376.8,835005,22.331436,114.16461443,2025/07/30 11:44:47+00
12711436.7406372,2549028.61881933,1084,Statutory Notices issued on prescribed inspection/repair for buildings,就樓宇訂明檢驗／訂明修葺所發出的法定通知,1993464,SHUNG CHI HOUSE BLK J 11 SUNG KIT ST,1993464,SHUNG CHI HOUSE BLK J 11 SUNG KIT ST,TOW,TOW,55,55,819227,837494.6,22.31202136,114.18877891,2025/07/30 11:44:47+00
12711462.5579099,2548973.1982634,1085,Statutory Notices issued on prescribed inspection/repair for buildings,就樓宇訂明檢驗／訂明修葺所發出的法定通知,1993859,SHUNG KIM HOUSE BLK G 81 SUNG KIT ST,1993859,SHUNG KIM HOUSE BLK G 81 SUNG KIT ST,TOW,TOW,2,2,819176,837518.5,22.31156136,114.18901099,2025/07/30 11:44:47+00
12711435.548617,2548983.19748013,1086,Statutory Notices issued on prescribed inspection/repair for buildings,就樓宇訂明檢驗／訂明修葺所發出的法定通知,1993635,SHUNG KING HOUSE BLK E 31 SUNG KIT ST,1993635,SHUNG KING HOUSE BLK E 31 SUNG KIT ST,TOW,TOW,3,3,819185.2,837493.5,22.31164448,114.1887685,2025/07/30 11:44:47+00
12711406.5920641,2548960.70641409,1087,Statutory Notices issued on prescribed inspection/repair for buildings,就樓宇訂明檢驗／訂明修葺所發出的法定通知,1992989,SHUNG LAI HOUSE BLK C 36 SUNG KIT ST,1992989,SHUNG LAI HOUSE BLK C 36 SUNG KIT ST,TOW,TOW,11,11,819164.5,837466.7,22.31145754,114.18850782,2025/07/30 11:44:47+00
12711434.3579269,2548954.61907888,1088,Statutory Notices issued on prescribed inspection/repair for buildings,就樓宇訂明檢驗／訂明修葺所發出的法定通知,1993736,SHUNG OI HOUSE BLK D 41 SUNG KIT ST,1993736,SHUNG OI HOUSE BLK D 41 SUNG KIT ST,TOW,TOW,6,6,819158.9,837492.4,22.31140701,114.18875743,2025/07/30 11:44:47+00
12711409.406607,2549031.9895539,1089,Statutory Notices issued on prescribed inspection/repair for buildings,就樓宇訂明檢驗／訂明修葺所發出的法定通知,1992643,SHUNG YAN HOUSE BLK A 10 SUNG KIT ST,1992643,SHUNG YAN HOUSE BLK A 10 SUNG KIT ST,TOW,TOW,11,11,819230.1,837469.3,22.3120497,114.18853377,2025/07/30 11:44:47+00
12711408.1073814,2548996.45660214,1090,Statutory Notices issued on prescribed inspection/repair for buildings,就樓宇訂明檢驗／訂明修葺所發出的法定通知,1992826,SHUNG YEE HOUSE BLK B 24 SUNG KIT ST,1992826,SHUNG YEE HOUSE BLK B 24 SUNG KIT ST,TOW,TOW,9,9,819197.4,837468.1,22.31175446,114.18852145,2025/07/30 11:44:47+00
12709204.3967616,2549168.93304716,1091,Statutory Notices issued on prescribed inspection/repair for buildings,就樓宇訂明檢驗／訂明修葺所發出的法定通知,282466,YEN FUNG MANSION 191B/193A RECLAMATION ST,282466,YEN FUNG MANSION 191B/193A RECLAMATION ST,TOW,TOW,1,1,819356.1,835428.4,22.31318801,114.16872518,2025/07/30 11:44:47+00
12707959.1950114,2551046.97544234,1092,Statutory Notices issued on prescribed inspection/repair for buildings,就樓宇訂明檢驗／訂明修葺所發出的法定通知,1277512,YEN KWONG MANSION 314/316 TUNG CHAU ST,1277512,YEN KWONG MANSION 314/316 TUNG CHAU ST,TOW,TOW,1,1,821084.4,834276.1,22.32879458,114.15753965,2025/07/30 11:44:47+00
12716683.647044,2542968.48628283,1093,Statutory Notices issued on prescribed inspection/repair for buildings,就樓宇訂明檢驗／訂明修葺所發出的法定通知,595785,YEN LOK BUILDING 4/12 LIN SHING RD,595785,YEN LOK BUILDING 4/12 LIN SHING RD,POD,POD,1,1,813650.2,842353.2,22.26164969,114.23591277,2025/07/30 11:44:47+00
12716690.5512676,2542948.17064036,1094,Statutory Notices issued on prescribed inspection/repair for buildings,就樓宇訂明檢驗／訂明修葺所發出的法定通知,765932,YEN LOK BUILDING BLK A 4/12 LIN SHING RD,765932,YEN LOK BUILDING BLK A 4/12 LIN SHING RD,TOW,TOW,1,1,813631.5,842359.6,22.26148088,114.23597444,2025/07/30 11:44:47+00
12716676.9572905,2542984.89134567,1095,Statutory Notices issued on prescribed inspection/repair for buildings,就樓宇訂明檢驗／訂明修葺所發出的法定通知,766822,YEN LOK BUILDING BLK B 4/12 LIN SHING RD,766822,YEN LOK BUILDING BLK B 4/12 LIN SHING RD,TOW,TOW,1,1,813665.3,842347,22.26178539,114.23585292,2025/07/30 11:44:47+00
12714409.1237172,2549752.48615619,1096,Statutory Notices issued on prescribed inspection/repair for buildings,就樓宇訂明檢驗／訂明修葺所發出的法定通知,928878,YEN NING BUILDING 7/19 TING YIP ST,928878,YEN NING BUILDING 7/19 TING YIP ST,TOW,TOW,1,1,819893.6,840245.6,22.31803765,114.21548079,2025/07/30 11:44:47+00
12704110.0249734,2555848.80733862,1097,Statutory Notices issued on prescribed inspection/repair for buildings,就樓宇訂明檢驗／訂明修葺所發出的法定通知,1578976,YEN YA BUILDING 11 TAI HA ST KWAI CHUNG,1578976,YEN YA BUILDING 11 TAI HA ST KWAI CHUNG,TOW,TOW,2,2,825503.1,830715.4,22.36869026,114.12296235,2025/07/30 11:44:47+00
12704110.0249734,2555848.80733862,1098,Statutory Notices issued on prescribed inspection/repair for buildings,就樓宇訂明檢驗／訂明修葺所發出的法定通知,1578926,YEN YA BUILDING 5/17 TAI HA ST KWAI CHUNG,1578926,YEN YA BUILDING 5/17 TAI HA ST KWAI CHUNG,POD,POD,2,2,825503.1,830715.4,22.36869026,114.12296235,2025/07/30 11:44:47+00
12706766.8708605,2551901.43429474,1099,Statutory Notices issued on prescribed inspection/repair for buildings,就樓宇訂明檢驗／訂明修葺所發出的法定通知,1243228,YEUNG YIU CHUNG (NO. 6) INDUSTRIAL BUILDING 19 CHEUNG SHUN ST,1243228,YEUNG YIU CHUNG (NO. 6) INDUSTRIAL BUILDING 19 CHEUNG SHUN ST,TOW,TOW,1,1,821870.8,833172.8,22.33589446,114.14682904,2025/07/30 11:44:47+00
12710007.1702509,2544973.49093919,1100,Statutory Notices issued on prescribed inspection/repair for buildings,就樓宇訂明檢驗／訂明修葺所發出的法定通知,660295,YICK SHING MANSION 238/240 LOCKHART RD,660295,YICK SHING MANSION 238/240 LOCKHART RD,TOW,TOW,1,1,815494.7,836171.4,22.27831727,114.17593739,2025/07/30 11:44:47+00
12711700.7769031,2551157.67070272,1101,Statutory Notices issued on prescribed inspection/repair for buildings,就樓宇訂明檢驗／訂明修葺所發出的法定通知,1198827,YIK FUNG BUILDING 50 SOUTH WALL RD,1198827,YIK FUNG BUILDING 50 SOUTH WALL RD,TOW,TOW,1,1,821186.2,837738.8,22.32971465,114.19115047,2025/07/30 11:44:47+00
12710961.8586574,2543903.52608401,1102,Statutory Notices issued on prescribed inspection/repair for buildings,就樓宇訂明檢驗／訂明修葺所發出的法定通知,442012,YIK YAM BUILDING 20/22 YIK YAM ST,442012,YIK YAM BUILDING 20/22 YIK YAM ST,TOW,TOW,1,1,814509.8,837055.3,22.26942304,114.18451265,2025/07/30 11:44:47+00
12711159.678613,2548294.73861034,1103,Statutory Notices issued on prescribed inspection/repair for buildings,就樓宇訂明檢驗／訂明修葺所發出的法定通知,1678991,YIN ON COURT UNITED BUILDING BLK C 5 WU KWONG ST,1678991,YIN ON COURT UNITED BUILDING BLK C 5 WU KWONG ST,TOW,TOW,14,14,818551.6,837238.2,22.30592225,114.18629003,2025/07/30 11:44:47+00
12706203.4529215,2545812.82892577,1104,Statutory Notices issued on prescribed inspection/repair for buildings,就樓宇訂明檢驗／訂明修葺所發出的法定通知,415730,YIN TAK BUILDING 69 HIGH ST,415730,YIN TAK BUILDING 69 HIGH ST,TOW,TOW,1,1,816267.7,832650.1,22.28529401,114.14176723,2025/07/30 11:44:47+00
12707089.3151209,2545267.30499916,1105,Statutory Notices issued on prescribed inspection/repair for buildings,就樓宇訂明檢驗／訂明修葺所發出的法定通知,405821,YIN YEE MANSION 63/67 ROBINSON RD,405821,YIN YEE MANSION 63/67 ROBINSON RD,TOW,TOW,5,5,815765.4,833470.1,22.28075978,114.14972512,2025/07/30 11:44:47+00
12710068.4148938,2544852.14285565,1106,Statutory Notices issued on prescribed inspection/repair for buildings,就樓宇訂明檢驗／訂明修葺所發出的法定通知,688451,YING FAT HOUSE 2/4 BURROWS ST,688451,YING FAT HOUSE 2/4 BURROWS ST,TOW,TOW,2,2,815383,836228.1,22.27730873,114.1764871,2025/07/30 11:44:47+00
12712853.5027445,2546522.1890863,1107,Statutory Notices issued on prescribed inspection/repair for buildings,就樓宇訂明檢驗／訂明修葺所發出的法定通知,831770,YING WAH COURT 486/488 KING'S RD,831770,YING WAH COURT 486/488 KING'S RD,TOW,TOW,20,20,816920.4,838806.3,22.29119027,114.20150558,2025/07/30 11:44:47+00
12712853.5027445,2546522.1890863,1108,Statutory Notices issued on prescribed inspection/repair for buildings,就樓宇訂明檢驗／訂明修葺所發出的法定通知,831210,YING WAH COURT 486/488 KING'S RD,831210,YING WAH COURT 486/488 KING'S RD,POD,POD,20,20,816920.4,838806.3,22.29119027,114.20150558,2025/07/30 11:44:47+00
12705458.8297968,2545960.39422601,1109,Statutory Notices issued on prescribed inspection/repair for buildings,就樓宇訂明檢驗／訂明修葺所發出的法定通知,823343,YIP CHEUNG BUILDING 4/16 HILL RD,823343,YIP CHEUNG BUILDING 4/16 HILL RD,TOW,TOW,1,1,816403.7,831960.8,22.28652048,114.1350784,2025/07/30 11:44:47+00
12706939.9946174,2546066.23430927,1110,Statutory Notices issued on prescribed inspection/repair for buildings,就樓宇訂明檢驗／訂明修葺所發出的法定通知,33492,YU HING MANSION 55/57 BONHAM STRAND W,33492,YU HING MANSION 55/57 BONHAM STRAND W,TOW,TOW,1,1,816500.8,833332,22.28740003,114.14838455,2025/07/30 11:44:47+00
12710534.8177152,2544789.45378075,1111,Statutory Notices issued on prescribed inspection/repair for buildings,就樓宇訂明檢驗／訂明修葺所發出的法定通知,904082,YUE KING BUILDING 41/47 MORRISON HILL RD,904082,YUE KING BUILDING 41/47 MORRISON HILL RD,POD,POD,3,3,815325.3,836659.9,22.2767871,114.18067702,2025/07/30 11:44:47+00
12710535.3575655,2544780.87145096,1112,Statutory Notices issued on prescribed inspection/repair for buildings,就樓宇訂明檢驗／訂明修葺所發出的法定通知,904630,YUE KING BUILDING 41/47 MORRISON HILL RD,904630,YUE KING BUILDING 41/47 MORRISON HILL RD,TOW,TOW,162,162,815317.4,836660.4,22.27671563,114.18068183,2025/07/30 11:44:47+00
12709060.4301372,2548316.253593,1113,Statutory Notices issued on prescribed inspection/repair for buildings,就樓宇訂明檢驗／訂明修葺所發出的法定通知,108493,YUE TAK BUILDING 45/49 JORDAN RD,108493,YUE TAK BUILDING 45/49 JORDAN RD,TOW,TOW,1,1,818571.4,835295.1,22.30610104,114.1674325,2025/07/30 11:44:47+00
12707607.4876432,2545153.97069716,1114,Statutory Notices issued on prescribed inspection/repair for buildings,就樓宇訂明檢驗／訂明修葺所發出的法定通知,40195,YUEN MING BUILDING 13 CAINE RD,40195,YUEN MING BUILDING 13 CAINE RD,TOW,TOW,1,1,815661,833949.8,22.27981692,114.15438077,2025/07/30 11:44:47+00
12708685.0689852,2565484.45061489,1115,Statutory Notices issued on prescribed inspection/repair for buildings,就樓宇訂明檢驗／訂明修葺所發出的法定通知,936987,YUEN YIU BUILDING 31/33 YAN HING ST TAI PO,936987,YUEN YIU BUILDING 31/33 YAN HING ST TAI PO,TOW,TOW,1,1,834363.5,834949,22.44871244,114.16406069,2025/07/30 11:44:47+00
12706114.8978541,2546179.80941956,1116,Statutory Notices issued on prescribed inspection/repair for buildings,就樓宇訂明檢驗／訂明修葺所發出的法定通知,322751,YUET SUM MANSION 2/2E WESTERN ST,322751,YUET SUM MANSION 2/2E WESTERN ST,TOW,TOW,1,1,816605.5,832568.2,22.28834466,114.14097233,2025/07/30 11:44:47+00
12711332.5994995,2549167.39110417,1117,Statutory Notices issued on prescribed inspection/repair for buildings,就樓宇訂明檢驗／訂明修葺所發出的法定通知,208247,SIN HUA MANSION 103/105 MA TAU WAI RD,208247,SIN HUA MANSION 103/105 MA TAU WAI RD,TOW,TOW,1,1,819354.7,837398.2,22.3131751,114.18784374,2025/07/30 11:44:47+00
12709428.3345285,2549976.12450129,1118,Statutory Notices issued on prescribed inspection/repair for buildings,就樓宇訂明檢驗／訂明修葺所發出的法定通知,269057,SINCERE HOUSE 83 ARGYLE ST,269057,SINCERE HOUSE 83 ARGYLE ST,TOW,TOW,9,9,820098.9,835635.7,22.31989554,114.17073713,2025/07/30 11:44:47+00
12704523.3546711,2545344.97486719,1119,Statutory Notices issued on prescribed inspection/repair for buildings,就樓宇訂明檢驗／訂明修葺所發出的法定通知,1352024,SINCERE WESTERN HOUSE 42/56 FORBES ST,1352024,SINCERE WESTERN HOUSE 42/56 FORBES ST,TOW,TOW,3,3,815837.5,831094.6,22.28140512,114.12667476,2025/07/30 11:44:47+00
12706523.8915495,2546082.12115988,1120,Statutory Notices issued on prescribed inspection/repair for buildings,就樓宇訂明檢驗／訂明修葺所發出的法定通知,385715,SING FAI BUILDING 8/12 WILMER ST,385715,SING FAI BUILDING 8/12 WILMER ST,TOW,TOW,2,2,816515.5,832946.8,22.28753224,114.14464584,2025/07/30 11:44:47+00
12706526.5921871,2546081.68715779,1121,Statutory Notices issued on prescribed inspection/repair for buildings,就樓宇訂明檢驗／訂明修葺所發出的法定通知,385682,SING FAI BUILDING 8/12 WILMER ST,385682,SING FAI BUILDING 8/12 WILMER ST,POD,POD,2,2,816515.1,832949.3,22.28752841,114.14467049,2025/07/30 11:44:47+00
12710002.0932982,2545015.53390698,1122,Statutory Notices issued on prescribed inspection/repair for buildings,就樓宇訂明檢驗／訂明修葺所發出的法定通知,646977,SING KONG BUILDING 233/243 LOCKHART RD,646977,SING KONG BUILDING 233/243 LOCKHART RD,TOW,TOW,5,5,815533.4,836166.7,22.27866637,114.1758916,2025/07/30 11:44:47+00
12709383.6623026,2548594.44086442,1123,Statutory Notices issued on prescribed inspection/repair for buildings,就樓宇訂明檢驗／訂明修葺所發出的法定通知,196115,SING ON BUILDING 99/101 TEMPLE ST,196115,SING ON BUILDING 99/101 TEMPLE ST,TOW,TOW,1,1,818827.4,835594.3,22.30841311,114.17033638,2025/07/30 11:44:47+00
12708433.1448635,2550776.10083594,1124,Statutory Notices issued on prescribed inspection/repair for buildings,就樓宇訂明檢驗／訂明修葺所發出的法定通知,274511,SIU HING MANSION 129/131A YEE KUK ST,274511,SIU HING MANSION 129/131A YEE KUK ST,TOW,TOW,21,21,820835.1,834714.7,22.32654389,114.16179721,2025/07/30 11:44:47+00
12706169.1307109,2546155.81158527,1125,Statutory Notices issued on prescribed inspection/repair for buildings,就樓宇訂明檢驗／訂明修葺所發出的法定通知,1407386,SIU ON BUILDING 243/245 DES VOEUX RD W,1407386,SIU ON BUILDING 243/245 DES VOEUX RD W,TOW,TOW,1,1,816583.4,832618.4,22.28814459,114.14145896,2025/07/30 11:44:47+00
12704811.5208524,2545074.77331092,1126,Statutory Notices issued on prescribed inspection/repair for buildings,就樓宇訂明檢驗／訂明修葺所發出的法定通知,1463699,SMITHFIELD GARDEN BLK A 50 SMITHFIELD,1463699,SMITHFIELD GARDEN BLK A 50 SMITHFIELD,TOW,TOW,12,12,815588.7,831361.3,22.27915866,114.12926348,2025/07/30 11:44:47+00
12704811.7430703,2545055.00114569,1127,Statutory Notices issued on prescribed inspection/repair for buildings,就樓宇訂明檢驗／訂明修葺所發出的法定通知,1463963,SMITHFIELD GARDEN BLK B 50 SMITHFIELD,1463963,SMITHFIELD GARDEN BLK B 50 SMITHFIELD,TOW,TOW,12,12,815570.5,831361.5,22.27899438,114.12926601,2025/07/30 11:44:47+00
12704796.1879544,2545057.92945691,1128,Statutory Notices issued on prescribed inspection/repair for buildings,就樓宇訂明檢驗／訂明修葺所發出的法定通知,1464019,SMITHFIELD GARDEN BLK C 50 SMITHFIELD,1464019,SMITHFIELD GARDEN BLK C 50 SMITHFIELD,TOW,TOW,12,12,815573.2,831347.1,22.27901862,114.12912592,2025/07/30 11:44:47+00
12705409.1387388,2555287.43437851,1129,Statutory Notices issued on prescribed inspection/repair for buildings,就樓宇訂明檢驗／訂明修葺所發出的法定通知,1329207,SOUTH CHINA COLD STORAGE BUILDING 13/17 WAH SING ST KWAI CHUNG,1329207,SOUTH CHINA COLD STORAGE BUILDING 13/17 WAH SING ST KWAI CHUNG,TOW,TOW,1,1,824986.3,831917.2,22.36402677,114.13463268,2025/07/30 11:44:47+00
12709918.2427296,2547794.07648828,1130,Statutory Notices issued on prescribed inspection/repair for buildings,就樓宇訂明檢驗／訂明修葺所發出的法定通知,1183568,SOUTH EAST MANSION 75/77 KIMBERLEY RD,1183568,SOUTH EAST MANSION 75/77 KIMBERLEY RD,TOW,TOW,2,2,818090.8,836089.1,22.30176106,114.17513812,2025/07/30 11:44:47+00
12711663.9360537,2551219.07702352,1131,Statutory Notices issued on prescribed inspection/repair for buildings,就樓宇訂明檢驗／訂明修葺所發出的法定通知,1195026,SOUTH WALL MANSION 63/71 SOUTH WALL RD,1195026,SOUTH WALL MANSION 63/71 SOUTH WALL RD,TOW,TOW,1,1,821242.7,837704.7,22.33022434,114.19081988,2025/07/30 11:44:47+00
12712106.7122237,2546385.94250764,1132,Statutory Notices issued on prescribed inspection/repair for buildings,就樓宇訂明檢驗／訂明修葺所發出的法定通知,765584,SOUTHERN BUILDING 257/273 KING'S RD,765584,SOUTHERN BUILDING 257/273 KING'S RD,TOW,TOW,2,2,816794.9,838115,22.2900578,114.19479723,2025/07/30 11:44:47+00
12709493.5670132,2544781.08300759,1133,Statutory Notices issued on prescribed inspection/repair for buildings,就樓宇訂明檢驗／訂明修葺所發出的法定通知,87606,SOUTHORN MANSION 1/3 LUARD RD,87606,SOUTHORN MANSION 1/3 LUARD RD,TOW,TOW,2,2,815317.6,835695.9,22.27671782,114.17132364,2025/07/30 11:44:47+00
12689194.1108024,2556440.09622951,1134,Statutory Notices issued on prescribed inspection/repair for buildings,就樓宇訂明檢驗／訂明修葺所發出的法定通知,695928,SPRING SEAVIEW TERRACE BLK A 33 CASTLE PEAK RD CASTLE PEAK BAY CASTLE PEAK BAY,695928,SPRING SEAVIEW TERRACE BLK A 33 CASTLE PEAK RD CASTLE PEAK BAY CASTLE PEAK BAY,TOW,TOW,28,28,826058.1,816915.8,22.373602,113.98896995,2025/07/30 11:44:47+00
12689204.3157993,2556404.01714768,1135,Statutory Notices issued on prescribed inspection/repair for buildings,就樓宇訂明檢驗／訂明修葺所發出的法定通知,695964,SPRING SEAVIEW TERRACE BLK B 33 CASTLE PEAK RD CASTLE PEAK BAY CASTLE PEAK BAY,695964,SPRING SEAVIEW TERRACE BLK B 33 CASTLE PEAK RD CASTLE PEAK BAY CASTLE PEAK BAY,TOW,TOW,20,20,826024.9,816925.2,22.37330241,113.98906168,2025/07/30 11:44:47+00
12689218.086952,2556368.48615838,1136,Statutory Notices issued on prescribed inspection/repair for buildings,就樓宇訂明檢驗／訂明修葺所發出的法定通知,696057,SPRING SEAVIEW TERRACE BLK C 33 CASTLE PEAK RD CASTLE PEAK BAY CASTLE PEAK BAY,696057,SPRING SEAVIEW TERRACE BLK C 33 CASTLE PEAK RD CASTLE PEAK BAY CASTLE PEAK BAY,TOW,TOW,27,27,825992.2,816937.9,22.37300685,113.98918536,2025/07/30 11:44:47+00
12710909.9088128,2550764.10247943,1137,Statutory Notices issued on prescribed inspection/repair for buildings,就樓宇訂明檢驗／訂明修葺所發出的法定通知,1206216,SPRINGVALE 317 PRINCE EDWARD RD W,1206216,SPRINGVALE 317 PRINCE EDWARD RD W,TOW,TOW,2,2,820824,837006.9,22.32644408,114.18404652,2025/07/30 11:44:47+00
12705874.9981491,2545675.42431344,1138,Statutory Notices issued on prescribed inspection/repair for buildings,就樓宇訂明檢驗／訂明修葺所發出的法定通知,5169129,ST. PAUL'S BOYS COLLEGE 67/69 BONHAM RD,5169129,ST. PAUL'S BOYS COLLEGE 67/69 BONHAM RD,TOW,TOW,1,1,816141.3,832346,22.28415216,114.13881719,2025/07/30 11:44:47+00
12705897.9925941,2545730.29468798,1139,Statutory Notices issued on prescribed inspection/repair for buildings,就樓宇訂明檢驗／訂明修葺所發出的法定通知,344196,ST. PAUL'S COLLEGE 67/69 BONHAM RD,344196,ST. PAUL'S COLLEGE 67/69 BONHAM RD,TOW,TOW,1,1,816191.8,832367.3,22.28460756,114.13902337,2025/07/30 11:44:47+00
12705849.2687409,2545758.20360076,1140,Statutory Notices issued on prescribed inspection/repair for buildings,就樓宇訂明檢驗／訂明修葺所發出的法定通知,5194853,ST. PAUL'S COLLEGE ASSEMBLY BLOCK 67/69 BONHAM RD,5194853,ST. PAUL'S COLLEGE ASSEMBLY BLOCK 67/69 BONHAM RD,TOW,TOW,1,1,816217.5,832322.2,22.28484002,114.13858581,2025/07/30 11:44:47+00
12711874.0978323,2544977.30878535,1141,Statutory Notices issued on prescribed inspection/repair for buildings,就樓宇訂明檢驗／訂明修葺所發出的法定通知,618476,SUN CHUN VILLA 4 SUN CHUN ST,618476,SUN CHUN VILLA 4 SUN CHUN ST,TOW,TOW,1,1,815498.3,837899.8,22.27834924,114.19270834,2025/07/30 11:44:47+00
12710998.251973,2543801.84557295,1142,Statutory Notices issued on prescribed inspection/repair for buildings,就樓宇訂明檢驗／訂明修葺所發出的法定通知,693954,YUK SAU MANSION 20 YUK SAU ST,693954,YUK SAU MANSION 20 YUK SAU ST,TOW,TOW,5,5,814416.2,837089,22.26857781,114.18484006,2025/07/30 11:44:47+00
12707428.0972582,2545684.43658045,1143,Statutory Notices issued on prescribed inspection/repair for buildings,就樓宇訂明檢驗／訂明修葺所發出的法定通知,601646,11 GOUGH ST,601646,11 GOUGH ST,TOW,TOW,1,1,816149.3,833783.8,22.28422677,114.15276906,2025/07/30 11:44:47+00
12709794.0097488,2547538.84354784,1144,Statutory Notices issued on prescribed inspection/repair for buildings,就樓宇訂明檢驗／訂明修葺所發出的法定通知,129113,11/11A HAU FOOK ST,129113,11/11A HAU FOOK ST,TOW,TOW,1,1,817855.9,835974.1,22.29963998,114.17402211,2025/07/30 11:44:47+00
12711840.0710597,2544956.6711151,1145,Statutory Notices issued on prescribed inspection/repair for buildings,就樓宇訂明檢驗／訂明修葺所發出的法定通知,619199,11/12 SUN CHUN ST,619199,11/12 SUN CHUN ST,TOW,TOW,12,12,815479.3,837868.3,22.2781774,114.19240238,2025/07/30 11:44:47+00
12710769.7833053,2548461.55132286,1146,Statutory Notices issued on prescribed inspection/repair for buildings,就樓宇訂明檢驗／訂明修葺所發出的法定通知,1663798,11/12 WA FUNG ST,1663798,11/12 WA FUNG ST,TOW,TOW,11,11,818705.1,836877.3,22.30730914,114.18278812,2025/07/30 11:44:47+00
12711406.8548695,2550971.20678175,1147,Statutory Notices issued on prescribed inspection/repair for buildings,就樓宇訂明檢驗／訂明修葺所發出的法定通知,987217,11/13 HAU WONG RD,987217,11/13 HAU WONG RD,TOW,TOW,1,1,821014.6,837466.8,22.3281648,114.18851074,2025/07/30 11:44:47+00
12693716.6997505,2564785.86519895,1148,Statutory Notices issued on prescribed inspection/repair for buildings,就樓宇訂明檢驗／訂明修葺所發出的法定通知,1138986,11/13 MAU TAN ST YUEN LONG,1138986,11/13 MAU TAN ST YUEN LONG,TOW,TOW,1,1,833728.6,821107.5,22.44291175,114.02959693,2025/07/30 11:44:47+00
12708994.4327564,2549764.95695337,1149,Statutory Notices issued on prescribed inspection/repair for buildings,就樓宇訂明檢驗／訂明修葺所發出的法定通知,221092,11/13 NAM TAU ST,221092,11/13 NAM TAU ST,TOW,TOW,2,2,819904.6,835234.1,22.318141,114.1668391,2025/07/30 11:44:47+00
12711656.5703672,2551023.35012515,1150,Statutory Notices issued on prescribed inspection/repair for buildings,就樓宇訂明檢驗／訂明修葺所發出的法定通知,1190772,11/13 SOUTH WALL RD,1190772,11/13 SOUTH WALL RD,TOW,TOW,1,1,821062.6,837697.9,22.328598,114.19075359,2025/07/30 11:44:47+00
12708381.686139,2549973.22376415,1151,Statutory Notices issued on prescribed inspection/repair for buildings,就樓宇訂明檢驗／訂明修葺所發出的法定通知,5215186,11/13A KA SHIN ST,5215186,11/13A KA SHIN ST,TOW,TOW,22,22,820096.3,834667,22.31987189,114.16133531,2025/07/30 11:44:47+00
12707201.3978783,2545491.55919161,1152,Statutory Notices issued on prescribed inspection/repair for buildings,就樓宇訂明檢驗／訂明修葺所發出的法定通知,421872,111/113 CAINE RD,421872,111/113 CAINE RD,TOW,TOW,2,2,815971.8,833573.9,22.28262392,114.15073271,2025/07/30 11:44:47+00
12709377.505305,2548567.49266463,1153,Statutory Notices issued on prescribed inspection/repair for buildings,就樓宇訂明檢驗／訂明修葺所發出的法定通知,196201,111/113 TEMPLE ST,196201,111/113 TEMPLE ST,TOW,TOW,4,4,818802.6,835588.6,22.3081896,114.17028028,2025/07/30 11:44:47+00
12709360.1238095,2548282.69396803,1154,Statutory Notices issued on prescribed inspection/repair for buildings,就樓宇訂明檢驗／訂明修葺所發出的法定通知,160786,111/113 WOOSUNG ST,160786,111/113 WOOSUNG ST,TOW,TOW,2,2,818540.5,835572.5,22.30582266,114.17012407,2025/07/30 11:44:47+00
12709368.6910327,2550015.02583587,1155,Statutory Notices issued on prescribed inspection/repair for buildings,就樓宇訂明檢驗／訂明修葺所發出的法定通知,179804,111/117 TUNG CHOI ST,179804,111/117 TUNG CHOI ST,TOW,TOW,82,82,820134.7,835580.5,22.32021859,114.17020181,2025/07/30 11:44:47+00
12707168.2867076,2545823.45605612,1156,Statutory Notices issued on prescribed inspection/repair for buildings,就樓宇訂明檢驗／訂明修葺所發出的法定通知,386235,112 JERVOIS ST,386235,112 JERVOIS ST,TOW,TOW,1,1,816277.3,833543.3,22.28538223,114.15043475,2025/07/30 11:44:47+00
12708460.3708987,2550807.18461388,1157,Statutory Notices issued on prescribed inspection/repair for buildings,就樓宇訂明檢驗／訂明修葺所發出的法定通知,278605,112 YEE KUK ST,278605,112 YEE KUK ST,TOW,TOW,5,5,820863.7,834739.9,22.32680176,114.1620423,2025/07/30 11:44:47+00
12708496.0708549,2551491.42067788,1158,Statutory Notices issued on prescribed inspection/repair for buildings,就樓宇訂明檢驗／訂明修葺所發出的法定通知,207029,112/114 FUK WING ST,207029,112/114 FUK WING ST,TOW,TOW,5,5,821493.3,834773,22.33248763,114.16236282,2025/07/30 11:44:47+00
12715113.1440799,2545366.23351555,1159,Statutory Notices issued on prescribed inspection/repair for buildings,就樓宇訂明檢驗／訂明修葺所發出的法定通知,497577,112/114 SAI WAN HO ST,497577,112/114 SAI WAN HO ST,TOW,TOW,12,12,815856.9,840898.4,22.28158155,114.22180483,2025/07/30 11:44:47+00
12709293.4650928,2548294.4260463,1160,Statutory Notices issued on prescribed inspection/repair for buildings,就樓宇訂明檢驗／訂明修葺所發出的法定通知,137478,112/114 SHANGHAI ST,137478,112/114 SHANGHAI ST,TOW,TOW,8,8,818551.3,835510.8,22.30592012,114.16952563,2025/07/30 11:44:47+00
12708553.2453547,2551353.94705237,1161,Statutory Notices issued on prescribed inspection/repair for buildings,就樓宇訂明檢驗／訂明修葺所發出的法定通知,7863,114 FUK WA ST,7863,114 FUK WA ST,TOW,TOW,1,1,821366.8,834825.9,22.33134499,114.16287656,2025/07/30 11:44:47+00
12709375.8850398,2548560.53829565,1162,Statutory Notices issued on prescribed inspection/repair for buildings,就樓宇訂明檢驗／訂明修葺所發出的法定通知,196303,115 TEMPLE ST,196303,115 TEMPLE ST,TOW,TOW,4,4,818796.2,835587.1,22.30813118,114.17026573,2025/07/30 11:44:47+00
12708639.2849996,2551038.35495448,1163,Statutory Notices issued on prescribed inspection/repair for buildings,就樓宇訂明檢驗／訂明修葺所發出的法定通知,267111,115/117 APLIU ST,267111,115/117 APLIU ST,TOW,TOW,16,16,821076.4,834905.5,22.32872308,114.16364941,2025/07/30 11:44:47+00
12708548.1664932,2551356.66354531,1164,Statutory Notices issued on prescribed inspection/repair for buildings,就樓宇訂明檢驗／訂明修葺所發出的法定通知,7882,116 FUK WA ST,7882,116 FUK WA ST,TOW,TOW,6,6,821369.3,834821.2,22.33136756,114.16283078,2025/07/30 11:44:47+00
12703386.1729201,2555877.55595574,1165,Statutory Notices issued on prescribed inspection/repair for buildings,就樓宇訂明檢驗／訂明修葺所發出的法定通知,2060018,116/118 CHUNG ON ST TSUEN WAN,2060018,116/118 CHUNG ON ST TSUEN WAN,TOW,TOW,2,2,825529.8,830045.7,22.36892831,114.11645991,2025/07/30 11:44:47+00
12706585.4613211,2546094.95436862,1166,Statutory Notices issued on prescribed inspection/repair for buildings,就樓宇訂明檢驗／訂明修葺所發出的法定通知,342239,116/118 DES VOEUX RD W,342239,116/118 DES VOEUX RD W,TOW,TOW,2,2,816527.3,833003.8,22.28763946,114.14519975,2025/07/30 11:44:47+00
12708715.0385203,2550941.31347635,1167,Statutory Notices issued on prescribed inspection/repair for buildings,就樓宇訂明檢驗／訂明修葺所發出的法定通知,295546,116/118 YU CHAU ST,295546,116/118 YU CHAU ST,TOW,TOW,2,2,820987.1,834975.6,22.32791612,114.16432913,2025/07/30 11:44:47+00
12709375.0209548,2548555.53985776,1168,Statutory Notices issued on prescribed inspection/repair for buildings,就樓宇訂明檢驗／訂明修葺所發出的法定通知,196389,117 TEMPLE ST,196389,117 TEMPLE ST,TOW,TOW,1,1,818791.6,835586.3,22.30808999,114.17025876,2025/07/30 11:44:47+00
12708548.3001792,2551078.99182,1169,Statutory Notices issued on prescribed inspection/repair for buildings,就樓宇訂明檢驗／訂明修葺所發出的法定通知,676401,119 NAM CHEONG ST,676401,119 NAM CHEONG ST,TOW,TOW,1,1,821113.8,834821.3,22.32906022,114.16283206,2025/07/30 11:44:47+00
12709372.968546,2548548.47681362,1170,Statutory Notices issued on prescribed inspection/repair for buildings,就樓宇訂明檢驗／訂明修葺所發出的法定通知,196510,119/121 TEMPLE ST,196510,119/121 TEMPLE ST,TOW,TOW,2,2,818785.1,835584.4,22.30803128,114.17023996,2025/07/30 11:44:47+00
12703266.0786363,2555908.16260223,1171,Statutory Notices issued on prescribed inspection/repair for buildings,就樓宇訂明檢驗／訂明修葺所發出的法定通知,1592141,119/123 CHUEN LUNG ST TSUEN WAN,1592141,119/123 CHUEN LUNG ST TSUEN WAN,TOW,TOW,6,6,825558,829934.6,22.36918296,114.11538042,2025/07/30 11:44:47+00
12708636.5429969,2551505.34462885,1172,Statutory Notices issued on prescribed inspection/repair for buildings,就樓宇訂明檢驗／訂明修葺所發出的法定通知,301090,SUN FAIR BUILDING 93/113 TAI PO RD,301090,SUN FAIR BUILDING 93/113 TAI PO RD,TOW,TOW,1,1,821506.1,834903,22.33260293,114.16362475,2025/07/30 11:44:47+00
12708974.6561117,2549829.7221991,1173,Statutory Notices issued on prescribed inspection/repair for buildings,就樓宇訂明檢驗／訂明修葺所發出的法定通知,285292,SUN FUNG HOUSE 2 ARGYLE ST,285292,SUN FUNG HOUSE 2 ARGYLE ST,TOW,TOW,1,1,819964.2,835215.8,22.31867931,114.16666191,2025/07/30 11:44:47+00
12707496.7225755,2545470.09690107,1174,Statutory Notices issued on prescribed inspection/repair for buildings,就樓宇訂明檢驗／訂明修葺所發出的法定通知,415016,SUN FUNG HOUSE 52/60 LYNDHURST TERRACE,415016,SUN FUNG HOUSE 52/60 LYNDHURST TERRACE,TOW,TOW,1,1,815952,833847.3,22.28244512,114.15338526,2025/07/30 11:44:47+00
12709479.1983828,2544857.45437516,1175,Statutory Notices issued on prescribed inspection/repair for buildings,就樓宇訂明檢驗／訂明修葺所發出的法定通知,863299,SUN HEY MANSION 68/76 HENNESSY RD,863299,SUN HEY MANSION 68/76 HENNESSY RD,TOW,TOW,1,1,815387.9,835682.6,22.27735283,114.17119459,2025/07/30 11:44:47+00
12709292.9696962,2549608.16617796,1176,Statutory Notices issued on prescribed inspection/repair for buildings,就樓宇訂明檢驗／訂明修葺所發出的法定通知,1159772,SUN HING BUILDING 174/180 PORTLAND ST,1159772,SUN HING BUILDING 174/180 PORTLAND ST,TOW,TOW,1,1,819760.3,835510.4,22.31683838,114.16952104,2025/07/30 11:44:47+00
12708729.2963498,2565538.73007721,1177,Statutory Notices issued on prescribed inspection/repair for buildings,就樓宇訂明檢驗／訂明修葺所發出的法定通知,931136,SUN HING BUILDING 59/61 FU SHIN ST TAI PO,931136,SUN HING BUILDING 59/61 FU SHIN ST TAI PO,TOW,TOW,1,1,834413.4,834989.9,22.44916287,114.16445775,2025/07/30 11:44:47+00
12709703.6847032,2566061.09999108,1178,Statutory Notices issued on prescribed inspection/repair for buildings,就樓宇訂明檢驗／訂明修葺所發出的法定通知,1964445,SUN HING GARDEN 2 ON PO LANE TAI PO,1964445,SUN HING GARDEN 2 ON PO LANE TAI PO,POD,POD,1,1,834893.6,835890.9,22.4534999,114.17321032,2025/07/30 11:44:47+00
12709211.6537593,2544741.85243626,1179,Statutory Notices issued on prescribed inspection/repair for buildings,就樓宇訂明檢驗／訂明修葺所發出的法定通知,443678,SUN HING MANSION 8/9 SUN ST,443678,SUN HING MANSION 8/9 SUN ST,TOW,TOW,1,1,815281.5,835434.9,22.27639124,114.16879119,2025/07/30 11:44:47+00
12711350.46425,2551149.00629508,1180,Statutory Notices issued on prescribed inspection/repair for buildings,就樓宇訂明檢驗／訂明修葺所發出的法定通知,980691,SUN HONG HOUSE 57/59 LION ROCK RD,980691,SUN HONG HOUSE 57/59 LION ROCK RD,TOW,TOW,1,1,821178.2,837414.6,22.32964193,114.18800392,2025/07/30 11:44:47+00
12709404.4523545,2544865.27329846,1181,Statutory Notices issued on prescribed inspection/repair for buildings,就樓宇訂明檢驗／訂明修葺所發出的法定通知,844257,SUN KAI MANSION 38/46 HENNESSY RD,844257,SUN KAI MANSION 38/46 HENNESSY RD,TOW,TOW,3,3,815395.1,835613.4,22.27741777,114.17052255,2025/07/30 11:44:47+00
12709444.4519612,2549504.93901292,1182,Statutory Notices issued on prescribed inspection/repair for buildings,就樓宇訂明檢驗／訂明修葺所發出的法定通知,72148,SUN KONG HOUSE 2J/2Q SAI YEUNG CHOI ST S,72148,SUN KONG HOUSE 2J/2Q SAI YEUNG CHOI ST S,TOW,TOW,1,1,819665.3,835650.6,22.3159797,114.17088185,2025/07/30 11:44:47+00
12711255.1470846,2550953.06899121,1183,Statutory Notices issued on prescribed inspection/repair for buildings,就樓宇訂明檢驗／訂明修葺所發出的法定通知,266937,SUN TAI HOUSE 10-16 JUNCTION RD,266937,SUN TAI HOUSE 10-16 JUNCTION RD,TOW,TOW,5,5,820997.9,837326.4,22.32801382,114.18714755,2025/07/30 11:44:47+00
12710440.0912758,2544864.41559079,1184,Statutory Notices issued on prescribed inspection/repair for buildings,就樓宇訂明檢驗／訂明修葺所發出的法定通知,472657,SUN TAO BUILDING 12/18 MORRISON HILL RD,472657,SUN TAO BUILDING 12/18 MORRISON HILL RD,TOW,TOW,9,9,815394.3,836572.2,22.2774108,114.1798256,2025/07/30 11:44:47+00
12710387.6023509,2551714.61656533,1185,Statutory Notices issued on prescribed inspection/repair for buildings,就樓宇訂明檢驗／訂明修葺所發出的法定通知,931452,SUNDERLAND ESTATE APT A 1 HEREFORD RD,931452,SUNDERLAND ESTATE APT A 1 HEREFORD RD,TOW,TOW,5,5,821698.6,836523.5,22.33434198,114.17935432,2025/07/30 11:44:47+00
12710410.402909,2551734.07006676,1186,Statutory Notices issued on prescribed inspection/repair for buildings,就樓宇訂明檢驗／訂明修葺所發出的法定通知,931557,SUNDERLAND ESTATE APT B 1 HEREFORD RD,931557,SUNDERLAND ESTATE APT B 1 HEREFORD RD,TOW,TOW,1,1,821716.5,836544.6,22.33450402,114.17955955,2025/07/30 11:44:47+00
12710412.5647678,2551772.65185143,1187,Statutory Notices issued on prescribed inspection/repair for buildings,就樓宇訂明檢驗／訂明修葺所發出的法定通知,931570,SUNDERLAND ESTATE APT C 1 HEREFORD RD,931570,SUNDERLAND ESTATE APT C 1 HEREFORD RD,TOW,TOW,1,1,821752,836546.6,22.33482434,114.17957868,2025/07/30 11:44:47+00
12710501.8198429,2551728.96014299,1188,Statutory Notices issued on prescribed inspection/repair for buildings,就樓宇訂明檢驗／訂明修葺所發出的法定通知,933593,SUNDERLAND ESTATE APT D 1 HEREFORD RD,933593,SUNDERLAND ESTATE APT D 1 HEREFORD RD,TOW,TOW,1,1,821711.8,836629.2,22.3344616,114.18038026,2025/07/30 11:44:47+00
12710503.98191,2551767.54190426,1189,Statutory Notices issued on prescribed inspection/repair for buildings,就樓宇訂明檢驗／訂明修葺所發出的法定通知,934628,SUNDERLAND ESTATE APT E 1 HEREFORD RD,934628,SUNDERLAND ESTATE APT E 1 HEREFORD RD,TOW,TOW,1,1,821747.3,836631.2,22.33478193,114.18039971,2025/07/30 11:44:47+00
12710404.4608799,2551799.82234901,1190,Statutory Notices issued on prescribed inspection/repair for buildings,就樓宇訂明檢驗／訂明修葺所發出的法定通知,917878,SUNDERLAND ESTATE HSE 1 1 HEREFORD RD,917878,SUNDERLAND ESTATE HSE 1 1 HEREFORD RD,TOW,TOW,1,1,821777,836539.1,22.33505014,114.17950584,2025/07/30 11:44:47+00
12710446.2794362,2551797.53923927,1191,Statutory Notices issued on prescribed inspection/repair for buildings,就樓宇訂明檢驗／訂明修葺所發出的法定通知,919386,SUNDERLAND ESTATE HSE 10 1 HEREFORD RD,919386,SUNDERLAND ESTATE HSE 10 1 HEREFORD RD,TOW,TOW,1,1,821774.9,836577.8,22.33503112,114.17988167,2025/07/30 11:44:47+00
12710487.2329409,2551769.82460174,1192,Statutory Notices issued on prescribed inspection/repair for buildings,就樓宇訂明檢驗／訂明修葺所發出的法定通知,930072,SUNDERLAND ESTATE HSE 100 1 HEREFORD RD,930072,SUNDERLAND ESTATE HSE 100 1 HEREFORD RD,TOW,TOW,2,2,821749.4,836615.7,22.3348008,114.18024932,2025/07/30 11:44:47+00
12710505.9266131,2551752.97857186,1193,Statutory Notices issued on prescribed inspection/repair for buildings,就樓宇訂明檢驗／訂明修葺所發出的法定通知,930099,SUNDERLAND ESTATE HSE 101 1 HEREFORD RD,930099,SUNDERLAND ESTATE HSE 101 1 HEREFORD RD,TOW,TOW,2,2,821733.9,836633,22.33466067,114.18041728,2025/07/30 11:44:47+00
12710505.6023257,2551748.19660782,1194,Statutory Notices issued on prescribed inspection/repair for buildings,就樓宇訂明檢驗／訂明修葺所發出的法定通知,930110,SUNDERLAND ESTATE HSE 102 1 HEREFORD RD,930110,SUNDERLAND ESTATE HSE 102 1 HEREFORD RD,TOW,TOW,2,2,821729.5,836632.7,22.33462082,114.18041498,2025/07/30 11:44:47+00
12710505.3860941,2551743.3059614,1195,Statutory Notices issued on prescribed inspection/repair for buildings,就樓宇訂明檢驗／訂明修葺所發出的法定通知,930113,SUNDERLAND ESTATE HSE 103 1 HEREFORD RD,930113,SUNDERLAND ESTATE HSE 103 1 HEREFORD RD,TOW,TOW,2,2,821725,836632.5,22.3345808,114.18041251,2025/07/30 11:44:47+00
12710484.9627954,2551728.6344905,1196,Statutory Notices issued on prescribed inspection/repair for buildings,就樓宇訂明檢驗／訂明修葺所發出的法定通知,930127,SUNDERLAND ESTATE HSE 104 1 HEREFORD RD,930127,SUNDERLAND ESTATE HSE 104 1 HEREFORD RD,TOW,TOW,2,2,821711.5,836613.6,22.33445862,114.18022908,2025/07/30 11:44:47+00
12710480.1001925,2551728.85196209,1197,Statutory Notices issued on prescribed inspection/repair for buildings,就樓宇訂明檢驗／訂明修葺所發出的法定通知,930227,SUNDERLAND ESTATE HSE 105 1 HEREFORD RD,930227,SUNDERLAND ESTATE HSE 105 1 HEREFORD RD,TOW,TOW,2,2,821711.7,836609.1,22.33446081,114.18018505,2025/07/30 11:44:47+00
12711734.6271652,2545854.5983136,1198,Statutory Notices issued on prescribed inspection/repair for buildings,就樓宇訂明檢驗／訂明修葺所發出的法定通知,1449864,119/125 ELECTRIC RD,1449864,119/125 ELECTRIC RD,TOW,TOW,8,8,816305.8,837770.6,22.2856416,114.19145467,2025/07/30 11:44:47+00
12709391.2838907,2547201.57125013,1199,Statutory Notices issued on prescribed inspection/repair for buildings,就樓宇訂明檢驗／訂明修葺所發出的法定通知,1652,11A ASHLEY RD,1652,11A ASHLEY RD,TOW,TOW,6,6,817545.5,835601.3,22.29683727,114.17040408,2025/07/30 11:44:47+00
12709232.758855,2548101.33668145,1200,Statutory Notices issued on prescribed inspection/repair for buildings,就樓宇訂明檢驗／訂明修葺所發出的法定通知,31323,11A BOWRING ST,31323,11A BOWRING ST,TOW,TOW,3,3,818373.6,835454.6,22.30431541,114.1689803,2025/07/30 11:44:47+00
12704549.499255,2572514.32892837,1201,Statutory Notices issued on prescribed inspection/repair for buildings,就樓宇訂明檢驗／訂明修葺所發出的法定通知,1511761,12 SAN FUNG AVE SHEUNG SHUI,1511761,12 SAN FUNG AVE SHEUNG SHUI,TOW,TOW,1,1,840826.1,831127.1,22.50706513,114.12690987,2025/07/30 11:44:47+00
12707080.9255478,2545671.55755177,1202,Statutory Notices issued on prescribed inspection/repair for buildings,就樓宇訂明檢驗／訂明修葺所發出的法定通知,912112,12 SQUARE ST,912112,12 SQUARE ST,TOW,TOW,1,1,816137.5,833462.4,22.28411973,114.14965048,2025/07/30 11:44:47+00
12693794.7613214,2536615.71639178,1203,Statutory Notices issued on prescribed inspection/repair for buildings,就樓宇訂明檢驗／訂明修葺所發出的法定通知,1916482,12 TUNG WAN RD CHEUNG CHAU,1916482,12 TUNG WAN RD CHEUNG CHAU,TOW,TOW,1,1,807806.9,821154.5,22.20882468,114.03029841,2025/07/30 11:44:47+00
12708667.5740045,2550017.04486301,1204,Statutory Notices issued on prescribed inspection/repair for buildings,就樓宇訂明檢驗／訂明修葺所發出的法定通知,9468,12/14 ANCHOR ST,9468,12/14 ANCHOR ST,TOW,TOW,11,11,820136.6,834931.6,22.32023571,114.16390309,2025/07/30 11:44:47+00
12708403.034227,2550420.95167014,1205,Statutory Notices issued on prescribed inspection/repair for buildings,就樓宇訂明檢驗／訂明修葺所發出的法定通知,2121626,12/14 MAN ON ST,2121626,12/14 MAN ON ST,TOW,TOW,1,1,820508.3,834686.8,22.32359183,114.16152634,2025/07/30 11:44:47+00
12714475.6684507,2549709.32755774,1206,Statutory Notices issued on prescribed inspection/repair for buildings,就樓宇訂明檢驗／訂明修葺所發出的法定通知,930073,12/14 TING YUE SQUARE,930073,12/14 TING YUE SQUARE,TOW,TOW,2,2,819853.9,840307.2,22.3176789,114.21607788,2025/07/30 11:44:47+00
12706574.9829693,2546096.03861097,1207,Statutory Notices issued on prescribed inspection/repair for buildings,就樓宇訂明檢驗／訂明修葺所發出的法定通知,1433223,120/122 DES VOEUX RD W,1433223,120/122 DES VOEUX RD W,TOW,TOW,2,2,816528.3,832994.1,22.28764846,114.1451048,2025/07/30 11:44:47+00
12708478.8883742,2551507.06886941,1208,Statutory Notices issued on prescribed inspection/repair for buildings,就樓宇訂明檢驗／訂明修葺所發出的法定通知,207187,120/122 FUK WING ST,207187,120/122 FUK WING ST,TOW,TOW,1,1,821507.7,834757.1,22.33261774,114.16220812,2025/07/30 11:44:47+00
12708552.297729,2551083.77397706,1209,Statutory Notices issued on prescribed inspection/repair for buildings,就樓宇訂明檢驗／訂明修葺所發出的法定通知,676511,121 NAM CHEONG ST,676511,121 NAM CHEONG ST,TOW,TOW,1,1,821118.2,834825,22.32910031,114.1628676,2025/07/30 11:44:47+00
12704654.3306002,2545496.46351056,1210,Statutory Notices issued on prescribed inspection/repair for buildings,就樓宇訂明檢驗／訂明修葺所發出的法定通知,319868,121/123 BELCHER'S ST,319868,121/123 BELCHER'S ST,TOW,TOW,2,2,815976.9,831215.9,22.28266436,114.12785192,2025/07/30 11:44:47+00
12708450.3263437,2550763.49625739,1211,Statutory Notices issued on prescribed inspection/repair for buildings,就樓宇訂明檢驗／訂明修葺所發出的法定通知,273908,121/123 YEE KUK ST,273908,121/123 YEE KUK ST,TOW,TOW,5,5,820823.5,834730.6,22.32643847,114.1619519,2025/07/30 11:44:47+00
12711381.9034196,2551087.92736223,1212,Statutory Notices issued on prescribed inspection/repair for buildings,就樓宇訂明檢驗／訂明修葺所發出的法定通知,1733210,122 NGA TSIN WAI RD,1733210,122 NGA TSIN WAI RD,TOW,TOW,1,1,821122,837443.7,22.32913491,114.18828628,2025/07/30 11:44:47+00
12708917.0278578,2550395.45813891,1213,Statutory Notices issued on prescribed inspection/repair for buildings,就樓宇訂明檢驗／訂明修葺所發出的法定通知,131389,1223 CANTON RD,131389,1223 CANTON RD,TOW,TOW,1,1,820484.8,835162.5,22.32338055,114.16614411,2025/07/30 11:44:47+00
12707183.6071385,2545930.14698252,1214,Statutory Notices issued on prescribed inspection/repair for buildings,就樓宇訂明檢驗／訂明修葺所發出的法定通知,203789,123 BONHAM STRAND,203789,123 BONHAM STRAND,TOW,TOW,1,1,816375.5,833557.5,22.28626904,114.15057213,2025/07/30 11:44:47+00
12708728.5364762,2551047.38272609,1215,Statutory Notices issued on prescribed inspection/repair for buildings,就樓宇訂明檢驗／訂明修葺所發出的法定通知,280899,123 CHEUNG SHA WAN RD,280899,123 CHEUNG SHA WAN RD,TOW,TOW,1,1,821084.7,834988.1,22.32879736,114.16445049,2025/07/30 11:44:47+00
12711285.3655804,2548884.21652543,1216,Statutory Notices issued on prescribed inspection/repair for buildings,就樓宇訂明檢驗／訂明修葺所發出的法定通知,1729009,124/126 MA TAU WAI RD,1729009,124/126 MA TAU WAI RD,TOW,TOW,18,18,819094.1,837354.5,22.31082125,114.18741894,2025/07/30 11:44:47+00
12715132.9151407,2545379.37309973,1217,Statutory Notices issued on prescribed inspection/repair for buildings,就樓宇訂明檢驗／訂明修葺所發出的法定通知,1492899,124/126 SHAU KEI WAN RD,1492899,124/126 SHAU KEI WAN RD,TOW,TOW,1,1,815869,840916.7,22.28169128,114.22198195,2025/07/30 11:44:47+00
12711480.9350617,2550427.71973396,1218,Statutory Notices issued on prescribed inspection/repair for buildings,就樓宇訂明檢驗／訂明修葺所發出的法定通知,270661,124/126 TAM KUNG RD,270661,124/126 TAM KUNG RD,TOW,TOW,3,3,820514.5,837535.4,22.32364833,114.1891759,2025/07/30 11:44:47+00
12711834.8081417,2545248.36716746,1219,Statutory Notices issued on prescribed inspection/repair for buildings,就樓宇訂明檢驗／訂明修葺所發出的法定通知,1516506,124/126 TUNG LO WAN RD,1516506,124/126 TUNG LO WAN RD,TOW,TOW,5,5,815747.8,837863.4,22.28060157,114.19235473,2025/07/30 11:44:47+00
12709993.1294566,2544805.21125113,1220,Statutory Notices issued on prescribed inspection/repair for buildings,就樓宇訂明檢驗／訂明修葺所發出的法定通知,677942,124/126 WAN CHAI RD,677942,124/126 WAN CHAI RD,TOW,TOW,1,1,815339.8,836158.4,22.27691865,114.17581124,2025/07/30 11:44:47+00
12708434.0043048,2550826.30883341,1221,Statutory Notices issued on prescribed inspection/repair for buildings,就樓宇訂明檢驗／訂明修葺所發出的法定通知,278917,124/126 YEE KUK ST,278917,124/126 YEE KUK ST,TOW,TOW,3,3,820881.3,834715.5,22.32696091,114.16180483,2025/07/30 11:44:47+00
12709442.7660736,2548415.15343773,1222,Statutory Notices issued on prescribed inspection/repair for buildings,就樓宇訂明檢驗／訂明修葺所發出的法定通知,123241,125/127 PARKES ST,123241,125/127 PARKES ST,TOW,TOW,1,1,818662.4,835649,22.30692307,114.17086662,2025/07/30 11:44:47+00
12708804.2002909,2550706.36472087,1223,Statutory Notices issued on prescribed inspection/repair for buildings,就樓宇訂明檢驗／訂明修葺所發出的法定通知,1115505,126/128 TAI NAN ST,1115505,126/128 TAI NAN ST,TOW,TOW,1,1,820770.9,835058.1,22.32596435,114.1651305,2025/07/30 11:44:47+00
12708695.5875624,2550958.48266391,1224,Statutory Notices issued on prescribed inspection/repair for buildings,就樓宇訂明檢驗／訂明修葺所發出的法定通知,295681,126/128 YU CHAU ST,295681,126/128 YU CHAU ST,TOW,TOW,16,16,821002.9,834957.6,22.32805889,114.16415451,2025/07/30 11:44:47+00
12708539.5262853,2551311.01775695,1225,Statutory Notices issued on prescribed inspection/repair for buildings,就樓宇訂明檢驗／訂明修葺所發出的法定通知,4371,129/131 FUK WA ST,4371,129/131 FUK WA ST,TOW,TOW,5,5,821327.3,834813.2,22.33098884,114.16275253,2025/07/30 11:44:47+00
12709445.2505787,2548423.84633553,1226,Statutory Notices issued on prescribed inspection/repair for buildings,就樓宇訂明檢驗／訂明修葺所發出的法定通知,123564,129/131 PARKES ST,123564,129/131 PARKES ST,TOW,TOW,11,11,818670.4,835651.3,22.30699558,114.17088931,2025/07/30 11:44:47+00
12708740.646549,2550947.61880234,1227,Statutory Notices issued on prescribed inspection/repair for buildings,就樓宇訂明檢驗／訂明修葺所發出的法定通知,286863,13 WONG CHUK ST,286863,13 WONG CHUK ST,TOW,TOW,1,1,820992.9,834999.3,22.3279691,114.16455977,2025/07/30 11:44:47+00
12710475.2375919,2551729.17811331,1228,Statutory Notices issued on prescribed inspection/repair for buildings,就樓宇訂明檢驗／訂明修葺所發出的法定通知,930249,SUNDERLAND ESTATE HSE 106 1 HEREFORD RD,930249,SUNDERLAND ESTATE HSE 106 1 HEREFORD RD,TOW,TOW,2,2,821712,836604.6,22.33446285,114.1801418,2025/07/30 11:44:47+00
12710470.4830467,2551729.39557971,1229,Statutory Notices issued on prescribed inspection/repair for buildings,就樓宇訂明檢驗／訂明修葺所發出的法定通知,930277,SUNDERLAND ESTATE HSE 107 1 HEREFORD RD,930277,SUNDERLAND ESTATE HSE 107 1 HEREFORD RD,TOW,TOW,2,2,821712.2,836600.2,22.33446505,114.1800987,2025/07/30 11:44:47+00
12710465.6204458,2551729.72172814,1230,Statutory Notices issued on prescribed inspection/repair for buildings,就樓宇訂明檢驗／訂明修葺所發出的法定通知,930280,SUNDERLAND ESTATE HSE 108 1 HEREFORD RD,930280,SUNDERLAND ESTATE HSE 108 1 HEREFORD RD,TOW,TOW,2,2,821712.5,836595.7,22.33446733,114.18005562,2025/07/30 11:44:47+00
12710460.8659003,2551729.93919182,1231,Statutory Notices issued on prescribed inspection/repair for buildings,就樓宇訂明檢驗／訂明修葺所發出的法定通知,930332,SUNDERLAND ESTATE HSE 109 1 HEREFORD RD,930332,SUNDERLAND ESTATE HSE 109 1 HEREFORD RD,TOW,TOW,2,2,821712.7,836591.3,22.33446952,114.18001258,2025/07/30 11:44:47+00
12710450.9259425,2551797.32178112,1232,Statutory Notices issued on prescribed inspection/repair for buildings,就樓宇訂明檢驗／訂明修葺所發出的法定通知,919670,SUNDERLAND ESTATE HSE 11 1 HEREFORD RD,919670,SUNDERLAND ESTATE HSE 11 1 HEREFORD RD,TOW,TOW,1,1,821774.7,836582.1,22.33502885,114.17992331,2025/07/30 11:44:47+00
12710456.0032991,2551730.26533745,1233,Statutory Notices issued on prescribed inspection/repair for buildings,就樓宇訂明檢驗／訂明修葺所發出的法定通知,930453,SUNDERLAND ESTATE HSE 110 1 HEREFORD RD,930453,SUNDERLAND ESTATE HSE 110 1 HEREFORD RD,TOW,TOW,2,2,821713,836586.8,22.33447185,114.17996944,2025/07/30 11:44:47+00
12710451.2487533,2551730.48279839,1234,Statutory Notices issued on prescribed inspection/repair for buildings,就樓宇訂明檢驗／訂明修葺所發出的法定通知,931049,SUNDERLAND ESTATE HSE 111 1 HEREFORD RD,931049,SUNDERLAND ESTATE HSE 111 1 HEREFORD RD,TOW,TOW,2,2,821713.2,836582.4,22.33447392,114.17992616,2025/07/30 11:44:47+00
12710446.4942096,2551730.80893904,1235,Statutory Notices issued on prescribed inspection/repair for buildings,就樓宇訂明檢驗／訂明修葺所發出的法定通知,931131,SUNDERLAND ESTATE HSE 112 1 HEREFORD RD,931131,SUNDERLAND ESTATE HSE 112 1 HEREFORD RD,TOW,TOW,2,2,821713.5,836578,22.33447632,114.17988313,2025/07/30 11:44:47+00
12710441.6316057,2551731.02639944,1236,Statutory Notices issued on prescribed inspection/repair for buildings,就樓宇訂明檢驗／訂明修葺所發出的法定通知,931209,SUNDERLAND ESTATE HSE 113 1 HEREFORD RD,931209,SUNDERLAND ESTATE HSE 113 1 HEREFORD RD,TOW,TOW,2,2,821713.7,836573.5,22.33447827,114.17983998,2025/07/30 11:44:47+00
12710436.8770595,2551731.2438563,1237,Statutory Notices issued on prescribed inspection/repair for buildings,就樓宇訂明檢驗／訂明修葺所發出的法定通知,931287,SUNDERLAND ESTATE HSE 114 1 HEREFORD RD,931287,SUNDERLAND ESTATE HSE 114 1 HEREFORD RD,TOW,TOW,2,2,821713.9,836569.1,22.33448051,114.17979685,2025/07/30 11:44:47+00
12710432.0144574,2551731.56999497,1238,Statutory Notices issued on prescribed inspection/repair for buildings,就樓宇訂明檢驗／訂明修葺所發出的法定通知,931363,SUNDERLAND ESTATE HSE 115 1 HEREFORD RD,931363,SUNDERLAND ESTATE HSE 115 1 HEREFORD RD,TOW,TOW,2,2,821714.2,836564.6,22.33448282,114.17975375,2025/07/30 11:44:47+00
12710427.151853,2551731.78745117,1239,Statutory Notices issued on prescribed inspection/repair for buildings,就樓宇訂明檢驗／訂明修葺所發出的法定通知,931432,SUNDERLAND ESTATE HSE 116 1 HEREFORD RD,931432,SUNDERLAND ESTATE HSE 116 1 HEREFORD RD,TOW,TOW,2,2,821714.4,836560.1,22.33448503,114.1797097,2025/07/30 11:44:47+00
12710455.5724464,2551796.9956402,1240,Statutory Notices issued on prescribed inspection/repair for buildings,就樓宇訂明檢驗／訂明修葺所發出的法定通知,919677,SUNDERLAND ESTATE HSE 12 1 HEREFORD RD,919677,SUNDERLAND ESTATE HSE 12 1 HEREFORD RD,TOW,TOW,1,1,821774.4,836586.4,22.33502678,114.17996499,2025/07/30 11:44:47+00
12710460.3270108,2551796.77817718,1241,Statutory Notices issued on prescribed inspection/repair for buildings,就樓宇訂明檢驗／訂明修葺所發出的法定通知,919956,SUNDERLAND ESTATE HSE 13 1 HEREFORD RD,919956,SUNDERLAND ESTATE HSE 13 1 HEREFORD RD,TOW,TOW,1,1,821774.2,836590.8,22.33502462,114.18000742,2025/07/30 11:44:47+00
12710465.0815728,2551796.45203133,1242,Statutory Notices issued on prescribed inspection/repair for buildings,就樓宇訂明檢驗／訂明修葺所發出的法定通知,919967,SUNDERLAND ESTATE HSE 14 1 HEREFORD RD,919967,SUNDERLAND ESTATE HSE 14 1 HEREFORD RD,TOW,TOW,1,1,821773.9,836595.2,22.33502243,114.18005049,2025/07/30 11:44:47+00
12710469.836137,2551796.23456561,1243,Statutory Notices issued on prescribed inspection/repair for buildings,就樓宇訂明檢驗／訂明修葺所發出的法定通知,920248,SUNDERLAND ESTATE HSE 15 1 HEREFORD RD,920248,SUNDERLAND ESTATE HSE 15 1 HEREFORD RD,TOW,TOW,1,1,821773.7,836599.6,22.33502027,114.18009293,2025/07/30 11:44:47+00
12710474.4826426,2551796.01710091,1244,Statutory Notices issued on prescribed inspection/repair for buildings,就樓宇訂明檢驗／訂明修葺所發出的法定通知,920256,SUNDERLAND ESTATE HSE 16 1 HEREFORD RD,920256,SUNDERLAND ESTATE HSE 16 1 HEREFORD RD,TOW,TOW,1,1,821773.5,836603.9,22.33501817,114.18013457,2025/07/30 11:44:47+00
12710479.1291457,2551795.69095346,1245,Statutory Notices issued on prescribed inspection/repair for buildings,就樓宇訂明檢驗／訂明修葺所發出的法定通知,920273,SUNDERLAND ESTATE HSE 17 1 HEREFORD RD,920273,SUNDERLAND ESTATE HSE 17 1 HEREFORD RD,TOW,TOW,1,1,821773.2,836608.2,22.335016,114.18017631,2025/07/30 11:44:47+00
12710483.7756511,2551795.47348619,1246,Statutory Notices issued on prescribed inspection/repair for buildings,就樓宇訂明檢驗／訂明修葺所發出的法定通知,920558,SUNDERLAND ESTATE HSE 18 1 HEREFORD RD,920558,SUNDERLAND ESTATE HSE 18 1 HEREFORD RD,TOW,TOW,2,2,821773,836612.5,22.33501388,114.18021797,2025/07/30 11:44:47+00
12710488.3140979,2551795.25602009,1247,Statutory Notices issued on prescribed inspection/repair for buildings,就樓宇訂明檢驗／訂明修葺所發出的法定通知,920869,SUNDERLAND ESTATE HSE 19 1 HEREFORD RD,920869,SUNDERLAND ESTATE HSE 19 1 HEREFORD RD,TOW,TOW,2,2,821772.8,836616.7,22.33501173,114.18025965,2025/07/30 11:44:47+00
12710409.1073873,2551799.60490248,1248,Statutory Notices issued on prescribed inspection/repair for buildings,就樓宇訂明檢驗／訂明修葺所發出的法定通知,918717,SUNDERLAND ESTATE HSE 2 1 HEREFORD RD,918717,SUNDERLAND ESTATE HSE 2 1 HEREFORD RD,TOW,TOW,1,1,821776.8,836543.4,22.33504792,114.17954816,2025/07/30 11:44:47+00
12710492.9606006,2551794.9298688,1249,Statutory Notices issued on prescribed inspection/repair for buildings,就樓宇訂明檢驗／訂明修葺所發出的法定通知,921144,SUNDERLAND ESTATE HSE 20 1 HEREFORD RD,921144,SUNDERLAND ESTATE HSE 20 1 HEREFORD RD,TOW,TOW,2,2,821772.5,836621,22.33500965,114.18030134,2025/07/30 11:44:47+00
12710497.6071056,2551794.71239768,1250,Statutory Notices issued on prescribed inspection/repair for buildings,就樓宇訂明檢驗／訂明修葺所發出的法定通知,921175,SUNDERLAND ESTATE HSE 21 1 HEREFORD RD,921175,SUNDERLAND ESTATE HSE 21 1 HEREFORD RD,TOW,TOW,2,2,821772.3,836625.3,22.33500752,114.18034311,2025/07/30 11:44:47+00
12710502.2536104,2551794.49492527,1251,Statutory Notices issued on prescribed inspection/repair for buildings,就樓宇訂明檢驗／訂明修葺所發出的法定通知,921353,SUNDERLAND ESTATE HSE 22 1 HEREFORD RD,921353,SUNDERLAND ESTATE HSE 22 1 HEREFORD RD,TOW,TOW,1,1,821772.1,836629.6,22.33500537,114.18038481,2025/07/30 11:44:47+00
12710506.9001126,2551794.16877012,1252,Statutory Notices issued on prescribed inspection/repair for buildings,就樓宇訂明檢驗／訂明修葺所發出的法定通知,922271,SUNDERLAND ESTATE HSE 23 1 HEREFORD RD,922271,SUNDERLAND ESTATE HSE 23 1 HEREFORD RD,TOW,TOW,1,1,821771.8,836633.9,22.33500325,114.18042662,2025/07/30 11:44:47+00
12710511.5466172,2551793.95129513,1253,Statutory Notices issued on prescribed inspection/repair for buildings,就樓宇訂明檢驗／訂明修葺所發出的法定通知,922282,SUNDERLAND ESTATE HSE 24 1 HEREFORD RD,922282,SUNDERLAND ESTATE HSE 24 1 HEREFORD RD,TOW,TOW,1,1,821771.6,836638.2,22.3350011,114.18046837,2025/07/30 11:44:47+00
12711509.6178991,2551025.75400828,1254,Statutory Notices issued on prescribed inspection/repair for buildings,就樓宇訂明檢驗／訂明修葺所發出的法定通知,1173707,WING LEE BUILDING 26 NGA TSIN LONG RD,1173707,WING LEE BUILDING 26 NGA TSIN LONG RD,TOW,TOW,1,1,821064.8,837561.9,22.32861786,114.1894338,2025/07/30 11:44:47+00
12714397.2494741,2549794.76129084,1255,Statutory Notices issued on prescribed inspection/repair for buildings,就樓宇訂明檢驗／訂明修葺所發出的法定通知,929595,WING MING BUILDING 60/64 TING YIP ST,929595,WING MING BUILDING 60/64 TING YIP ST,TOW,TOW,1,1,819932.5,840234.6,22.31838889,114.21537402,2025/07/30 11:44:47+00
12709459.4432018,2550205.42073681,1256,Statutory Notices issued on prescribed inspection/repair for buildings,就樓宇訂明檢驗／訂明修葺所發出的法定通知,67276,WING MUI BUILDING 147/149A SAI YEE ST,67276,WING MUI BUILDING 147/149A SAI YEE ST,TOW,TOW,23,23,820309.9,835664.5,22.32180153,114.17101712,2025/07/30 11:44:47+00
12708313.6655032,2551548.89364153,1257,Statutory Notices issued on prescribed inspection/repair for buildings,就樓宇訂明檢驗／訂明修葺所發出的法定通知,9271,WING ON BUILDING 206 FUK WA ST,9271,WING ON BUILDING 206 FUK WA ST,TOW,TOW,2,2,821546.2,834604.2,22.33296549,114.16072383,2025/07/30 11:44:47+00
12703331.4220982,2556295.8450578,1258,Statutory Notices issued on prescribed inspection/repair for buildings,就樓宇訂明檢驗／訂明修葺所發出的法定通知,498487,WING ON MANSION 8/12 ON WING ST TSUEN WAN,498487,WING ON MANSION 8/12 ON WING ST TSUEN WAN,TOW,TOW,35,35,825914.6,829995.2,22.37240353,114.11596747,2025/07/30 11:44:47+00
12712409.502964,2546386.55541925,1259,Statutory Notices issued on prescribed inspection/repair for buildings,就樓宇訂明檢驗／訂明修葺所發出的法定通知,1005648,WING PO MANSION 33 FORT ST,1005648,WING PO MANSION 33 FORT ST,POD,POD,1,1,816795.5,838395.3,22.29006301,114.19751758,2025/07/30 11:44:47+00
12708385.7414336,2551528.79546225,1260,Statutory Notices issued on prescribed inspection/repair for buildings,就樓宇訂明檢驗／訂明修葺所發出的法定通知,203925,WING PONT HOUSE 161/163 FUK WING ST,203925,WING PONT HOUSE 161/163 FUK WING ST,TOW,TOW,1,1,821527.7,834670.9,22.33279846,114.16137119,2025/07/30 11:44:47+00
12715444.4080534,2548709.0021352,1261,Statutory Notices issued on prescribed inspection/repair for buildings,就樓宇訂明檢驗／訂明修葺所發出的法定通知,2154475,WING TAI CENTRE 12 HING YIP ST,2154475,WING TAI CENTRE 12 HING YIP ST,TOW,TOW,1,1,818933.6,841204.1,22.3093656,114.22478014,2025/07/30 11:44:47+00
12704944.1504586,2545472.32846731,1262,Statutory Notices issued on prescribed inspection/repair for buildings,就樓宇訂明檢驗／訂明修葺所發出的法定通知,588742,WING TAI MANSION 7/9 SANDS ST,588742,WING TAI MANSION 7/9 SANDS ST,TOW,TOW,1,1,815954.6,831484.2,22.2824639,114.13045502,2025/07/30 11:44:47+00
12708663.0880676,2550672.33802024,1263,Statutory Notices issued on prescribed inspection/repair for buildings,就樓宇訂明檢驗／訂明修葺所發出的法定通知,172268,WING TAK MANSION 159/161 LAI CHI KOK RD,172268,WING TAK MANSION 159/161 LAI CHI KOK RD,TOW,TOW,1,1,820739.6,834927.5,22.3256812,114.16386323,2025/07/30 11:44:47+00
12705924.1852638,2545957.14911978,1264,Statutory Notices issued on prescribed inspection/repair for buildings,就樓宇訂明檢驗／訂明修葺所發出的法定通知,1027843,WING TO BUILDING 4 WATER ST,1027843,WING TO BUILDING 4 WATER ST,TOW,TOW,1,1,816400.6,832391.6,22.28649343,114.13925941,2025/07/30 11:44:47+00
12715738.9987446,2547968.93453735,1265,Statutory Notices issued on prescribed inspection/repair for buildings,就樓宇訂明檢驗／訂明修葺所發出的法定通知,1199652,WING WAH BUILDING 28/38 FAN WA ST,1199652,WING WAH BUILDING 28/38 FAN WA ST,TOW,TOW,1,1,818252.6,841477,22.30321445,114.22742661,2025/07/30 11:44:47+00
12708793.2496082,2551188.3422056,1266,Statutory Notices issued on prescribed inspection/repair for buildings,就樓宇訂明檢驗／訂明修葺所發出的法定通知,200576,WING WAH BUILDING 49/53 FUK WING ST,200576,WING WAH BUILDING 49/53 FUK WING ST,TOW,TOW,1,1,821214.4,835048,22.32996921,114.16503225,2025/07/30 11:44:47+00
12705602.730971,2545896.00762563,1267,Statutory Notices issued on prescribed inspection/repair for buildings,就樓宇訂明檢驗／訂明修葺所發出的法定通知,1776608,WING WAH MANSION 425N/425P QUEEN'S RD W,1776608,WING WAH MANSION 425N/425P QUEEN'S RD W,TOW,TOW,6,6,816344.4,832094,22.28598527,114.1363712,2025/07/30 11:44:47+00
12707480.1570422,2545719.97100782,1268,Statutory Notices issued on prescribed inspection/repair for buildings,就樓宇訂明檢驗／訂明修葺所發出的法定通知,1977124,WING WAI BUILDING 172 WELLINGTON ST,1977124,WING WAI BUILDING 172 WELLINGTON ST,TOW,TOW,1,1,816182,833832,22.28452196,114.15323629,2025/07/30 11:44:47+00
12709108.6916087,2565253.34930574,1269,Statutory Notices issued on prescribed inspection/repair for buildings,就樓宇訂明檢驗／訂明修葺所發出的法定通知,1599985,WING WO BUILDING 22/34 WAN TAU SQUARE TAI PO,1599985,WING WO BUILDING 22/34 WAN TAU SQUARE TAI PO,TOW,TOW,1,1,834151,835340.7,22.44679348,114.16786578,2025/07/30 11:44:47+00
12711164.4863227,2549159.252745,1270,Statutory Notices issued on prescribed inspection/repair for buildings,就樓宇訂明檢驗／訂明修葺所發出的法定通知,238933,WING WO BUILDING 32/38 KO SHAN RD,238933,WING WO BUILDING 32/38 KO SHAN RD,TOW,TOW,1,1,819347.2,837242.6,22.3131074,114.18633357,2025/07/30 11:44:47+00
12709312.7088945,2550308.65249425,1271,Statutory Notices issued on prescribed inspection/repair for buildings,就樓宇訂明檢驗／訂明修葺所發出的法定通知,184590,WING YING BUILDING 181/187 TUNG CHOI ST,184590,WING YING BUILDING 181/187 TUNG CHOI ST,TOW,TOW,1,1,820404.9,835528.7,22.32265914,114.16969905,2025/07/30 11:44:47+00
12714361.0655736,2549839.86812717,1272,Statutory Notices issued on prescribed inspection/repair for buildings,就樓宇訂明檢驗／訂明修葺所發出的法定通知,1131542,WING YING BUILDING 257/269 KWUN TONG RD,1131542,WING YING BUILDING 257/269 KWUN TONG RD,POD,POD,1,1,819974,840201.1,22.31876373,114.21504867,2025/07/30 11:44:47+00
12705341.3912529,2554837.38784871,1273,Statutory Notices issued on prescribed inspection/repair for buildings,就樓宇訂明檢驗／訂明修葺所發出的法定通知,744139,WING YIP INDUSTRIAL BUILDING 21/27 WING YIP ST KWAI CHUNG,744139,WING YIP INDUSTRIAL BUILDING 21/27 WING YIP ST KWAI CHUNG,TOW,TOW,1,1,824572.3,831854.4,22.36028732,114.13402377,2025/07/30 11:44:47+00
12712254.3805918,2546384.83771634,1274,Statutory Notices issued on prescribed inspection/repair for buildings,就樓宇訂明檢驗／訂明修葺所發出的法定通知,816274,WINNER HOUSE / WANG ON COURT 310 KING'S RD,816274,WINNER HOUSE / WANG ON COURT 310 KING'S RD,TOW,TOW,7,7,816793.9,838251.7,22.29004858,114.19612366,2025/07/30 11:44:47+00
12712246.9267315,2546383.10031946,1275,Statutory Notices issued on prescribed inspection/repair for buildings,就樓宇訂明檢驗／訂明修葺所發出的法定通知,816125,WINNER HOUSE / WANG ON COURT 310 KING'S RD,816125,WINNER HOUSE / WANG ON COURT 310 KING'S RD,POD,POD,6,6,816792.3,838244.8,22.29003388,114.1960569,2025/07/30 11:44:47+00
12707032.1392049,2546054.95242535,1276,Statutory Notices issued on prescribed inspection/repair for buildings,就樓宇訂明檢驗／訂明修葺所發出的法定通知,553970,WINSOME HOUSE 154/158 WING LOK ST,553970,WINSOME HOUSE 154/158 WING LOK ST,TOW,TOW,12,12,816490.4,833417.3,22.28730679,114.14921146,2025/07/30 11:44:47+00
12716563.422356,2551405.8055898,1277,Statutory Notices issued on prescribed inspection/repair for buildings,就樓宇訂明檢驗／訂明修葺所發出的法定通知,1648282,WO FAT HING DISTILLERY 15 LUNG WO CLEAR WATER BAY,1648282,WO FAT HING DISTILLERY 15 LUNG WO CLEAR WATER BAY,TOW,TOW,1,1,821415.6,842238.9,22.33177562,114.23483292,2025/07/30 11:44:47+00
12709312.103077,2549405.61199159,1278,Statutory Notices issued on prescribed inspection/repair for buildings,就樓宇訂明檢驗／訂明修葺所發出的法定通知,1158897,WO FUNG HOUSE 120/122 PORTLAND ST,1158897,WO FUNG HOUSE 120/122 PORTLAND ST,TOW,TOW,1,1,819573.9,835528.1,22.31515443,114.16969307,2025/07/30 11:44:47+00
12706222.7937033,2571564.45210379,1279,Statutory Notices issued on prescribed inspection/repair for buildings,就樓宇訂明檢驗／訂明修葺所發出的法定通知,1510033,WO TAI HOUSE 10/12 WO TAI ST FANLING,1510033,WO TAI HOUSE 10/12 WO TAI ST FANLING,TOW,TOW,1,1,839952.7,832673.5,22.49918133,114.14194139,2025/07/30 11:44:47+00
12710516.3011774,2551793.62513475,1280,Statutory Notices issued on prescribed inspection/repair for buildings,就樓宇訂明檢驗／訂明修葺所發出的法定通知,922285,SUNDERLAND ESTATE HSE 25 1 HEREFORD RD,922285,SUNDERLAND ESTATE HSE 25 1 HEREFORD RD,TOW,TOW,1,1,821771.3,836642.6,22.33499895,114.18051089,2025/07/30 11:44:47+00
12710536.2920964,2551798.40661659,1281,Statutory Notices issued on prescribed inspection/repair for buildings,就樓宇訂明檢驗／訂明修葺所發出的法定通知,922292,SUNDERLAND ESTATE HSE 26 1 HEREFORD RD,922292,SUNDERLAND ESTATE HSE 26 1 HEREFORD RD,TOW,TOW,1,1,821775.7,836661.1,22.33503788,114.18069036,2025/07/30 11:44:47+00
12710536.0758607,2551793.73331909,1282,Statutory Notices issued on prescribed inspection/repair for buildings,就樓宇訂明檢驗／訂明修葺所發出的法定通知,922461,SUNDERLAND ESTATE HSE 27 1 HEREFORD RD,922461,SUNDERLAND ESTATE HSE 27 1 HEREFORD RD,TOW,TOW,1,1,821771.4,836660.9,22.33499934,114.18068817,2025/07/30 11:44:47+00
12710535.8596252,2551789.06002287,1283,Statutory Notices issued on prescribed inspection/repair for buildings,就樓宇訂明檢驗／訂明修葺所發出的法定通知,922468,SUNDERLAND ESTATE HSE 28 1 HEREFORD RD,922468,SUNDERLAND ESTATE HSE 28 1 HEREFORD RD,TOW,TOW,1,1,821767.1,836660.7,22.33496106,114.18068605,2025/07/30 11:44:47+00
12710535.5353342,2551784.49541209,1284,Statutory Notices issued on prescribed inspection/repair for buildings,就樓宇訂明檢驗／訂明修葺所發出的法定通知,923129,SUNDERLAND ESTATE HSE 29 1 HEREFORD RD,923129,SUNDERLAND ESTATE HSE 29 1 HEREFORD RD,TOW,TOW,1,1,821762.9,836660.4,22.33492289,114.18068374,2025/07/30 11:44:47+00
12710413.8619511,2551799.27877117,1285,Statutory Notices issued on prescribed inspection/repair for buildings,就樓宇訂明檢驗／訂明修葺所發出的法定通知,918727,SUNDERLAND ESTATE HSE 3 1 HEREFORD RD,918727,SUNDERLAND ESTATE HSE 3 1 HEREFORD RD,TOW,TOW,1,1,821776.5,836547.8,22.33504593,114.17958994,2025/07/30 11:44:47+00
12710535.3191017,2551779.93079975,1286,Statutory Notices issued on prescribed inspection/repair for buildings,就樓宇訂明檢驗／訂明修葺所發出的法定通知,923136,SUNDERLAND ESTATE HSE 30 1 HEREFORD RD,923136,SUNDERLAND ESTATE HSE 30 1 HEREFORD RD,TOW,TOW,2,2,821758.7,836660.2,22.3348849,114.18068162,2025/07/30 11:44:47+00
12710535.1028693,2551775.36618863,1287,Statutory Notices issued on prescribed inspection/repair for buildings,就樓宇訂明檢驗／訂明修葺所發出的法定通知,923239,SUNDERLAND ESTATE HSE 31 1 HEREFORD RD,923239,SUNDERLAND ESTATE HSE 31 1 HEREFORD RD,TOW,TOW,2,2,821754.5,836660,22.33484679,114.18067937,2025/07/30 11:44:47+00
12710534.886637,2551770.80157873,1288,Statutory Notices issued on prescribed inspection/repair for buildings,就樓宇訂明檢驗／訂明修葺所發出的法定通知,923289,SUNDERLAND ESTATE HSE 32 1 HEREFORD RD,923289,SUNDERLAND ESTATE HSE 32 1 HEREFORD RD,TOW,TOW,2,2,821750.3,836659.8,22.33480856,114.18067738,2025/07/30 11:44:47+00
12710534.6704021,2551766.12828877,1289,Statutory Notices issued on prescribed inspection/repair for buildings,就樓宇訂明檢驗／訂明修葺所發出的法定通知,923309,SUNDERLAND ESTATE HSE 33 1 HEREFORD RD,923309,SUNDERLAND ESTATE HSE 33 1 HEREFORD RD,TOW,TOW,2,2,821746,836659.6,22.33477045,114.1806752,2025/07/30 11:44:47+00
12710534.3461119,2551761.5636841,1290,Statutory Notices issued on prescribed inspection/repair for buildings,就樓宇訂明檢驗／訂明修葺所發出的法定通知,923312,SUNDERLAND ESTATE HSE 34 1 HEREFORD RD,923312,SUNDERLAND ESTATE HSE 34 1 HEREFORD RD,TOW,TOW,2,2,821741.8,836659.3,22.33473234,114.18067288,2025/07/30 11:44:47+00
12710534.12988,2551756.99907788,1291,Statutory Notices issued on prescribed inspection/repair for buildings,就樓宇訂明檢驗／訂明修葺所發出的法定通知,923332,SUNDERLAND ESTATE HSE 35 1 HEREFORD RD,923332,SUNDERLAND ESTATE HSE 35 1 HEREFORD RD,TOW,TOW,1,1,821737.6,836659.1,22.33469417,114.18067064,2025/07/30 11:44:47+00
12710533.9136482,2551752.43447287,1292,Statutory Notices issued on prescribed inspection/repair for buildings,就樓宇訂明檢驗／訂明修葺所發出的法定通知,923759,SUNDERLAND ESTATE HSE 36 1 HEREFORD RD,923759,SUNDERLAND ESTATE HSE 36 1 HEREFORD RD,TOW,TOW,1,1,821733.4,836658.9,22.3346559,114.18066845,2025/07/30 11:44:47+00
12710533.5893557,2551747.76119069,1293,Statutory Notices issued on prescribed inspection/repair for buildings,就樓宇訂明檢驗／訂明修葺所發出的法定通知,924897,SUNDERLAND ESTATE HSE 37 1 HEREFORD RD,924897,SUNDERLAND ESTATE HSE 37 1 HEREFORD RD,TOW,TOW,1,1,821729.1,836658.6,22.33461759,114.18066633,2025/07/30 11:44:47+00
12710533.3731214,2551743.08790702,1294,Statutory Notices issued on prescribed inspection/repair for buildings,就樓宇訂明檢驗／訂明修葺所發出的法定通知,925111,SUNDERLAND ESTATE HSE 38 1 HEREFORD RD,925111,SUNDERLAND ESTATE HSE 38 1 HEREFORD RD,TOW,TOW,1,1,821724.8,836658.4,22.33457876,114.18066395,2025/07/30 11:44:47+00
12710533.15689,2551738.52330572,1295,Statutory Notices issued on prescribed inspection/repair for buildings,就樓宇訂明檢驗／訂明修葺所發出的法定通知,925147,SUNDERLAND ESTATE HSE 39 1 HEREFORD RD,925147,SUNDERLAND ESTATE HSE 39 1 HEREFORD RD,TOW,TOW,1,1,821720.6,836658.2,22.33454047,114.18066171,2025/07/30 11:44:47+00
12710418.4003999,2551799.06132404,1296,Statutory Notices issued on prescribed inspection/repair for buildings,就樓宇訂明檢驗／訂明修葺所發出的法定通知,918750,SUNDERLAND ESTATE HSE 4 1 HEREFORD RD,918750,SUNDERLAND ESTATE HSE 4 1 HEREFORD RD,TOW,TOW,1,1,821776.3,836552,22.33504388,114.17963151,2025/07/30 11:44:47+00
12710532.940656,2551733.85002457,1297,Statutory Notices issued on prescribed inspection/repair for buildings,就樓宇訂明檢驗／訂明修葺所發出的法定通知,925376,SUNDERLAND ESTATE HSE 40 1 HEREFORD RD,925376,SUNDERLAND ESTATE HSE 40 1 HEREFORD RD,TOW,TOW,1,1,821716.3,836658,22.33450219,114.18065965,2025/07/30 11:44:47+00
12710532.6163669,2551729.28542849,1298,Statutory Notices issued on prescribed inspection/repair for buildings,就樓宇訂明檢驗／訂明修葺所發出的法定通知,925584,SUNDERLAND ESTATE HSE 41 1 HEREFORD RD,925584,SUNDERLAND ESTATE HSE 41 1 HEREFORD RD,TOW,TOW,2,2,821712.1,836657.7,22.3344639,114.18065753,2025/07/30 11:44:47+00
12710532.4001359,2551724.72083088,1299,Statutory Notices issued on prescribed inspection/repair for buildings,就樓宇訂明檢驗／訂明修葺所發出的法定通知,925625,SUNDERLAND ESTATE HSE 42 1 HEREFORD RD,925625,SUNDERLAND ESTATE HSE 42 1 HEREFORD RD,TOW,TOW,2,2,821707.9,836657.5,22.33442592,114.18065539,2025/07/30 11:44:47+00
12710532.1839049,2551720.15623447,1300,Statutory Notices issued on prescribed inspection/repair for buildings,就樓宇訂明檢驗／訂明修葺所發出的法定通知,925873,SUNDERLAND ESTATE HSE 43 1 HEREFORD RD,925873,SUNDERLAND ESTATE HSE 43 1 HEREFORD RD,TOW,TOW,2,2,821703.7,836657.3,22.33438774,114.18065309,2025/07/30 11:44:47+00
12710531.9676714,2551715.48295834,1301,Statutory Notices issued on prescribed inspection/repair for buildings,就樓宇訂明檢驗／訂明修葺所發出的法定通知,926058,SUNDERLAND ESTATE HSE 44 1 HEREFORD RD,926058,SUNDERLAND ESTATE HSE 44 1 HEREFORD RD,TOW,TOW,2,2,821699.4,836657.1,22.3343496,114.18065098,2025/07/30 11:44:47+00
12710531.6433829,2551710.91836715,1302,Statutory Notices issued on prescribed inspection/repair for buildings,就樓宇訂明檢驗／訂明修葺所發出的法定通知,926148,SUNDERLAND ESTATE HSE 45 1 HEREFORD RD,926148,SUNDERLAND ESTATE HSE 45 1 HEREFORD RD,TOW,TOW,2,2,821695.2,836656.8,22.33431147,114.1806487,2025/07/30 11:44:47+00
12710531.4271524,2551706.35377443,1303,Statutory Notices issued on prescribed inspection/repair for buildings,就樓宇訂明檢驗／訂明修葺所發出的法定通知,926151,SUNDERLAND ESTATE HSE 46 1 HEREFORD RD,926151,SUNDERLAND ESTATE HSE 46 1 HEREFORD RD,TOW,TOW,1,1,821691,836656.6,22.33427324,114.18064651,2025/07/30 11:44:47+00
12710531.210922,2551701.78918293,1304,Statutory Notices issued on prescribed inspection/repair for buildings,就樓宇訂明檢驗／訂明修葺所發出的法定通知,926176,SUNDERLAND ESTATE HSE 47 1 HEREFORD RD,926176,SUNDERLAND ESTATE HSE 47 1 HEREFORD RD,TOW,TOW,1,1,821686.8,836656.4,22.33423516,114.18064435,2025/07/30 11:44:47+00
12710530.994689,2551697.11591181,1305,Statutory Notices issued on prescribed inspection/repair for buildings,就樓宇訂明檢驗／訂明修葺所發出的法定通知,926187,SUNDERLAND ESTATE HSE 48 1 HEREFORD RD,926187,SUNDERLAND ESTATE HSE 48 1 HEREFORD RD,TOW,TOW,1,1,821682.5,836656.2,22.33419697,114.18064214,2025/07/30 11:44:47+00
12710504.0765722,2551198.49617422,1306,Statutory Notices issued on prescribed inspection/repair for buildings,就樓宇訂明檢驗／訂明修葺所發出的法定通知,1104509,LANNOX GARDENS BLK A 18/20 LANCASHIRE RD,1104509,LANNOX GARDENS BLK A 18/20 LANCASHIRE RD,TOW,TOW,1,1,821223.7,836631.3,22.33005305,114.18040063,2025/07/30 11:44:47+00
12710524.0665788,2551195.01800139,1307,Statutory Notices issued on prescribed inspection/repair for buildings,就樓宇訂明檢驗／訂明修葺所發出的法定通知,1104521,LANNOX GARDENS BLK B 22/24 LANCASHIRE RD,1104521,LANNOX GARDENS BLK B 22/24 LANCASHIRE RD,TOW,TOW,6,6,821220.5,836649.8,22.33002482,114.18058009,2025/07/30 11:44:47+00
12707787.6110686,2545497.73466193,1308,Statutory Notices issued on prescribed inspection/repair for buildings,就樓宇訂明檢驗／訂明修葺所發出的法定通知,331724,LANSING HOUSE 41/47 QUEEN'S RD C,331724,LANSING HOUSE 41/47 QUEEN'S RD C,TOW,TOW,1,1,815977.4,834116.6,22.28267492,114.15599862,2025/07/30 11:44:47+00
12710146.4012715,2544968.81974672,1309,Statutory Notices issued on prescribed inspection/repair for buildings,就樓宇訂明檢驗／訂明修葺所發出的法定通知,1852932,LAP HING BUILDING 275/285 HENNESSY RD,1852932,LAP HING BUILDING 275/285 HENNESSY RD,TOW,TOW,2,2,815490.4,836300.3,22.27827834,114.17718757,2025/07/30 11:44:47+00
12709623.3596953,2549947.65979768,1310,Statutory Notices issued on prescribed inspection/repair for buildings,就樓宇訂明檢驗／訂明修葺所發出的法定通知,78434,LEE FUNG BUILDING 104 HAK PO ST,78434,LEE FUNG BUILDING 104 HAK PO ST,TOW,TOW,4,4,820072.7,835816.2,22.31965921,114.17248877,2025/07/30 11:44:47+00
12708173.0208833,2551153.17904536,1311,Statutory Notices issued on prescribed inspection/repair for buildings,就樓宇訂明檢驗／訂明修葺所發出的法定通知,1353202,LEE LUEN YICK BUILDING 390/394 LAI CHI KOK RD,1353202,LEE LUEN YICK BUILDING 390/394 LAI CHI KOK RD,POD,POD,3,3,821182.1,834474,22.32967647,114.15946064,2025/07/30 11:44:47+00
12709490.4633657,2549922.22673031,1312,Statutory Notices issued on prescribed inspection/repair for buildings,就樓宇訂明檢驗／訂明修葺所發出的法定通知,264073,LEE ON BUILDING 100B/102 FA YUEN ST,264073,LEE ON BUILDING 100B/102 FA YUEN ST,TOW,TOW,1,1,820049.3,835693.2,22.31944786,114.17129582,2025/07/30 11:44:47+00
12709738.6452679,2544986.30649409,1313,Statutory Notices issued on prescribed inspection/repair for buildings,就樓宇訂明檢驗／訂明修葺所發出的法定通知,547671,LEE SHUN BUILDING 157/159 LOCKHART RD,547671,LEE SHUN BUILDING 157/159 LOCKHART RD,TOW,TOW,1,1,815506.5,835922.8,22.27842392,114.17352494,2025/07/30 11:44:47+00
12712762.76907,2552064.36376387,1314,Statutory Notices issued on prescribed inspection/repair for buildings,就樓宇訂明檢驗／訂明修葺所發出的法定通知,1057067,LEE SUM FACTORY BUILDING 28 NG FONG ST,1057067,LEE SUM FACTORY BUILDING 28 NG FONG ST,TOW,TOW,1,1,822020.6,838721.5,22.33724858,114.20069132,2025/07/30 11:44:47+00
12708867.7345113,2565396.3627335,1315,Statutory Notices issued on prescribed inspection/repair for buildings,就樓宇訂明檢驗／訂明修葺所發出的法定通知,1561425,LEE YEE BUILDING 12/14 NAM SHING ST TAI PO,1561425,LEE YEE BUILDING 12/14 NAM SHING ST TAI PO,TOW,TOW,12,12,834282.5,835117.9,22.44798081,114.16570106,2025/07/30 11:44:47+00
12711205.805643,2544905.01322445,1316,Statutory Notices issued on prescribed inspection/repair for buildings,就樓宇訂明檢驗／訂明修葺所發出的法定通知,513242,LEI HA COURT 7/19A HAVEN ST,513242,LEI HA COURT 7/19A HAVEN ST,TOW,TOW,2,2,815431.7,837281.1,22.27774805,114.18670443,2025/07/30 11:44:47+00
12710917.9456851,2544867.98426386,1317,Statutory Notices issued on prescribed inspection/repair for buildings,就樓宇訂明檢驗／訂明修葺所發出的法定通知,789502,LEIGHTON COURT LAI CHI BUILDING 42/56 LEIGHTON RD,789502,LEIGHTON COURT LAI CHI BUILDING 42/56 LEIGHTON RD,TOW,TOW,2,2,815397.6,837014.6,22.27744031,114.18411896,2025/07/30 11:44:47+00
12710937.3858896,2544820.50881549,1318,Statutory Notices issued on prescribed inspection/repair for buildings,就樓宇訂明檢驗／訂明修葺所發出的法定通知,2126471,LEIGHTON COURT LEIGYINN BUILDING 60B/62C LEIGHTON RD,2126471,LEIGHTON COURT LEIGYINN BUILDING 60B/62C LEIGHTON RD,TOW,TOW,1,1,815353.9,837032.6,22.2770452,114.18429354,2025/07/30 11:44:47+00
12711042.1717468,2550900.59181007,1319,Statutory Notices issued on prescribed inspection/repair for buildings,就樓宇訂明檢驗／訂明修葺所發出的法定通知,1235069,LILAC COURT 173/175 BOUNDARY ST,1235069,LILAC COURT 173/175 BOUNDARY ST,TOW,TOW,1,1,820949.6,837129.3,22.32757834,114.18523499,2025/07/30 11:44:47+00
12710354.9363066,2556847.08577189,1320,Statutory Notices issued on prescribed inspection/repair for buildings,就樓宇訂明檢驗／訂明修葺所發出的法定通知,1413891,LIN FUNG HOUSE 82/86 CHIK CHUEN ST TAI WAI,1413891,LIN FUNG HOUSE 82/86 CHIK CHUEN ST TAI WAI,TOW,TOW,1,1,826420.4,836493.2,22.3769829,114.17906063,2025/07/30 11:44:47+00
12709357.6525838,2550413.19735682,1321,Statutory Notices issued on prescribed inspection/repair for buildings,就樓宇訂明檢驗／訂明修葺所發出的法定通知,262012,LOK FU MANSION 199/205 FA YUEN ST,262012,LOK FU MANSION 199/205 FA YUEN ST,TOW,TOW,4,4,820501.1,835570.3,22.32352751,114.17010273,2025/07/30 11:44:47+00
12709649.8567245,2544998.9063413,1322,Statutory Notices issued on prescribed inspection/repair for buildings,就樓宇訂明檢驗／訂明修葺所發出的法定通知,1512472,LOK KU HOUSE 118 JAFFE RD,1512472,LOK KU HOUSE 118 JAFFE RD,TOW,TOW,5,5,815518.1,835840.6,22.278528,114.17272686,2025/07/30 11:44:47+00
12711213.7066307,2545148.5800938,1323,Statutory Notices issued on prescribed inspection/repair for buildings,就樓宇訂明檢驗／訂明修葺所發出的法定通知,618095,LOK SING CENTRE BLK A 2/8 SUGAR ST,618095,LOK SING CENTRE BLK A 2/8 SUGAR ST,TOW,TOW,9,9,815655.9,837288.4,22.27977288,114.18677528,2025/07/30 11:44:47+00
12716665.2444726,2547039.16915937,1324,Statutory Notices issued on prescribed inspection/repair for buildings,就樓宇訂明檢驗／訂明修葺所發出的法定通知,1305046,LONG LIFE INDUSTRIAL BUILDING 15 KO FAI RD,1305046,LONG LIFE INDUSTRIAL BUILDING 15 KO FAI RD,TOW,TOW,1,1,817397.2,842334.7,22.2954868,114.235748,2025/07/30 11:44:47+00
12707507.6796769,2545162.21207264,1325,Statutory Notices issued on prescribed inspection/repair for buildings,就樓宇訂明檢驗／訂明修葺所發出的法定通知,42021,LONG MANSION 24/24A CAINE RD,42021,LONG MANSION 24/24A CAINE RD,TOW,TOW,1,1,815668.6,833857.4,22.27988552,114.15348408,2025/07/30 11:44:47+00
12709505.1437763,2547276.76325804,1326,Statutory Notices issued on prescribed inspection/repair for buildings,就樓宇訂明檢驗／訂明修葺所發出的法定通知,55420,LONG WAH BUILDING 21/21A LOCK RD,55420,LONG WAH BUILDING 21/21A LOCK RD,TOW,TOW,5,5,817614.7,835706.7,22.29746184,114.17142743,2025/07/30 11:44:47+00
12711349.8507103,2548685.79446492,1327,Statutory Notices issued on prescribed inspection/repair for buildings,就樓宇訂明檢驗／訂明修葺所發出的法定通知,1495083,LOONG KING MANSION 23/35H MA TAU WAI RD,1495083,LOONG KING MANSION 23/35H MA TAU WAI RD,POD,POD,1,1,818911.5,837414.2,22.30917222,114.1879989,2025/07/30 11:44:47+00
12711332.3473414,2548670.1484833,1328,Statutory Notices issued on prescribed inspection/repair for buildings,就樓宇訂明檢驗／訂明修葺所發出的法定通知,1495177,LOONG KING MANSION BLK A 23/35 MA TAU WAI RD,1495177,LOONG KING MANSION BLK A 23/35 MA TAU WAI RD,TOW,TOW,1,1,818897.1,837398,22.30904219,114.18784095,2025/07/30 11:44:47+00
12711367.1356673,2548669.71124791,1329,Statutory Notices issued on prescribed inspection/repair for buildings,就樓宇訂明檢驗／訂明修葺所發出的法定通知,1495311,LOONG KING MANSION BLK B 23/35 MA TAU WAI RD,1495311,LOONG KING MANSION BLK B 23/35 MA TAU WAI RD,TOW,TOW,1,1,818896.7,837430.2,22.30903904,114.18815333,2025/07/30 11:44:47+00
12711331.4849879,2548697.09664058,1330,Statutory Notices issued on prescribed inspection/repair for buildings,就樓宇訂明檢驗／訂明修葺所發出的法定通知,1495434,LOONG KING MANSION BLK C 23/35 MA TAU WAI RD,1495434,LOONG KING MANSION BLK C 23/35 MA TAU WAI RD,TOW,TOW,1,1,818921.9,837397.2,22.30926666,114.18783376,2025/07/30 11:44:47+00
12711363.1402675,2548696.87696577,1331,Statutory Notices issued on prescribed inspection/repair for buildings,就樓宇訂明檢驗／訂明修葺所發出的法定通知,1495548,LOONG KING MANSION BLK D 23/35 MA TAU WAI RD,1495548,LOONG KING MANSION BLK D 23/35 MA TAU WAI RD,TOW,TOW,1,1,818921.7,837426.5,22.30926444,114.18811789,2025/07/30 11:44:47+00
12710530.6704011,2551692.55132551,1332,Statutory Notices issued on prescribed inspection/repair for buildings,就樓宇訂明檢驗／訂明修葺所發出的法定通知,926192,SUNDERLAND ESTATE HSE 49 1 HEREFORD RD,926192,SUNDERLAND ESTATE HSE 49 1 HEREFORD RD,TOW,TOW,1,1,821678.3,836655.9,22.33415849,114.18063994,2025/07/30 11:44:47+00
12710423.046907,2551798.84387363,1333,Statutory Notices issued on prescribed inspection/repair for buildings,就樓宇訂明檢驗／訂明修葺所發出的法定通知,919041,SUNDERLAND ESTATE HSE 5 1 HEREFORD RD,919041,SUNDERLAND ESTATE HSE 5 1 HEREFORD RD,TOW,TOW,2,2,821776.1,836556.3,22.33504161,114.17967327,2025/07/30 11:44:47+00
12710509.3832045,2551699.83346845,1334,Statutory Notices issued on prescribed inspection/repair for buildings,就樓宇訂明檢驗／訂明修葺所發出的法定通知,926311,SUNDERLAND ESTATE HSE 50 1 HEREFORD RD,926311,SUNDERLAND ESTATE HSE 50 1 HEREFORD RD,TOW,TOW,1,1,821685,836636.2,22.33421889,114.18044835,2025/07/30 11:44:47+00
12710504.7367438,2551700.81170764,1335,Statutory Notices issued on prescribed inspection/repair for buildings,就樓宇訂明檢驗／訂明修葺所發出的法定通知,926315,SUNDERLAND ESTATE HSE 51 1 HEREFORD RD,926315,SUNDERLAND ESTATE HSE 51 1 HEREFORD RD,TOW,TOW,1,1,821685.9,836631.9,22.33422773,114.18040639,2025/07/30 11:44:47+00
12710500.0902673,2551701.1378604,1336,Statutory Notices issued on prescribed inspection/repair for buildings,就樓宇訂明檢驗／訂明修葺所發出的法定通知,926318,SUNDERLAND ESTATE HSE 52 1 HEREFORD RD,926318,SUNDERLAND ESTATE HSE 52 1 HEREFORD RD,TOW,TOW,1,1,821686.2,836627.6,22.33422994,114.18036478,2025/07/30 11:44:47+00
12710495.4437881,2551701.35533102,1337,Statutory Notices issued on prescribed inspection/repair for buildings,就樓宇訂明檢驗／訂明修葺所發出的法定通知,926374,SUNDERLAND ESTATE HSE 53 1 HEREFORD RD,926374,SUNDERLAND ESTATE HSE 53 1 HEREFORD RD,TOW,TOW,1,1,821686.4,836623.3,22.33423204,114.18032311,2025/07/30 11:44:47+00
12710490.7973088,2551701.57280034,1338,Statutory Notices issued on prescribed inspection/repair for buildings,就樓宇訂明檢驗／訂明修葺所發出的法定通知,926383,SUNDERLAND ESTATE HSE 54 1 HEREFORD RD,926383,SUNDERLAND ESTATE HSE 54 1 HEREFORD RD,TOW,TOW,1,1,821686.6,836619,22.33423411,114.18028139,2025/07/30 11:44:47+00
12710486.042774,2551701.8989517,1339,Statutory Notices issued on prescribed inspection/repair for buildings,就樓宇訂明檢驗／訂明修葺所發出的法定通知,926446,SUNDERLAND ESTATE HSE 55 1 HEREFORD RD,926446,SUNDERLAND ESTATE HSE 55 1 HEREFORD RD,TOW,TOW,1,1,821686.9,836614.6,22.33423629,114.18023898,2025/07/30 11:44:47+00
12710479.1270835,2551702.22515008,1340,Statutory Notices issued on prescribed inspection/repair for buildings,就樓宇訂明檢驗／訂明修葺所發出的法定通知,926451,SUNDERLAND ESTATE HSE 56 1 HEREFORD RD,926451,SUNDERLAND ESTATE HSE 56 1 HEREFORD RD,TOW,TOW,2,2,821687.2,836608.2,22.33423947,114.18017629,2025/07/30 11:44:47+00
12710474.3725483,2551702.55129813,1341,Statutory Notices issued on prescribed inspection/repair for buildings,就樓宇訂明檢驗／訂明修葺所發出的法定通知,926468,SUNDERLAND ESTATE HSE 57 1 HEREFORD RD,926468,SUNDERLAND ESTATE HSE 57 1 HEREFORD RD,TOW,TOW,2,2,821687.5,836603.8,22.33424164,114.18013385,2025/07/30 11:44:47+00
12710469.7260684,2551702.7687616,1342,Statutory Notices issued on prescribed inspection/repair for buildings,就樓宇訂明檢驗／訂明修葺所發出的法定通知,926473,SUNDERLAND ESTATE HSE 58 1 HEREFORD RD,926473,SUNDERLAND ESTATE HSE 58 1 HEREFORD RD,TOW,TOW,2,2,821687.7,836599.5,22.33424376,114.18009217,2025/07/30 11:44:47+00
12710465.0795884,2551702.98622378,1343,Statutory Notices issued on prescribed inspection/repair for buildings,就樓宇訂明檢驗／訂明修葺所發出的法定通知,926482,SUNDERLAND ESTATE HSE 59 1 HEREFORD RD,926482,SUNDERLAND ESTATE HSE 59 1 HEREFORD RD,TOW,TOW,2,2,821687.9,836595.2,22.33424585,114.18005045,2025/07/30 11:44:47+00
12710427.6934119,2551798.51774045,1344,Statutory Notices issued on prescribed inspection/repair for buildings,就樓宇訂明檢驗／訂明修葺所發出的法定通知,919097,SUNDERLAND ESTATE HSE 6 1 HEREFORD RD,919097,SUNDERLAND ESTATE HSE 6 1 HEREFORD RD,TOW,TOW,2,2,821775.8,836560.6,22.33503953,114.17971495,2025/07/30 11:44:47+00
12710460.4331105,2551703.31236555,1345,Statutory Notices issued on prescribed inspection/repair for buildings,就樓宇訂明檢驗／訂明修葺所發出的法定通知,926487,SUNDERLAND ESTATE HSE 60 1 HEREFORD RD,926487,SUNDERLAND ESTATE HSE 60 1 HEREFORD RD,TOW,TOW,2,2,821688.2,836590.9,22.33424804,114.1800088,2025/07/30 11:44:47+00
12710455.7866302,2551703.52982515,1346,Statutory Notices issued on prescribed inspection/repair for buildings,就樓宇訂明檢驗／訂明修葺所發出的法定通知,926520,SUNDERLAND ESTATE HSE 61 1 HEREFORD RD,926520,SUNDERLAND ESTATE HSE 61 1 HEREFORD RD,TOW,TOW,1,1,821688.4,836586.6,22.33425005,114.17996704,2025/07/30 11:44:47+00
12710451.140152,2551703.85596434,1347,Statutory Notices issued on prescribed inspection/repair for buildings,就樓宇訂明檢驗／訂明修葺所發出的法定通知,926527,SUNDERLAND ESTATE HSE 62 1 HEREFORD RD,926527,SUNDERLAND ESTATE HSE 62 1 HEREFORD RD,TOW,TOW,1,1,821688.7,836582.3,22.33425227,114.17992548,2025/07/30 11:44:47+00
12710446.6017402,2551704.61682358,1348,Statutory Notices issued on prescribed inspection/repair for buildings,就樓宇訂明檢驗／訂明修葺所發出的法定通知,926537,SUNDERLAND ESTATE HSE 63 1 HEREFORD RD,926537,SUNDERLAND ESTATE HSE 63 1 HEREFORD RD,TOW,TOW,1,1,821689.4,836578.1,22.33425885,114.1798841,2025/07/30 11:44:47+00
12710441.9552658,2551705.160322,1349,Statutory Notices issued on prescribed inspection/repair for buildings,就樓宇訂明檢驗／訂明修葺所發出的法定通知,926855,SUNDERLAND ESTATE HSE 64 1 HEREFORD RD,926855,SUNDERLAND ESTATE HSE 64 1 HEREFORD RD,TOW,TOW,1,1,821689.9,836573.8,22.33426321,114.17984244,2025/07/30 11:44:47+00
12710437.2007334,2551705.70382129,1350,Statutory Notices issued on prescribed inspection/repair for buildings,就樓宇訂明檢驗／訂明修葺所發出的法定通知,927044,SUNDERLAND ESTATE HSE 65 1 HEREFORD RD,927044,SUNDERLAND ESTATE HSE 65 1 HEREFORD RD,TOW,TOW,1,1,821690.4,836569.4,22.33426764,114.17980023,2025/07/30 11:44:47+00
12710430.2850466,2551706.35604219,1351,Statutory Notices issued on prescribed inspection/repair for buildings,就樓宇訂明檢驗／訂明修葺所發出的法定通知,927432,SUNDERLAND ESTATE HSE 66 1 HEREFORD RD,927432,SUNDERLAND ESTATE HSE 66 1 HEREFORD RD,TOW,TOW,2,2,821691,836563,22.3342731,114.1797376,2025/07/30 11:44:47+00
12710425.5305032,2551706.35613371,1352,Statutory Notices issued on prescribed inspection/repair for buildings,就樓宇訂明檢驗／訂明修葺所發出的法定通知,927900,SUNDERLAND ESTATE HSE 67 1 HEREFORD RD,927900,SUNDERLAND ESTATE HSE 67 1 HEREFORD RD,TOW,TOW,2,2,821691,836558.6,22.33427304,114.17969502,2025/07/30 11:44:47+00
12710420.8840216,2551706.57358363,1353,Statutory Notices issued on prescribed inspection/repair for buildings,就樓宇訂明檢驗／訂明修葺所發出的法定通知,927977,SUNDERLAND ESTATE HSE 68 1 HEREFORD RD,927977,SUNDERLAND ESTATE HSE 68 1 HEREFORD RD,TOW,TOW,2,2,821691.2,836554.3,22.33427501,114.17965353,2025/07/30 11:44:47+00
12710416.2375399,2551706.79103226,1354,Statutory Notices issued on prescribed inspection/repair for buildings,就樓宇訂明檢驗／訂明修葺所發出的法定通知,928003,SUNDERLAND ESTATE HSE 69 1 HEREFORD RD,928003,SUNDERLAND ESTATE HSE 69 1 HEREFORD RD,TOW,TOW,2,2,821691.4,836550,22.33427718,114.17961169,2025/07/30 11:44:47+00
12710432.3399187,2551798.30028746,1355,Statutory Notices issued on prescribed inspection/repair for buildings,就樓宇訂明檢驗／訂明修葺所發出的法定通知,919345,SUNDERLAND ESTATE HSE 7 1 HEREFORD RD,919345,SUNDERLAND ESTATE HSE 7 1 HEREFORD RD,TOW,TOW,2,2,821775.6,836564.9,22.33503742,114.17975671,2025/07/30 11:44:47+00
12710411.591058,2551707.0084796,1356,Statutory Notices issued on prescribed inspection/repair for buildings,就樓宇訂明檢驗／訂明修葺所發出的法定通知,928020,SUNDERLAND ESTATE HSE 70 1 HEREFORD RD,928020,SUNDERLAND ESTATE HSE 70 1 HEREFORD RD,TOW,TOW,2,2,821691.6,836545.7,22.33427926,114.17957002,2025/07/30 11:44:47+00
12710406.94458,2551707.44328745,1357,Statutory Notices issued on prescribed inspection/repair for buildings,就樓宇訂明檢驗／訂明修葺所發出的法定通知,928145,SUNDERLAND ESTATE HSE 71 1 HEREFORD RD,928145,SUNDERLAND ESTATE HSE 71 1 HEREFORD RD,TOW,TOW,2,2,821692,836541.4,22.3342825,114.17952833,2025/07/30 11:44:47+00
12705731.355577,2546004.14283757,1358,Statutory Notices issued on prescribed inspection/repair for buildings,就樓宇訂明檢驗／訂明修葺所發出的法定通知,1496174,LUCKY BUILDING 370/372 DES VOEUX RD W,1496174,LUCKY BUILDING 370/372 DES VOEUX RD W,TOW,TOW,2,2,816443.9,832213.1,22.28688429,114.13752666,2025/07/30 11:44:47+00
12706360.82858,2571608.0070599,1359,Statutory Notices issued on prescribed inspection/repair for buildings,就樓宇訂明檢驗／訂明修葺所發出的法定通知,1569048,LUEN CHEONG BUILDING 20/22 LUEN CHEONG ST FANLING,1569048,LUEN CHEONG BUILDING 20/22 LUEN CHEONG ST FANLING,TOW,TOW,1,1,839992.7,832801.1,22.49954281,114.14318132,2025/07/30 11:44:47+00
12706352.6047841,2571615.51295604,1360,Statutory Notices issued on prescribed inspection/repair for buildings,就樓宇訂明檢驗／訂明修葺所發出的法定通知,1570166,LUEN CHEONG BUILDING 24/26 LUEN CHEONG ST FANLING,1570166,LUEN CHEONG BUILDING 24/26 LUEN CHEONG ST FANLING,TOW,TOW,1,1,839999.6,832793.5,22.49960573,114.14310781,2025/07/30 11:44:47+00
12706344.4891421,2571623.12768413,1361,Statutory Notices issued on prescribed inspection/repair for buildings,就樓宇訂明檢驗／訂明修葺所發出的法定通知,1569512,LUEN CHEONG BUILDING 28/30 LUEN CHEONG ST FANLING,1569512,LUEN CHEONG BUILDING 28/30 LUEN CHEONG ST FANLING,TOW,TOW,1,1,840006.6,832786,22.49966892,114.14303429,2025/07/30 11:44:47+00
12706336.2653069,2571630.74238704,1362,Statutory Notices issued on prescribed inspection/repair for buildings,就樓宇訂明檢驗／訂明修葺所發出的法定通知,1569814,LUEN CHEONG BUILDING 32/34 LUEN CHEONG ST FANLING,1569814,LUEN CHEONG BUILDING 32/34 LUEN CHEONG ST FANLING,TOW,TOW,1,1,840013.6,832778.4,22.49973212,114.14296093,2025/07/30 11:44:47+00
12706318.7353611,2571647.71247633,1363,Statutory Notices issued on prescribed inspection/repair for buildings,就樓宇訂明檢驗／訂明修葺所發出的法定通知,1572378,LUEN CHEONG BUILDING 36/38 LUEN CHEONG ST FANLING,1572378,LUEN CHEONG BUILDING 36/38 LUEN CHEONG ST FANLING,TOW,TOW,1,1,840029.2,832762.2,22.49987295,114.14280295,2025/07/30 11:44:47+00
12706318.7353611,2571647.71247633,1364,Statutory Notices issued on prescribed inspection/repair for buildings,就樓宇訂明檢驗／訂明修葺所發出的法定通知,1572589,LUEN CHEONG BUILDING 40/44B LUEN CHEONG ST FANLING,1572589,LUEN CHEONG BUILDING 40/44B LUEN CHEONG ST FANLING,TOW,TOW,1,1,840029.2,832762.2,22.49987295,114.14280295,2025/07/30 11:44:47+00
12704631.471168,2545371.62753578,1365,Statutory Notices issued on prescribed inspection/repair for buildings,就樓宇訂明檢驗／訂明修葺所發出的法定通知,2117950,LUEN FAT APARTMENTS 49 SMITHFIELD,2117950,LUEN FAT APARTMENTS 49 SMITHFIELD,TOW,TOW,22,22,815862,831194.7,22.28162696,114.12764592,2025/07/30 11:44:47+00
12716652.5878746,2543365.20282473,1366,Statutory Notices issued on prescribed inspection/repair for buildings,就樓宇訂明檢驗／訂明修葺所發出的法定通知,459850,LUEN FAT LOONG INDUSTRIAL BUILDING 19 CHEUNG LEE ST,459850,LUEN FAT LOONG INDUSTRIAL BUILDING 19 CHEUNG LEE ST,TOW,TOW,1,1,814015.4,842324.3,22.26494777,114.23563334,2025/07/30 11:44:47+00
12704659.8779948,2545376.96020116,1367,Statutory Notices issued on prescribed inspection/repair for buildings,就樓宇訂明檢驗／訂明修葺所發出的法定通知,2118130,LUEN HING APARTMENTS 47 SMITHFIELD,2118130,LUEN HING APARTMENTS 47 SMITHFIELD,TOW,TOW,22,22,815866.9,831221,22.28167138,114.1279011,2025/07/30 11:44:47+00
12715738.5588973,2547945.79073891,1368,Statutory Notices issued on prescribed inspection/repair for buildings,就樓宇訂明檢驗／訂明修葺所發出的法定通知,1199710,LUEN HING BUILDING 40/42 FAN WA ST,1199710,LUEN HING BUILDING 40/42 FAN WA ST,TOW,TOW,1,1,818231.3,841476.6,22.30302283,114.2274229,2025/07/30 11:44:47+00
12708262.5884983,2551238.93584327,1369,Statutory Notices issued on prescribed inspection/repair for buildings,就樓宇訂明檢驗／訂明修葺所發出的法定通知,220687,LUEN HONG BUILDING 316/324 KI LUNG ST,220687,LUEN HONG BUILDING 316/324 KI LUNG ST,TOW,TOW,1,1,821261,834556.9,22.33038903,114.16026526,2025/07/30 11:44:47+00
12704605.3337455,2545363.14499426,1370,Statutory Notices issued on prescribed inspection/repair for buildings,就樓宇訂明檢驗／訂明修葺所發出的法定通知,618292,LUEN ON APARTMENTS 51 SMITHFIELD,618292,LUEN ON APARTMENTS 51 SMITHFIELD,TOW,TOW,1,1,815854.2,831170.5,22.28155571,114.1274118,2025/07/30 11:44:47+00
12704688.1767875,2545382.40142567,1371,Statutory Notices issued on prescribed inspection/repair for buildings,就樓宇訂明檢驗／訂明修葺所發出的法定通知,1351754,LUEN TAK APARTMENTS 34 FORBES ST,1351754,LUEN TAK APARTMENTS 34 FORBES ST,TOW,TOW,7,7,815871.9,831247.2,22.28171572,114.12815567,2025/07/30 11:44:47+00
12712097.9652148,2546410.71510177,1372,Statutory Notices issued on prescribed inspection/repair for buildings,就樓宇訂明檢驗／訂明修葺所發出的法定通知,893152,LUEN WO APARTMENTS 296/308 ELECTRIC RD,893152,LUEN WO APARTMENTS 296/308 ELECTRIC RD,TOW,TOW,93,93,816817.7,838106.9,22.29026354,114.19471931,2025/07/30 11:44:47+00
12710325.1663816,2545024.76706338,1373,Statutory Notices issued on prescribed inspection/repair for buildings,就樓宇訂明檢驗／訂明修葺所發出的法定通知,1855712,LUEN WO BUILDING 337/339 HENNESSY RD,1855712,LUEN WO BUILDING 337/339 HENNESSY RD,TOW,TOW,3,3,815541.9,836465.8,22.27874304,114.17879361,2025/07/30 11:44:47+00
12706189.5988866,2571486.97332597,1374,Statutory Notices issued on prescribed inspection/repair for buildings,就樓宇訂明檢驗／訂明修葺所發出的法定通知,5095726,LUEN WONG HOUSE 18/38B LUEN FAT ST FANLING,5095726,LUEN WONG HOUSE 18/38B LUEN FAT ST FANLING,TOW,TOW,1,1,839881.5,832642.8,22.49853885,114.14164361,2025/07/30 11:44:47+00
12707030.6751047,2545789.86050545,1375,Statutory Notices issued on prescribed inspection/repair for buildings,就樓宇訂明檢驗／訂明修葺所發出的法定通知,385035,LUEN YICK BUILDING 23/27 TUNG ST,385035,LUEN YICK BUILDING 23/27 TUNG ST,TOW,TOW,1,1,816246.4,833415.9,22.28510315,114.14919908,2025/07/30 11:44:47+00
12709056.6964824,2549288.89072542,1376,Statutory Notices issued on prescribed inspection/repair for buildings,就樓宇訂明檢驗／訂明修葺所發出的法定通知,46385,LUEN YIP BUILDING 11/13 LEE YIP ST,46385,LUEN YIP BUILDING 11/13 LEE YIP ST,TOW,TOW,1,1,819466.5,835291.7,22.31418497,114.16739912,2025/07/30 11:44:47+00
12710811.7672632,2544854.30076759,1377,Statutory Notices issued on prescribed inspection/repair for buildings,就樓宇訂明檢驗／訂明修葺所發出的法定通知,788126,LUNAR BUILDING 28/30 LEIGHTON RD,788126,LUNAR BUILDING 28/30 LEIGHTON RD,TOW,TOW,23,23,815385,836916.3,22.27732593,114.18316474,2025/07/30 11:44:47+00
12709863.6597187,2549635.13380404,1378,Statutory Notices issued on prescribed inspection/repair for buildings,就樓宇訂明檢驗／訂明修葺所發出的法定通知,1383923,LUNG CHEUNG BUILDING 68 WATERLOO RD,1383923,LUNG CHEUNG BUILDING 68 WATERLOO RD,TOW,TOW,1,1,819785.1,836038.6,22.31706175,114.17464791,2025/07/30 11:44:47+00
12710408.3680957,2552757.33305766,1379,Statutory Notices issued on prescribed inspection/repair for buildings,就樓宇訂明檢驗／訂明修葺所發出的法定通知,1080276,LUNG CHEUNG COURT 2 29 BROADCAST DRIVE,1080276,LUNG CHEUNG COURT 2 29 BROADCAST DRIVE,TOW,TOW,52,52,822658,836542.7,22.34300631,114.17954117,2025/07/30 11:44:47+00
12710446.514233,2552725.37820406,1380,Statutory Notices issued on prescribed inspection/repair for buildings,就樓宇訂明檢驗／訂明修葺所發出的法定通知,1080869,LUNG CHEUNG COURT 3 31/35 BROADCAST DRIVE,1080869,LUNG CHEUNG COURT 3 31/35 BROADCAST DRIVE,TOW,TOW,30,30,822628.6,836578,22.34274091,114.17988356,2025/07/30 11:44:47+00
12710011.1222272,2552870.04490824,1381,Statutory Notices issued on prescribed inspection/repair for buildings,就樓宇訂明檢驗／訂明修葺所發出的法定通知,1068822,LUNG CHEUNG VILLA 57 BEACON HILL RD,1068822,LUNG CHEUNG VILLA 57 BEACON HILL RD,TOW,TOW,1,1,822761.7,836175.1,22.34394239,114.17597216,2025/07/30 11:44:47+00
12711632.2559492,2550996.83530814,1382,Statutory Notices issued on prescribed inspection/repair for buildings,就樓宇訂明檢驗／訂明修葺所發出的法定通知,1181707,LUNG FUNG MANSION 2/4 LUNG KONG RD,1181707,LUNG FUNG MANSION 2/4 LUNG KONG RD,TOW,TOW,1,1,821038.2,837675.4,22.3283779,114.19053518,2025/07/30 11:44:47+00
12710402.19004,2551707.66073412,1383,Statutory Notices issued on prescribed inspection/repair for buildings,就樓宇訂明檢驗／訂明修葺所發出的法定通知,928157,SUNDERLAND ESTATE HSE 72 1 HEREFORD RD,928157,SUNDERLAND ESTATE HSE 72 1 HEREFORD RD,TOW,TOW,2,2,821692.2,836537,22.33428418,114.17948591,2025/07/30 11:44:47+00
12710383.3883474,2551730.04933735,1384,Statutory Notices issued on prescribed inspection/repair for buildings,就樓宇訂明檢驗／訂明修葺所發出的法定通知,928178,SUNDERLAND ESTATE HSE 73 1 HEREFORD RD,928178,SUNDERLAND ESTATE HSE 73 1 HEREFORD RD,TOW,TOW,2,2,821712.8,836519.6,22.3344702,114.17931619,2025/07/30 11:44:47+00
12710383.388424,2551734.72262299,1385,Statutory Notices issued on prescribed inspection/repair for buildings,就樓宇訂明檢驗／訂明修葺所發出的法定通知,928838,SUNDERLAND ESTATE HSE 74 1 HEREFORD RD,928838,SUNDERLAND ESTATE HSE 74 1 HEREFORD RD,TOW,TOW,2,2,821717.1,836519.6,22.33450921,114.17931622,2025/07/30 11:44:47+00
12710383.6046167,2551739.39590632,1386,Statutory Notices issued on prescribed inspection/repair for buildings,就樓宇訂明檢驗／訂明修葺所發出的法定通知,928875,SUNDERLAND ESTATE HSE 75 1 HEREFORD RD,928875,SUNDERLAND ESTATE HSE 75 1 HEREFORD RD,TOW,TOW,2,2,821721.4,836519.8,22.33454797,114.17931853,2025/07/30 11:44:47+00
12710383.8208094,2551744.06919092,1387,Statutory Notices issued on prescribed inspection/repair for buildings,就樓宇訂明檢驗／訂明修葺所發出的法定通知,929113,SUNDERLAND ESTATE HSE 76 1 HEREFORD RD,929113,SUNDERLAND ESTATE HSE 76 1 HEREFORD RD,TOW,TOW,2,2,821725.7,836520,22.33458672,114.17932085,2025/07/30 11:44:47+00
12710384.1450604,2551748.74247501,1388,Statutory Notices issued on prescribed inspection/repair for buildings,就樓宇訂明檢驗／訂明修葺所發出的法定通知,929134,SUNDERLAND ESTATE HSE 77 1 HEREFORD RD,929134,SUNDERLAND ESTATE HSE 77 1 HEREFORD RD,TOW,TOW,2,2,821730,836520.3,22.33462582,114.1793232,2025/07/30 11:44:47+00
12710384.5775253,2551762.87102517,1389,Statutory Notices issued on prescribed inspection/repair for buildings,就樓宇訂明檢驗／訂明修葺所發出的法定通知,929154,SUNDERLAND ESTATE HSE 78 1 HEREFORD RD,929154,SUNDERLAND ESTATE HSE 78 1 HEREFORD RD,TOW,TOW,1,1,821743,836520.7,22.33474268,114.17932754,2025/07/30 11:44:47+00
12710384.9017804,2551767.76167695,1390,Statutory Notices issued on prescribed inspection/repair for buildings,就樓宇訂明檢驗／訂明修葺所發出的法定通知,929157,SUNDERLAND ESTATE HSE 79 1 HEREFORD RD,929157,SUNDERLAND ESTATE HSE 79 1 HEREFORD RD,TOW,TOW,1,1,821747.5,836521,22.33478347,114.17932996,2025/07/30 11:44:47+00
12710436.9864254,2551798.08283318,1391,Statutory Notices issued on prescribed inspection/repair for buildings,就樓宇訂明檢驗／訂明修葺所發出的法定通知,919365,SUNDERLAND ESTATE HSE 8 1 HEREFORD RD,919365,SUNDERLAND ESTATE HSE 8 1 HEREFORD RD,TOW,TOW,2,2,821775.4,836569.2,22.33503538,114.17979839,2025/07/30 11:44:47+00
12710385.1179756,2551772.54365062,1392,Statutory Notices issued on prescribed inspection/repair for buildings,就樓宇訂明檢驗／訂明修葺所發出的法定通知,929177,SUNDERLAND ESTATE HSE 80 1 HEREFORD RD,929177,SUNDERLAND ESTATE HSE 80 1 HEREFORD RD,TOW,TOW,1,1,821751.9,836521.2,22.33482363,114.17933234,2025/07/30 11:44:47+00
12710385.4422311,2551777.43430517,1393,Statutory Notices issued on prescribed inspection/repair for buildings,就樓宇訂明檢驗／訂明修葺所發出的法定通知,929205,SUNDERLAND ESTATE HSE 81 1 HEREFORD RD,929205,SUNDERLAND ESTATE HSE 81 1 HEREFORD RD,TOW,TOW,1,1,821756.4,836521.5,22.33486377,114.1793347,2025/07/30 11:44:47+00
12710385.6584266,2551782.21628154,1394,Statutory Notices issued on prescribed inspection/repair for buildings,就樓宇訂明檢驗／訂明修葺所發出的法定通知,929216,SUNDERLAND ESTATE HSE 82 1 HEREFORD RD,929216,SUNDERLAND ESTATE HSE 82 1 HEREFORD RD,TOW,TOW,1,1,821760.8,836521.7,22.33490389,114.17933706,2025/07/30 11:44:47+00
12710385.8746223,2551786.99825924,1395,Statutory Notices issued on prescribed inspection/repair for buildings,就樓宇訂明檢驗／訂明修葺所發出的法定通知,929219,SUNDERLAND ESTATE HSE 83 1 HEREFORD RD,929219,SUNDERLAND ESTATE HSE 83 1 HEREFORD RD,TOW,TOW,1,1,821765.2,836521.9,22.33494397,114.17933941,2025/07/30 11:44:47+00
12710386.1988783,2551791.88891792,1396,Statutory Notices issued on prescribed inspection/repair for buildings,就樓宇訂明檢驗／訂明修葺所發出的法定通知,929229,SUNDERLAND ESTATE HSE 84 1 HEREFORD RD,929229,SUNDERLAND ESTATE HSE 84 1 HEREFORD RD,TOW,TOW,1,1,821769.7,836522.2,22.33498415,114.17934178,2025/07/30 11:44:47+00
12710386.4150742,2551796.67089832,1397,Statutory Notices issued on prescribed inspection/repair for buildings,就樓宇訂明檢驗／訂明修葺所發出的法定通知,929378,SUNDERLAND ESTATE HSE 85 1 HEREFORD RD,929378,SUNDERLAND ESTATE HSE 85 1 HEREFORD RD,TOW,TOW,1,1,821774.1,836522.4,22.33502423,114.17934421,2025/07/30 11:44:47+00
12710386.7393305,2551801.56155976,1398,Statutory Notices issued on prescribed inspection/repair for buildings,就樓宇訂明檢驗／訂明修葺所發出的法定通知,929381,SUNDERLAND ESTATE HSE 86 1 HEREFORD RD,929381,SUNDERLAND ESTATE HSE 86 1 HEREFORD RD,TOW,TOW,1,1,821778.6,836522.7,22.33506429,114.17934647,2025/07/30 11:44:47+00
12710386.9555285,2551806.4522244,1399,Statutory Notices issued on prescribed inspection/repair for buildings,就樓宇訂明檢驗／訂明修葺所發出的法定通知,929721,SUNDERLAND ESTATE HSE 87 1 HEREFORD RD,929721,SUNDERLAND ESTATE HSE 87 1 HEREFORD RD,TOW,TOW,1,1,821783.1,836522.9,22.33510539,114.17934891,2025/07/30 11:44:47+00
12710429.4218579,2551772.9775779,1400,Statutory Notices issued on prescribed inspection/repair for buildings,就樓宇訂明檢驗／訂明修葺所發出的法定通知,929724,SUNDERLAND ESTATE HSE 88 1 HEREFORD RD,929724,SUNDERLAND ESTATE HSE 88 1 HEREFORD RD,TOW,TOW,2,2,821752.3,836562.2,22.3348273,114.17972993,2025/07/30 11:44:47+00
12710434.2844741,2551772.76012051,1401,Statutory Notices issued on prescribed inspection/repair for buildings,就樓宇訂明檢驗／訂明修葺所發出的法定通知,929730,SUNDERLAND ESTATE HSE 89 1 HEREFORD RD,929730,SUNDERLAND ESTATE HSE 89 1 HEREFORD RD,TOW,TOW,2,2,821752.1,836566.7,22.33482509,114.17977397,2025/07/30 11:44:47+00
12710441.6329298,2551797.75669613,1402,Statutory Notices issued on prescribed inspection/repair for buildings,就樓宇訂明檢驗／訂明修葺所發出的法定通知,919374,SUNDERLAND ESTATE HSE 9 1 HEREFORD RD,919374,SUNDERLAND ESTATE HSE 9 1 HEREFORD RD,TOW,TOW,1,1,821775.1,836573.5,22.3350332,114.17984001,2025/07/30 11:44:47+00
12710439.1470881,2551772.43398039,1403,Statutory Notices issued on prescribed inspection/repair for buildings,就樓宇訂明檢驗／訂明修葺所發出的法定通知,929733,SUNDERLAND ESTATE HSE 90 1 HEREFORD RD,929733,SUNDERLAND ESTATE HSE 90 1 HEREFORD RD,TOW,TOW,2,2,821751.8,836571.2,22.33482287,114.17981708,2025/07/30 11:44:47+00
12710443.9016458,2551772.21652236,1404,Statutory Notices issued on prescribed inspection/repair for buildings,就樓宇訂明檢驗／訂明修葺所發出的法定通知,929736,SUNDERLAND ESTATE HSE 91 1 HEREFORD RD,929736,SUNDERLAND ESTATE HSE 91 1 HEREFORD RD,TOW,TOW,2,2,821751.6,836575.6,22.33482068,114.1798602,2025/07/30 11:44:47+00
12710448.6562033,2551771.99906298,1405,Statutory Notices issued on prescribed inspection/repair for buildings,就樓宇訂明檢驗／訂明修葺所發出的法定通知,929742,SUNDERLAND ESTATE HSE 92 1 HEREFORD RD,929742,SUNDERLAND ESTATE HSE 92 1 HEREFORD RD,TOW,TOW,2,2,821751.4,836580,22.33481848,114.17990335,2025/07/30 11:44:47+00
12710453.5188168,2551771.67291869,1406,Statutory Notices issued on prescribed inspection/repair for buildings,就樓宇訂明檢驗／訂明修葺所發出的法定通知,929745,SUNDERLAND ESTATE HSE 93 1 HEREFORD RD,929745,SUNDERLAND ESTATE HSE 93 1 HEREFORD RD,TOW,TOW,2,2,821751.1,836584.5,22.33481626,114.1799464,2025/07/30 11:44:47+00
12710458.2733741,2551771.45545658,1407,Statutory Notices issued on prescribed inspection/repair for buildings,就樓宇訂明檢驗／訂明修葺所發出的法定通知,929751,SUNDERLAND ESTATE HSE 94 1 HEREFORD RD,929751,SUNDERLAND ESTATE HSE 94 1 HEREFORD RD,TOW,TOW,2,2,821750.9,836588.9,22.33481408,114.1799896,2025/07/30 11:44:47+00
12710463.1359872,2551771.12930949,1408,Statutory Notices issued on prescribed inspection/repair for buildings,就樓宇訂明檢驗／訂明修葺所發出的法定通知,929754,SUNDERLAND ESTATE HSE 95 1 HEREFORD RD,929754,SUNDERLAND ESTATE HSE 95 1 HEREFORD RD,TOW,TOW,2,2,821750.6,836593.4,22.33481184,114.18003274,2025/07/30 11:44:47+00
12711183.9888977,2548329.07340123,1409,Statutory Notices issued on prescribed inspection/repair for buildings,就樓宇訂明檢驗／訂明修葺所發出的法定通知,1678497,LUNG TO COURT UNITED BUILDING BLK A 1 WU KWONG ST,1678497,LUNG TO COURT UNITED BUILDING BLK A 1 WU KWONG ST,TOW,TOW,15,15,818583.2,837260.7,22.30620831,114.18650837,2025/07/30 11:44:47+00
12710158.1027315,2556741.09206199,1410,Statutory Notices issued on prescribed inspection/repair for buildings,就樓宇訂明檢驗／訂明修葺所發出的法定通知,1069087,LUNG WAH HOUSE 6/10 TAI WAI RD TAI WAI,1069087,LUNG WAH HOUSE 6/10 TAI WAI RD TAI WAI,TOW,TOW,2,2,826322.9,836311.1,22.37610187,114.17729281,2025/07/30 11:44:47+00
12715086.6019224,2549502.25359583,1411,Statutory Notices issued on prescribed inspection/repair for buildings,就樓宇訂明檢驗／訂明修葺所發出的法定通知,897850,MAI HING BUILDING 1/11 HANG ON ST,897850,MAI HING BUILDING 1/11 HANG ON ST,TOW,TOW,1,1,819663.5,840872.7,22.31595735,114.22156604,2025/07/30 11:44:47+00
12715487.0656176,2548653.46235693,1412,Statutory Notices issued on prescribed inspection/repair for buildings,就樓宇訂明檢驗／訂明修葺所發出的法定通知,2154701,MAI HING INDUSTRIAL BUILDING BLK A 16/18 HING YIP ST,2154701,MAI HING INDUSTRIAL BUILDING BLK A 16/18 HING YIP ST,TOW,TOW,1,1,818882.5,841243.6,22.30890417,114.22516405,2025/07/30 11:44:47+00
12687583.1586841,2559360.05983717,1413,Statutory Notices issued on prescribed inspection/repair for buildings,就樓宇訂明檢驗／訂明修葺所發出的法定通知,1673724,MAI KEI BUILDING 124/148 HO PONG ST TUEN MUN,1673724,MAI KEI BUILDING 124/148 HO PONG ST TUEN MUN,TOW,TOW,1,1,828745.8,815429,22.39785566,113.9744987,2025/07/30 11:44:47+00
12687258.8645209,2558863.7112337,1414,Statutory Notices issued on prescribed inspection/repair for buildings,就樓宇訂明檢驗／訂明修葺所發出的法定通知,1158728,MAI KEI INDUSTRIAL BUILDING 5 SAN HOP LANE TUEN MUN,1158728,MAI KEI INDUSTRIAL BUILDING 5 SAN HOP LANE TUEN MUN,TOW,TOW,1,1,828289.7,815128.4,22.39373315,113.97158552,2025/07/30 11:44:47+00
12715258.2264138,2548606.91879599,1415,Statutory Notices issued on prescribed inspection/repair for buildings,就樓宇訂明檢驗／訂明修葺所發出的法定通知,881164,MAI TAK INDUSTRIAL BUILDING 221 WAI YIP ST,881164,MAI TAK INDUSTRIAL BUILDING 221 WAI YIP ST,TOW,TOW,2,2,818839.6,841031.8,22.3085167,114.22310758,2025/07/30 11:44:47+00
12711251.6147627,2549852.43313316,1416,Statutory Notices issued on prescribed inspection/repair for buildings,就樓宇訂明檢驗／訂明修葺所發出的法定通知,1255863,MAIDSTONE APARTMENTS 27/33 MAIDSTONE RD,1255863,MAIDSTONE APARTMENTS 27/33 MAIDSTONE RD,TOW,TOW,19,19,819985.1,837323.2,22.31886801,114.18711579,2025/07/30 11:44:47+00
12709725.0387698,2549625.78579093,1417,Statutory Notices issued on prescribed inspection/repair for buildings,就樓宇訂明檢驗／訂明修葺所發出的法定通知,145062,MAINWAY COURT 15/33 KWONG WA ST,145062,MAINWAY COURT 15/33 KWONG WA ST,TOW,TOW,4,4,819776.5,835910.3,22.31698397,114.17340289,2025/07/30 11:44:47+00
12711145.572286,2550805.60333757,1418,Statutory Notices issued on prescribed inspection/repair for buildings,就樓宇訂明檢驗／訂明修葺所發出的法定通知,222736,MAISON DE LUXE 341 PRINCE EDWARD RD W,222736,MAISON DE LUXE 341 PRINCE EDWARD RD W,TOW,TOW,1,1,820862.2,837225,22.32678882,114.18616316,2025/07/30 11:44:47+00
12709612.4131204,2547411.06207478,1419,Statutory Notices issued on prescribed inspection/repair for buildings,就樓宇訂明檢驗／訂明修葺所發出的法定通知,32514,MAJESTIC HOUSE 80 NATHAN RD,32514,MAJESTIC HOUSE 80 NATHAN RD,TOW,TOW,7,7,817738.3,835806,22.2985779,114.17239053,2025/07/30 11:44:47+00
12688173.0320835,2558329.79976605,1420,Statutory Notices issued on prescribed inspection/repair for buildings,就樓宇訂明檢驗／訂明修葺所發出的法定通知,1576923,MAN BO BUILDING 2 TSING HOI CIRCUIT TUEN MUN,1576923,MAN BO BUILDING 2 TSING HOI CIRCUIT TUEN MUN,TOW,TOW,1,1,827797.5,815973.4,22.38929884,113.97979727,2025/07/30 11:44:47+00
12705252.913148,2555832.76468391,1421,Statutory Notices issued on prescribed inspection/repair for buildings,就樓宇訂明檢驗／訂明修葺所發出的法定通知,949142,MAN SHING BUILDING 1/11 KWONG FAI LANE KWAI CHUNG,949142,MAN SHING BUILDING 1/11 KWONG FAI LANE KWAI CHUNG,TOW,TOW,1,1,825488,831772.8,22.36855692,114.13322923,2025/07/30 11:44:47+00
12716457.7101287,2542976.82906977,1422,Statutory Notices issued on prescribed inspection/repair for buildings,就樓宇訂明檢驗／訂明修葺所發出的法定通知,2001821,MAN WAH BUILDING 7/7D SUI MAN RD,2001821,MAN WAH BUILDING 7/7D SUI MAN RD,TOW,TOW,1,1,813657.8,842144,22.26171824,114.23388321,2025/07/30 11:44:47+00
12709407.3033259,2549060.27836522,1423,Statutory Notices issued on prescribed inspection/repair for buildings,就樓宇訂明檢驗／訂明修葺所發出的法定通知,142804,MAN WING MANSION 503/507 NATHAN RD,142804,MAN WING MANSION 503/507 NATHAN RD,POD,POD,1,1,819256.1,835616.2,22.31228511,114.17054814,2025/07/30 11:44:47+00
12708996.8931433,2548495.32101387,1424,Statutory Notices issued on prescribed inspection/repair for buildings,就樓宇訂明檢驗／訂明修葺所發出的法定通知,5193460,MAN YUEN BUILDING 10/16 MAN YUEN ST,5193460,MAN YUEN BUILDING 10/16 MAN YUEN ST,TOW,TOW,6,6,818736.2,835236.3,22.30758968,114.16686127,2025/07/30 11:44:47+00
12708967.9386741,2548502.49065827,1425,Statutory Notices issued on prescribed inspection/repair for buildings,就樓宇訂明檢驗／訂明修葺所發出的法定通知,133360,MAN YUEN BUILDING 18/24 MAN YUEN ST,133360,MAN YUEN BUILDING 18/24 MAN YUEN ST,TOW,TOW,7,7,818742.8,835209.5,22.30764895,114.16660188,2025/07/30 11:44:47+00
12709025.7395577,2548488.04265487,1426,Statutory Notices issued on prescribed inspection/repair for buildings,就樓宇訂明檢驗／訂明修葺所發出的法定通知,5193306,MAN YUEN BUILDING 2/8 MAN YUEN ST,5193306,MAN YUEN BUILDING 2/8 MAN YUEN ST,TOW,TOW,7,7,818729.5,835263,22.30752932,114.16712104,2025/07/30 11:44:47+00
12710188.3350147,2549927.88871498,1427,Statutory Notices issued on prescribed inspection/repair for buildings,就樓宇訂明檢驗／訂明修葺所發出的法定通知,1242157,MANDARIN GARDEN 12 MAN FUK RD,1242157,MANDARIN GARDEN 12 MAN FUK RD,TOW,TOW,1,1,820054.5,836339.1,22.31949492,114.1775647,2025/07/30 11:44:47+00
12709796.1720827,2547445.61837096,1428,Statutory Notices issued on prescribed inspection/repair for buildings,就樓宇訂明檢驗／訂明修葺所發出的法定通知,32866,MANGAN BUILDING 18/20 CAMERON RD,32866,MANGAN BUILDING 18/20 CAMERON RD,TOW,TOW,2,2,817770.1,835976.1,22.29886528,114.17404129,2025/07/30 11:44:47+00
12710203.9099327,2552746.35805864,1429,Statutory Notices issued on prescribed inspection/repair for buildings,就樓宇訂明檢驗／訂明修葺所發出的法定通知,1145148,MANHATTAN COURT 1 ALNWICK RD,1145148,MANHATTAN COURT 1 ALNWICK RD,TOW,TOW,1,1,822647.9,836353.5,22.3429146,114.17770467,2025/07/30 11:44:47+00
12709686.0022733,2550928.21639319,1430,Statutory Notices issued on prescribed inspection/repair for buildings,就樓宇訂明檢驗／訂明修葺所發出的法定通知,1812084,MARIGOLD COURT 4 MARIGOLD RD,1812084,MARIGOLD COURT 4 MARIGOLD RD,TOW,TOW,1,1,820975,835874.2,22.32780725,114.17305211,2025/07/30 11:44:47+00
12710965.6743663,2548852.83246566,1431,Statutory Notices issued on prescribed inspection/repair for buildings,就樓宇訂明檢驗／訂明修葺所發出的法定通知,5213404,MARIGOLD MANSIONS BLK A 2 SHUN YUNG ST,5213404,MARIGOLD MANSIONS BLK A 2 SHUN YUNG ST,TOW,TOW,39,39,819065.2,837058.6,22.31056104,114.18454694,2025/07/30 11:44:47+00
12710984.2559438,2548829.25170007,1432,Statutory Notices issued on prescribed inspection/repair for buildings,就樓宇訂明檢驗／訂明修葺所發出的法定通知,1643128,MARIGOLD MANSIONS BLK B 2 SHUN YUNG ST,1643128,MARIGOLD MANSIONS BLK B 2 SHUN YUNG ST,TOW,TOW,78,78,819043.5,837075.8,22.31036515,114.18471455,2025/07/30 11:44:47+00
12711494.1073914,2543728.26898667,1433,Statutory Notices issued on prescribed inspection/repair for buildings,就樓宇訂明檢驗／訂明修葺所發出的法定通知,1986962,MARLBOROUGH HOUSE 154 TAI HANG RD,1986962,MARLBOROUGH HOUSE 154 TAI HANG RD,TOW,TOW,1,1,814348.5,837548.1,22.26796542,114.18929434,2025/07/30 11:44:47+00
12715720.7240637,2549218.65167378,1434,Statutory Notices issued on prescribed inspection/repair for buildings,就樓宇訂明檢驗／訂明修葺所發出的法定通知,1206215,MASCOT MANSIONS BLDG A 1 TIN HEUNG ST,1206215,MASCOT MANSIONS BLDG A 1 TIN HEUNG ST,TOW,TOW,97,97,819402.7,841459.7,22.31360082,114.22726293,2025/07/30 11:44:47+00
12710467.8905442,2551770.91184465,1435,Statutory Notices issued on prescribed inspection/repair for buildings,就樓宇訂明檢驗／訂明修葺所發出的法定通知,929831,SUNDERLAND ESTATE HSE 96 1 HEREFORD RD,929831,SUNDERLAND ESTATE HSE 96 1 HEREFORD RD,TOW,TOW,2,2,821750.4,836597.8,22.33480968,114.18007586,2025/07/30 11:44:47+00
12710472.753157,2551770.58569477,1436,Statutory Notices issued on prescribed inspection/repair for buildings,就樓宇訂明檢驗／訂明修葺所發出的法定通知,929843,SUNDERLAND ESTATE HSE 97 1 HEREFORD RD,929843,SUNDERLAND ESTATE HSE 97 1 HEREFORD RD,TOW,TOW,2,2,821750.1,836602.3,22.33480752,114.18011898,2025/07/30 11:44:47+00
12710477.5077138,2551770.36822719,1437,Statutory Notices issued on prescribed inspection/repair for buildings,就樓宇訂明檢驗／訂明修葺所發出的法定通知,930010,SUNDERLAND ESTATE HSE 98 1 HEREFORD RD,930010,SUNDERLAND ESTATE HSE 98 1 HEREFORD RD,TOW,TOW,2,2,821749.9,836606.7,22.33480519,114.18016208,2025/07/30 11:44:47+00
12710482.3703286,2551770.15075582,1438,Statutory Notices issued on prescribed inspection/repair for buildings,就樓宇訂明檢驗／訂明修葺所發出的法定通知,930052,SUNDERLAND ESTATE HSE 99 1 HEREFORD RD,930052,SUNDERLAND ESTATE HSE 99 1 HEREFORD RD,TOW,TOW,2,2,821749.7,836611.2,22.33480309,114.18020535,2025/07/30 11:44:47+00
12712335.562683,2551724.79476978,1439,Statutory Notices issued on prescribed inspection/repair for buildings,就樓宇訂明檢驗／訂明修葺所發出的法定通知,1530770,SUNG ON MANSION 49 HONG KEUNG ST,1530770,SUNG ON MANSION 49 HONG KEUNG ST,TOW,TOW,44,44,821708.1,838326.2,22.33442632,114.19685291,2025/07/30 11:44:47+00
12702702.1765795,2556455.49053269,1440,Statutory Notices issued on prescribed inspection/repair for buildings,就樓宇訂明檢驗／訂明修葺所發出的法定通知,1725292,SUPERLUCK INDUSTRIAL CENTRE PHASE 2 30/38 TAI CHUNG RD TSUEN WAN TSUEN WAN,1725292,SUPERLUCK INDUSTRIAL CENTRE PHASE 2 30/38 TAI CHUNG RD TSUEN WAN TSUEN WAN,TOW,TOW,1,1,826061.7,829413.1,22.37372965,114.11031541,2025/07/30 11:44:47+00
12707008.0339754,2541423.49658733,1441,Statutory Notices issued on prescribed inspection/repair for buildings,就樓宇訂明檢驗／訂明修葺所發出的法定通知,580284,SZE HEI BUILDING 90/96 SHEK PAI WAN RD,580284,SZE HEI BUILDING 90/96 SHEK PAI WAN RD,POD,POD,1,1,812226.9,833394.2,22.24880437,114.14899546,2025/07/30 11:44:47+00
12707005.8745308,2541421.32387623,1442,Statutory Notices issued on prescribed inspection/repair for buildings,就樓宇訂明檢驗／訂明修葺所發出的法定通知,580316,SZE HEI BUILDING 90/96 SHEK PAI WAN RD,580316,SZE HEI BUILDING 90/96 SHEK PAI WAN RD,TOW,TOW,1,1,812224.9,833392.2,22.24878672,114.14897584,2025/07/30 11:44:47+00
12709055.8649512,2550498.38067282,1443,Statutory Notices issued on prescribed inspection/repair for buildings,就樓宇訂明檢驗／訂明修葺所發出的法定通知,1132452,TAI CHI BUILDING 14/16 TAI NAN ST,1132452,TAI CHI BUILDING 14/16 TAI NAN ST,TOW,TOW,1,1,820579.5,835291,22.32423542,114.16739169,2025/07/30 11:44:47+00
12713878.8856562,2546096.09457917,1444,Statutory Notices issued on prescribed inspection/repair for buildings,就樓宇訂明檢驗／訂明修葺所發出的法定通知,238907,TAI FUNG BUILDING 26/36 HOI KWONG ST,238907,TAI FUNG BUILDING 26/36 HOI KWONG ST,TOW,TOW,43,43,816528.4,839755.6,22.28764831,114.21071718,2025/07/30 11:44:47+00
12715059.6979711,2545442.84120899,1445,Statutory Notices issued on prescribed inspection/repair for buildings,就樓宇訂明檢驗／訂明修葺所發出的法定通知,498259,TAI HING BUILDING 130/132 SAI WAN HO ST,498259,TAI HING BUILDING 130/132 SAI WAN HO ST,TOW,TOW,1,1,815927.4,840848.9,22.28221891,114.22132471,2025/07/30 11:44:47+00
12706844.1418523,2545700.52061603,1446,Statutory Notices issued on prescribed inspection/repair for buildings,就樓宇訂明檢驗／訂明修葺所發出的法定通知,429249,TAI HING BUILDING 22/34 PO HING FONG,429249,TAI HING BUILDING 22/34 PO HING FONG,TOW,TOW,1,1,816164.2,833243.2,22.28436082,114.14752311,2025/07/30 11:44:47+00
12687629.6201987,2559216.274543,1447,Statutory Notices issued on prescribed inspection/repair for buildings,就樓宇訂明檢驗／訂明修葺所發出的法定通知,1662056,TAI HING BUILDING 64/66 TUEN MUN HEUNG SZE WUI RD TUEN MUN,1662056,TAI HING BUILDING 64/66 TUEN MUN HEUNG SZE WUI RD TUEN MUN,TOW,TOW,2,2,828613.5,815471.8,22.39666162,113.9749165,2025/07/30 11:44:47+00
12707116.031272,2545674.49721462,1448,Statutory Notices issued on prescribed inspection/repair for buildings,就樓宇訂明檢驗／訂明修葺所發出的法定通知,910988,TAI HING HOUSE 1/3 SQUARE ST,910988,TAI HING HOUSE 1/3 SQUARE ST,TOW,TOW,1,1,816140.2,833494.9,22.28414377,114.14996554,2025/07/30 11:44:47+00
12706917.1551775,2545741.81897948,1449,Statutory Notices issued on prescribed inspection/repair for buildings,就樓宇訂明檢驗／訂明修葺所發出的法定通知,303490,TAI HONG BUILDING 26/30 TAI PING SHAN ST,303490,TAI HONG BUILDING 26/30 TAI PING SHAN ST,TOW,TOW,1,1,816202.2,833310.8,22.28470392,114.14817912,2025/07/30 11:44:47+00
12715695.846542,2549134.33615155,1450,Statutory Notices issued on prescribed inspection/repair for buildings,就樓宇訂明檢驗／訂明修葺所發出的法定通知,1301727,TAI HONG BUILDING BLK A 28/30 YUET WAH ST,1301727,TAI HONG BUILDING BLK A 28/30 YUET WAH ST,TOW,TOW,1,1,819325.1,841436.7,22.31290005,114.22703933,2025/07/30 11:44:47+00
12715664.8337526,2549119.3508055,1451,Statutory Notices issued on prescribed inspection/repair for buildings,就樓宇訂明檢驗／訂明修葺所發出的法定通知,1301868,TAI HONG BUILDING BLK B 28/30 YUET WAH ST,1301868,TAI HONG BUILDING BLK B 28/30 YUET WAH ST,TOW,TOW,57,57,819311.3,841408,22.31277552,114.22676068,2025/07/30 11:44:47+00
12708656.1255868,2549963.90425382,1452,Statutory Notices issued on prescribed inspection/repair for buildings,就樓宇訂明檢驗／訂明修葺所發出的法定通知,9502,TAI KOK TSUI BUILDING 41/63 OAK ST,9502,TAI KOK TSUI BUILDING 41/63 OAK ST,TOW,TOW,1,1,820087.7,834921,22.31979416,114.1638002,2025/07/30 11:44:47+00
12709439.0907772,2548466.98417238,1453,Statutory Notices issued on prescribed inspection/repair for buildings,就樓宇訂明檢驗／訂明修葺所發出的法定通知,165874,TAI KOON MANSION 42/52 WOOSUNG ST,165874,TAI KOON MANSION 42/52 WOOSUNG ST,TOW,TOW,7,7,818710.1,835645.6,22.30735373,114.17083412,2025/07/30 11:44:47+00
12714287.9642867,2545657.6194408,1454,Statutory Notices issued on prescribed inspection/repair for buildings,就樓宇訂明檢驗／訂明修葺所發出的法定通知,503263,TAI KUT HOUSE 7 GREIG RD,503263,TAI KUT HOUSE 7 GREIG RD,TOW,TOW,201,201,816124.9,840134.4,22.28400393,114.21439211,2025/07/30 11:44:47+00
12708249.5296716,2550112.74226557,1455,Statutory Notices issued on prescribed inspection/repair for buildings,就樓宇訂明檢驗／訂明修葺所發出的法定通知,255935,TAI LEE BUILDING 31/41 KOK CHEUNG ST,255935,TAI LEE BUILDING 31/41 KOK CHEUNG ST,TOW,TOW,1,1,820224.7,834544.7,22.32103111,114.16014793,2025/07/30 11:44:47+00
12707337.2805083,2545516.56977951,1456,Statutory Notices issued on prescribed inspection/repair for buildings,就樓宇訂明檢驗／訂明修葺所發出的法定通知,332527,TAI LI HOUSE 44 ABERDEEN ST,332527,TAI LI HOUSE 44 ABERDEEN ST,TOW,TOW,1,1,815994.8,833699.7,22.28283171,114.15195257,2025/07/30 11:44:47+00
12714312.3605332,2545592.97119682,1457,Statutory Notices issued on prescribed inspection/repair for buildings,就樓宇訂明檢驗／訂明修葺所發出的法定通知,503849,TAI MING HOUSE 9 GREIG RD,503849,TAI MING HOUSE 9 GREIG RD,TOW,TOW,199,199,816065.4,840157,22.28346686,114.21461111,2025/07/30 11:44:47+00
12715334.9702042,2549424.26372993,1458,Statutory Notices issued on prescribed inspection/repair for buildings,就樓宇訂明檢驗／訂明修葺所發出的法定通知,913181,TAI ON BUILDING 40/44A HONG NING RD,913181,TAI ON BUILDING 40/44A HONG NING RD,TOW,TOW,1,1,819591.8,841102.6,22.31530977,114.22379741,2025/07/30 11:44:47+00
12706860.7523664,2545828.07086423,1459,Statutory Notices issued on prescribed inspection/repair for buildings,就樓宇訂明檢驗／訂明修葺所發出的法定通知,1523005,TAI PING MANSION 208/214 HOLLYWOOD RD,1523005,TAI PING MANSION 208/214 HOLLYWOOD RD,TOW,TOW,7,7,816281.6,833258.6,22.28542111,114.14767194,2025/07/30 11:44:47+00
12715718.0262658,2549228.43243715,1460,Statutory Notices issued on prescribed inspection/repair for buildings,就樓宇訂明檢驗／訂明修葺所發出的法定通知,1206460,MASCOT MANSIONS BLDG B 1 TIN HEUNG ST,1206460,MASCOT MANSIONS BLDG B 1 TIN HEUNG ST,TOW,TOW,73,73,819411.7,841457.2,22.3136826,114.22723812,2025/07/30 11:44:47+00
12709149.387547,2549452.3300136,1461,Statutory Notices issued on prescribed inspection/repair for buildings,就樓宇訂明檢驗／訂明修葺所發出的法定通知,287232,MASTER BUILDING 297/299 RECLAMATION ST,287232,MASTER BUILDING 297/299 RECLAMATION ST,TOW,TOW,1,1,819616.9,835377.5,22.31554296,114.16823143,2025/07/30 11:44:47+00
12693664.3661282,2564778.85257416,1462,Statutory Notices issued on prescribed inspection/repair for buildings,就樓宇訂明檢驗／訂明修葺所發出的法定通知,772220,MAU TAN MANSION 26/30 HUNG MIN COURT YUEN LONG,772220,MAU TAN MANSION 26/30 HUNG MIN COURT YUEN LONG,TOW,TOW,1,1,833722.2,821059.1,22.44285363,114.02912672,2025/07/30 11:44:47+00
12711216.8178342,2549759.08898047,1463,Statutory Notices issued on prescribed inspection/repair for buildings,就樓宇訂明檢驗／訂明修葺所發出的法定通知,1261205,MAXIM MANSION 46 MAIDSTONE RD,1261205,MAXIM MANSION 46 MAIDSTONE RD,TOW,TOW,1,1,819899.2,837291,22.31809177,114.18680317,2025/07/30 11:44:47+00
12709610.4676386,2551122.52801131,1464,Statutory Notices issued on prescribed inspection/repair for buildings,就樓宇訂明檢驗／訂明修葺所發出的法定通知,217472,MAY KING COURT 11A MAGNOLIA RD,217472,MAY KING COURT 11A MAGNOLIA RD,TOW,TOW,16,16,821153.8,835804.3,22.32942173,114.17237381,2025/07/30 11:44:47+00
12704653.7543026,2545608.7988934,1465,Statutory Notices issued on prescribed inspection/repair for buildings,就樓宇訂明檢驗／訂明修葺所發出的法定通知,355945,MAY SUN BUILDING 7/8 NEW PRAYA KENNEDY TOWN,355945,MAY SUN BUILDING 7/8 NEW PRAYA KENNEDY TOWN,TOW,TOW,1,1,816080.3,831215.4,22.28359761,114.12784683,2025/07/30 11:44:47+00
12709869.8864004,2544764.7970332,1466,Statutory Notices issued on prescribed inspection/repair for buildings,就樓宇訂明檢驗／訂明修葺所發出的法定通知,1911948,MAY WAH BUILDING 164/176 JOHNSTON RD,1911948,MAY WAH BUILDING 164/176 JOHNSTON RD,TOW,TOW,1,1,815302.6,836044.3,22.27658236,114.17470336,2025/07/30 11:44:47+00
12712417.3836522,2546349.61436698,1467,Statutory Notices issued on prescribed inspection/repair for buildings,就樓宇訂明檢驗／訂明修葺所發出的法定通知,1007251,MAY WEI MANSION 36/38 FORT ST,1007251,MAY WEI MANSION 36/38 FORT ST,TOW,TOW,2,2,816761.5,838402.6,22.2897558,114.1975884,2025/07/30 11:44:47+00
12709610.899156,2551146.32834314,1468,Statutory Notices issued on prescribed inspection/repair for buildings,就樓宇訂明檢驗／訂明修葺所發出的法定通知,217681,MAYFAIR COURT 15 MAGNOLIA RD,217681,MAYFAIR COURT 15 MAGNOLIA RD,TOW,TOW,1,1,821175.7,835804.7,22.32961956,114.17237684,2025/07/30 11:44:47+00
12708773.3523613,2550012.59816905,1469,Statutory Notices issued on prescribed inspection/repair for buildings,就樓宇訂明檢驗／訂明修葺所發出的法定通知,12152,MAYFAIR MANSION MAYFAIR CENTRE 6 ASH ST,12152,MAYFAIR MANSION MAYFAIR CENTRE 6 ASH ST,TOW,TOW,1,1,820132.5,835029.5,22.32019925,114.16485377,2025/07/30 11:44:47+00
12702785.5748479,2556312.13806154,1470,Statutory Notices issued on prescribed inspection/repair for buildings,就樓宇訂明檢驗／訂明修葺所發出的法定通知,1480848,MEE WAH BUILDING 2/4 HEUNG SHING ST TSUEN WAN,1480848,MEE WAH BUILDING 2/4 HEUNG SHING ST TSUEN WAN,TOW,TOW,2,2,825929.8,829490.2,22.37253922,114.11106391,2025/07/30 11:44:47+00
12705788.3993263,2551889.4720897,1471,Statutory Notices issued on prescribed inspection/repair for buildings,就樓宇訂明檢驗／訂明修葺所發出的法定通知,5057626,MEI FOO SUN CHUEN - STAGE I BLK 1 22/24 BROADWAY,5057626,MEI FOO SUN CHUEN - STAGE I BLK 1 22/24 BROADWAY,TOW,TOW,1,1,821860,832267.3,22.33579544,114.13803882,2025/07/30 11:44:47+00
12705822.5259827,2551968.16686632,1472,Statutory Notices issued on prescribed inspection/repair for buildings,就樓宇訂明檢驗／訂明修葺所發出的法定通知,509015,MEI FOO SUN CHUEN - STAGE I BLK 3 29/31 BROADWAY,509015,MEI FOO SUN CHUEN - STAGE I BLK 3 29/31 BROADWAY,TOW,TOW,1,1,821932.4,832298.9,22.3364493,114.13834555,2025/07/30 11:44:47+00
12705763.2860759,2552058.79303115,1473,Statutory Notices issued on prescribed inspection/repair for buildings,就樓宇訂明檢驗／訂明修葺所發出的法定通知,499872,MEI FOO SUN CHUEN - STAGE I BLK 8 9/11 BROADWAY,499872,MEI FOO SUN CHUEN - STAGE I BLK 8 9/11 BROADWAY,TOW,TOW,1,1,822015.8,832244.1,22.33720203,114.13781398,2025/07/30 11:44:47+00
12705750.5414996,2552033.57524366,1474,Statutory Notices issued on prescribed inspection/repair for buildings,就樓宇訂明檢驗／訂明修葺所發出的法定通知,498286,MEI FOO SUN CHUEN - STAGE I BLK 9 5/7 BROADWAY,498286,MEI FOO SUN CHUEN - STAGE I BLK 9 5/7 BROADWAY,TOW,TOW,1,1,821992.6,832232.3,22.33699272,114.13769946,2025/07/30 11:44:47+00
12705896.6416754,2552020.67948094,1475,Statutory Notices issued on prescribed inspection/repair for buildings,就樓宇訂明檢驗／訂明修葺所發出的法定通知,568461,MEI FOO SUN CHUEN - STAGE II BLK 15 1/3 GLEE PATH,568461,MEI FOO SUN CHUEN - STAGE II BLK 15 1/3 GLEE PATH,TOW,TOW,2,2,821980.7,832367.5,22.33688542,114.13901169,2025/07/30 11:44:47+00
12705847.2876974,2551904.37667236,1476,Statutory Notices issued on prescribed inspection/repair for buildings,就樓宇訂明檢驗／訂明修葺所發出的法定通知,564713,MEI FOO SUN CHUEN - STAGE II BLK 24 26/28 BROADWAY,564713,MEI FOO SUN CHUEN - STAGE II BLK 24 26/28 BROADWAY,TOW,TOW,1,1,821873.7,832321.8,22.33591895,114.13856841,2025/07/30 11:44:47+00
12706097.661107,2551901.9390183,1477,Statutory Notices issued on prescribed inspection/repair for buildings,就樓宇訂明檢驗／訂明修葺所發出的法定通知,572716,MEI FOO SUN CHUEN - STAGE IV BLK 48 69/71 BROADWAY,572716,MEI FOO SUN CHUEN - STAGE IV BLK 48 69/71 BROADWAY,TOW,TOW,1,1,821871.4,832553.5,22.33589822,114.14081755,2025/07/30 11:44:47+00
12706151.6815074,2551940.86015484,1478,Statutory Notices issued on prescribed inspection/repair for buildings,就樓宇訂明檢驗／訂明修葺所發出的法定通知,573716,MEI FOO SUN CHUEN - STAGE IV BLK 51 85/87 BROADWAY,573716,MEI FOO SUN CHUEN - STAGE IV BLK 51 85/87 BROADWAY,TOW,TOW,1,1,821907.2,832603.5,22.33622156,114.14130217,2025/07/30 11:44:47+00
12706184.1012375,2551932.49926731,1479,Statutory Notices issued on prescribed inspection/repair for buildings,就樓宇訂明檢驗／訂明修葺所發出的法定通知,573861,MEI FOO SUN CHUEN - STAGE IV BLK 52 89/91 BROADWAY,573861,MEI FOO SUN CHUEN - STAGE IV BLK 52 89/91 BROADWAY,TOW,TOW,3,3,821899.5,832633.5,22.33615285,114.14159351,2025/07/30 11:44:47+00
12706213.8109085,2551961.19838156,1480,Statutory Notices issued on prescribed inspection/repair for buildings,就樓宇訂明檢驗／訂明修葺所發出的法定通知,575168,MEI FOO SUN CHUEN - STAGE IV BLK 53 117/119 BROADWAY,575168,MEI FOO SUN CHUEN - STAGE IV BLK 53 117/119 BROADWAY,TOW,TOW,3,3,821925.9,832661,22.33639066,114.14186045,2025/07/30 11:44:47+00
12706247.52644,2551956.85891418,1481,Statutory Notices issued on prescribed inspection/repair for buildings,就樓宇訂明檢驗／訂明修葺所發出的法定通知,574987,MEI FOO SUN CHUEN - STAGE IV BLK 54 113/115 BROADWAY,574987,MEI FOO SUN CHUEN - STAGE IV BLK 54 113/115 BROADWAY,TOW,TOW,2,2,821921.9,832692.2,22.33635447,114.14216312,2025/07/30 11:44:47+00
12706229.6105505,2551861.21445159,1482,Statutory Notices issued on prescribed inspection/repair for buildings,就樓宇訂明檢驗／訂明修葺所發出的法定通知,574583,MEI FOO SUN CHUEN - STAGE IV BLK 57 101/103 BROADWAY,574583,MEI FOO SUN CHUEN - STAGE IV BLK 57 101/103 BROADWAY,TOW,TOW,1,1,821833.9,832675.6,22.33555993,114.14200262,2025/07/30 11:44:47+00
12706162.7193248,2551873.37114813,1483,Statutory Notices issued on prescribed inspection/repair for buildings,就樓宇訂明檢驗／訂明修葺所發出的法定通知,574135,MEI FOO SUN CHUEN - STAGE IV BLK 59 93/95 BROADWAY,574135,MEI FOO SUN CHUEN - STAGE IV BLK 59 93/95 BROADWAY,TOW,TOW,4,4,821845.1,832613.7,22.33566116,114.14140145,2025/07/30 11:44:47+00
12706206.7128128,2551814.80202217,1484,Statutory Notices issued on prescribed inspection/repair for buildings,就樓宇訂明檢驗／訂明修葺所發出的法定通知,578516,MEI FOO SUN CHUEN - STAGE VIII BLK 93 122/124 BROADWAY,578516,MEI FOO SUN CHUEN - STAGE VIII BLK 93 122/124 BROADWAY,TOW,TOW,1,1,821791.2,832654.4,22.33517439,114.14179729,2025/07/30 11:44:47+00
12708738.3918438,2565401.57345085,1485,Statutory Notices issued on prescribed inspection/repair for buildings,就樓宇訂明檢驗／訂明修葺所發出的法定通知,937407,TAI PO MERCHANTS ASSOCIATION LTD. & NEW TERRITORIES HEUNG YEE KUK BUILDING 2A/2B YAN HING ST TAI PO,937407,TAI PO MERCHANTS ASSOCIATION LTD. & NEW TERRITORIES HEUNG YEE KUK BUILDING 2A/2B YAN HING ST TAI PO,TOW,TOW,1,1,834287.3,834998.3,22.44802419,114.16453982,2025/07/30 11:44:47+00
12707644.659848,2545795.0683986,1486,Statutory Notices issued on prescribed inspection/repair for buildings,就樓宇訂明檢驗／訂明修葺所發出的法定通知,405282,TAI SANG BANK BUILDING 130/132 DES VOEUX RD C,405282,TAI SANG BANK BUILDING 130/132 DES VOEUX RD C,TOW,TOW,2,2,816251.1,833984.3,22.28514604,114.15471435,2025/07/30 11:44:47+00
12707065.2399499,2545798.44964834,1487,Statutory Notices issued on prescribed inspection/repair for buildings,就樓宇訂明檢驗／訂明修葺所發出的法定通知,456391,TAI SHING BUILDING 12/14 TUNG ST,456391,TAI SHING BUILDING 12/14 TUNG ST,TOW,TOW,1,1,816254.3,833447.9,22.2851746,114.14950958,2025/07/30 11:44:47+00
12709543.4925329,2550570.34605959,1488,Statutory Notices issued on prescribed inspection/repair for buildings,就樓宇訂明檢驗／訂明修葺所發出的法定通知,1112702,TAI WAH MANSION 178/180 PRINCE EDWARD RD W,1112702,TAI WAH MANSION 178/180 PRINCE EDWARD RD W,TOW,TOW,1,1,820645.7,835742.3,22.32483397,114.17177159,2025/07/30 11:44:47+00
12707046.9886342,2545775.95716414,1489,Statutory Notices issued on prescribed inspection/repair for buildings,就樓宇訂明檢驗／訂明修葺所發出的法定通知,828791,TAI WING HOUSE 42/44A UPPER LASCAR ROW,828791,TAI WING HOUSE 42/44A UPPER LASCAR ROW,TOW,TOW,1,1,816233.6,833431,22.28498749,114.14934551,2025/07/30 11:44:47+00
12706976.637383,2545939.7788583,1490,Statutory Notices issued on prescribed inspection/repair for buildings,就樓宇訂明檢驗／訂明修葺所發出的法定通知,681740,TAI WONG COMMERCIAL BUILDING 5/7 QUEEN'S RD W,681740,TAI WONG COMMERCIAL BUILDING 5/7 QUEEN'S RD W,TOW,TOW,1,1,816384.4,833365.9,22.28634919,114.1487135,2025/07/30 11:44:47+00
12714293.2424088,2550831.08402925,1491,Statutory Notices issued on prescribed inspection/repair for buildings,就樓宇訂明檢驗／訂明修葺所發出的法定通知,1028561,TAK BO GARDEN 3 NGAU TAU KOK RD,1028561,TAK BO GARDEN 3 NGAU TAU KOK RD,POD,POD,1,1,820886.1,840138.1,22.32699999,114.21443928,2025/07/30 11:44:47+00
12714267.5178485,2550798.05319872,1492,Statutory Notices issued on prescribed inspection/repair for buildings,就樓宇訂明檢驗／訂明修葺所發出的法定通知,1028833,TAK BO GARDEN BLK A 3 NGAU TAU KOK RD,1028833,TAK BO GARDEN BLK A 3 NGAU TAU KOK RD,TOW,TOW,1,1,820855.7,840114.3,22.32672552,114.2142085,2025/07/30 11:44:47+00
12714266.3366391,2550827.93917211,1493,Statutory Notices issued on prescribed inspection/repair for buildings,就樓宇訂明檢驗／訂明修葺所發出的法定通知,1029582,TAK BO GARDEN BLK B 3 NGAU TAU KOK RD,1029582,TAK BO GARDEN BLK B 3 NGAU TAU KOK RD,TOW,TOW,1,1,820883.2,840113.2,22.32697415,114.21419734,2025/07/30 11:44:47+00
12714262.0214795,2550856.08717057,1494,Statutory Notices issued on prescribed inspection/repair for buildings,就樓宇訂明檢驗／訂明修葺所發出的法定通知,1030000,TAK BO GARDEN BLK C 3 NGAU TAU KOK RD,1030000,TAK BO GARDEN BLK C 3 NGAU TAU KOK RD,TOW,TOW,1,1,820909.1,840109.2,22.32720782,114.21415889,2025/07/30 11:44:47+00
12714290.983089,2550870.53377929,1495,Statutory Notices issued on prescribed inspection/repair for buildings,就樓宇訂明檢驗／訂明修葺所發出的法定通知,1030456,TAK BO GARDEN BLK D 3 NGAU TAU KOK RD,1030456,TAK BO GARDEN BLK D 3 NGAU TAU KOK RD,TOW,TOW,1,1,820922.4,840136,22.32732827,114.21441917,2025/07/30 11:44:47+00
12714321.8847828,2550865.30957808,1496,Statutory Notices issued on prescribed inspection/repair for buildings,就樓宇訂明檢驗／訂明修葺所發出的法定通知,1030986,TAK BO GARDEN BLK E 3 NGAU TAU KOK RD,1030986,TAK BO GARDEN BLK E 3 NGAU TAU KOK RD,TOW,TOW,1,1,820917.6,840164.6,22.32728446,114.21469701,2025/07/30 11:44:47+00
12714322.3099379,2550837.05385661,1497,Statutory Notices issued on prescribed inspection/repair for buildings,就樓宇訂明檢驗／訂明修葺所發出的法定通知,1031457,TAK BO GARDEN BLK F 3 NGAU TAU KOK RD,1031457,TAK BO GARDEN BLK F 3 NGAU TAU KOK RD,TOW,TOW,1,1,820891.6,840165,22.32704966,114.21470028,2025/07/30 11:44:47+00
12714328.0294242,2550807.92744247,1498,Statutory Notices issued on prescribed inspection/repair for buildings,就樓宇訂明檢驗／訂明修葺所發出的法定通知,1031944,TAK BO GARDEN BLK G 3 NGAU TAU KOK RD,1031944,TAK BO GARDEN BLK G 3 NGAU TAU KOK RD,TOW,TOW,1,1,820864.8,840170.3,22.32680837,114.21475208,2025/07/30 11:44:47+00
12714341.6383927,2550785.6456013,1499,Statutory Notices issued on prescribed inspection/repair for buildings,就樓宇訂明檢驗／訂明修葺所發出的法定通知,1032192,TAK BO GARDEN BLK H 3 NGAU TAU KOK RD,1032192,TAK BO GARDEN BLK H 3 NGAU TAU KOK RD,TOW,TOW,1,1,820844.3,840182.9,22.32662321,114.21487397,2025/07/30 11:44:47+00
12708091.4506197,2551063.51080018,1500,Statutory Notices issued on prescribed inspection/repair for buildings,就樓宇訂明檢驗／訂明修葺所發出的法定通知,1273096,TAK CHEONG BUILDING 219A YEE KUK ST,1273096,TAK CHEONG BUILDING 219A YEE KUK ST,TOW,TOW,1,1,821099.6,834398.5,22.3289321,114.15872778,2025/07/30 11:44:47+00
12709225.3298168,2549686.72956259,1501,Statutory Notices issued on prescribed inspection/repair for buildings,就樓宇訂明檢驗／訂明修葺所發出的法定通知,83288,TAK CHEONG COMMERCIAL BUILDING 31/35 SHANTUNG ST,83288,TAK CHEONG COMMERCIAL BUILDING 31/35 SHANTUNG ST,TOW,TOW,1,1,819832.6,835447.8,22.31749078,114.16891405,2025/07/30 11:44:47+00
12689955.2836128,2563557.30730601,1502,Statutory Notices issued on prescribed inspection/repair for buildings,就樓宇訂明檢驗／訂明修葺所發出的法定通知,2153667,TAK CHEUNG BUILDING 1 HUNG SHUI KIU MAIN ST HUNG SHUI KIU,2153667,TAK CHEUNG BUILDING 1 HUNG SHUI KIU MAIN ST HUNG SHUI KIU,TOW,TOW,1,1,832602.8,817627.9,22.43271106,113.99580755,2025/07/30 11:44:47+00
12703574.7603915,2555929.04964304,1503,Statutory Notices issued on prescribed inspection/repair for buildings,就樓宇訂明檢驗／訂明修葺所發出的法定通知,1884892,TAK FAM BUILDING 2/20 TAK WAH ST TSUEN WAN,1884892,TAK FAM BUILDING 2/20 TAK WAH ST TSUEN WAN,TOW,TOW,2,2,825577.1,830220.2,22.36935634,114.11815411,2025/07/30 11:44:47+00
12715927.5382126,2544889.80489642,1504,Statutory Notices issued on prescribed inspection/repair for buildings,就樓宇訂明檢驗／訂明修葺所發出的法定通知,1582510,TAK FOOK BUILDING 28 FACTORY ST,1582510,TAK FOOK BUILDING 28 FACTORY ST,TOW,TOW,10,10,815418.6,841652.5,22.27762109,114.22912024,2025/07/30 11:44:47+00
12715927.6451803,2544886.76300821,1505,Statutory Notices issued on prescribed inspection/repair for buildings,就樓宇訂明檢驗／訂明修葺所發出的法定通知,1582493,TAK FOOK BUILDING 28 FACTORY ST,1582493,TAK FOOK BUILDING 28 FACTORY ST,POD,POD,1,1,815415.8,841652.6,22.27759634,114.22912123,2025/07/30 11:44:47+00
12706708.8090273,2546161.25359608,1506,Statutory Notices issued on prescribed inspection/repair for buildings,就樓宇訂明檢驗／訂明修葺所發出的法定通知,312955,TAK FUNG BUILDING 79/81 CONNAUGHT RD W,312955,TAK FUNG BUILDING 79/81 CONNAUGHT RD W,TOW,TOW,2,2,816588.3,833118,22.28819054,114.14630765,2025/07/30 11:44:47+00
12709075.1799076,2549154.79915554,1507,Statutory Notices issued on prescribed inspection/repair for buildings,就樓宇訂明檢驗／訂明修葺所發出的法定通知,373841,TAK HAY BUILDING 18/26 TAK CHEONG ST,373841,TAK HAY BUILDING 18/26 TAK CHEONG ST,POD,POD,1,1,819343.1,835308.8,22.31307061,114.1675651,2025/07/30 11:44:47+00
12714359.1264938,2549862.68912761,1508,Statutory Notices issued on prescribed inspection/repair for buildings,就樓宇訂明檢驗／訂明修葺所發出的法定通知,1131491,TAK KEE HOUSE 251/255 KWUN TONG RD,1131491,TAK KEE HOUSE 251/255 KWUN TONG RD,TOW,TOW,1,1,819995,840199.3,22.31895338,114.2150317,2025/07/30 11:44:47+00
12709213.4056501,2548384.93530803,1509,Statutory Notices issued on prescribed inspection/repair for buildings,就樓宇訂明檢驗／訂明修葺所發出的法定通知,13954,TAK LEE BUILDING 10/18 BATTERY ST,13954,TAK LEE BUILDING 10/18 BATTERY ST,TOW,TOW,1,1,818634.6,835436.7,22.30667208,114.16880675,2025/07/30 11:44:47+00
12706233.7287539,2551809.04819234,1510,Statutory Notices issued on prescribed inspection/repair for buildings,就樓宇訂明檢驗／訂明修葺所發出的法定通知,578645,MEI FOO SUN CHUEN - STAGE VIII BLK 94 126/128 BROADWAY,578645,MEI FOO SUN CHUEN - STAGE VIII BLK 94 126/128 BROADWAY,TOW,TOW,1,1,821785.9,832679.4,22.33512652,114.14203914,2025/07/30 11:44:47+00
12706225.0930009,2551770.24692246,1511,Statutory Notices issued on prescribed inspection/repair for buildings,就樓宇訂明檢驗／訂明修葺所發出的法定通知,578876,MEI FOO SUN CHUEN - STAGE VIII BLK 95 130/132 BROADWAY,578876,MEI FOO SUN CHUEN - STAGE VIII BLK 95 130/132 BROADWAY,TOW,TOW,3,3,821750.2,832671.4,22.33480442,114.14196231,2025/07/30 11:44:47+00
12706131.6225112,2551770.87700543,1512,Statutory Notices issued on prescribed inspection/repair for buildings,就樓宇訂明檢驗／訂明修葺所發出的法定通知,579008,MEI FOO SUN CHUEN - STAGE VIII BLK 96 94/96 BROADWAY,579008,MEI FOO SUN CHUEN - STAGE VIII BLK 96 94/96 BROADWAY,TOW,TOW,3,3,821750.8,832584.9,22.33480999,114.1411223,2025/07/30 11:44:47+00
12706164.6916694,2551756.53892617,1513,Statutory Notices issued on prescribed inspection/repair for buildings,就樓宇訂明檢驗／訂明修葺所發出的法定通知,579217,MEI FOO SUN CHUEN - STAGE VIII BLK 97 98/100 BROADWAY,579217,MEI FOO SUN CHUEN - STAGE VIII BLK 97 98/100 BROADWAY,TOW,TOW,1,1,821737.6,832615.5,22.33469039,114.14141936,2025/07/30 11:44:47+00
12706177.8850282,2551712.41752809,1514,Statutory Notices issued on prescribed inspection/repair for buildings,就樓宇訂明檢驗／訂明修葺所發出的法定通知,579464,MEI FOO SUN CHUEN - STAGE VIII BLK 99 106/108 BROADWAY,579464,MEI FOO SUN CHUEN - STAGE VIII BLK 99 106/108 BROADWAY,TOW,TOW,1,1,821697,832627.7,22.33432349,114.14153812,2025/07/30 11:44:47+00
12687638.3439327,2559159.85644258,1515,Statutory Notices issued on prescribed inspection/repair for buildings,就樓宇訂明檢驗／訂明修葺所發出的法定通知,5244490,MEI HANG BUILDING BLK A 19 KAI MAN PATH TUEN MUN,5244490,MEI HANG BUILDING BLK A 19 KAI MAN PATH TUEN MUN,TOW,TOW,3,3,828561.6,815479.8,22.39619275,113.97499469,2025/07/30 11:44:47+00
12687642.6444808,2559177.58490692,1516,Statutory Notices issued on prescribed inspection/repair for buildings,就樓宇訂明檢驗／訂明修葺所發出的法定通知,5244525,MEI HANG BUILDING BLK B 27 KAI MAN PATH TUEN MUN,5244525,MEI HANG BUILDING BLK B 27 KAI MAN PATH TUEN MUN,TOW,TOW,3,3,828577.9,815483.8,22.39634026,113.97503316,2025/07/30 11:44:47+00
12687646.7299881,2559194.44327337,1517,Statutory Notices issued on prescribed inspection/repair for buildings,就樓宇訂明檢驗／訂明修葺所發出的法定通知,1646947,MEI HANG BUILDING BLK C 35 KAI MAN PATH TUEN MUN,1646947,MEI HANG BUILDING BLK C 35 KAI MAN PATH TUEN MUN,TOW,TOW,3,3,828593.4,815487.6,22.39647958,113.97506944,2025/07/30 11:44:47+00
12687650.3849678,2559209.88760756,1518,Statutory Notices issued on prescribed inspection/repair for buildings,就樓宇訂明檢驗／訂明修葺所發出的法定通知,5244552,MEI HANG BUILDING BLK D 43 KAI MAN PATH TUEN MUN,5244552,MEI HANG BUILDING BLK D 43 KAI MAN PATH TUEN MUN,TOW,TOW,7,7,828607.6,815491,22.39660848,113.97510308,2025/07/30 11:44:47+00
12708998.5955464,2550542.06365542,1519,Statutory Notices issued on prescribed inspection/repair for buildings,就樓宇訂明檢驗／訂明修葺所發出的法定通知,1112194,MEI LUN HOUSE 40/42A TAI NAN ST,1112194,MEI LUN HOUSE 40/42A TAI NAN ST,TOW,TOW,3,3,820619.7,835238,22.32459878,114.16687638,2025/07/30 11:44:47+00
12710236.6832588,2556617.26801139,1520,Statutory Notices issued on prescribed inspection/repair for buildings,就樓宇訂明檢驗／訂明修葺所發出的法定通知,1073128,MEI LUN HOUSE 46/48 TAI WAI RD TAI WAI,1073128,MEI LUN HOUSE 46/48 TAI WAI RD TAI WAI,TOW,TOW,1,1,826209,836383.8,22.37507352,114.17799859,2025/07/30 11:44:47+00
12705327.1407057,2546000.88149414,1521,Statutory Notices issued on prescribed inspection/repair for buildings,就樓宇訂明檢驗／訂明修葺所發出的法定通知,1506599,MEI SUN LAU 442 DES VOEUX RD W,1506599,MEI SUN LAU 442 DES VOEUX RD W,TOW,TOW,1,1,816441,831838.9,22.2868574,114.13389555,2025/07/30 11:44:47+00
12705326.923957,2546003.38025825,1522,Statutory Notices issued on prescribed inspection/repair for buildings,就樓宇訂明檢驗／訂明修葺所發出的法定通知,1505971,MEI SUN LAU 442 DES VOEUX RD W,1505971,MEI SUN LAU 442 DES VOEUX RD W,POD,POD,1,1,816443.3,831838.7,22.28687745,114.1338935,2025/07/30 11:44:47+00
12708922.4619534,2565315.22579615,1523,Statutory Notices issued on prescribed inspection/repair for buildings,就樓宇訂明檢驗／訂明修葺所發出的法定通知,1563924,MEI WAN BUILDING 46/48 PO HEUNG ST TAI PO,1563924,MEI WAN BUILDING 46/48 PO HEUNG ST TAI PO,TOW,TOW,11,11,834207.9,835168.5,22.44730673,114.16619269,2025/07/30 11:44:47+00
12708918.1367629,2565306.5240694,1524,Statutory Notices issued on prescribed inspection/repair for buildings,就樓宇訂明檢驗／訂明修葺所發出的法定通知,5244346,MEI WAN BUILDING 50/52 PO HEUNG ST TAI PO,5244346,MEI WAN BUILDING 50/52 PO HEUNG ST TAI PO,TOW,TOW,5,5,834199.9,835164.5,22.44723486,114.1661543,2025/07/30 11:44:47+00
12709027.1404157,2565409.42606646,1525,Statutory Notices issued on prescribed inspection/repair for buildings,就樓宇訂明檢驗／訂明修葺所發出的法定通知,1953771,MEI WING BUILDING 25/31 KWONG FUK LANE TAI PO,1953771,MEI WING BUILDING 25/31 KWONG FUK LANE TAI PO,TOW,TOW,1,1,834294.5,835265.3,22.44808961,114.16713317,2025/07/30 11:44:47+00
12709576.0979629,2547951.83839583,1526,Statutory Notices issued on prescribed inspection/repair for buildings,就樓宇訂明檢驗／訂明修葺所發出的法定通知,1181049,MERCANTILE HOUSE 184A/188 NATHAN RD,1181049,MERCANTILE HOUSE 184A/188 NATHAN RD,TOW,TOW,1,1,818236,835772.4,22.3030727,114.172065,2025/07/30 11:44:47+00
12708397.0363348,2550965.84473335,1527,Statutory Notices issued on prescribed inspection/repair for buildings,就樓宇訂明檢驗／訂明修葺所發出的法定通知,279643,MERIT COMMERCIAL BUILDING 292 LAI CHI KOK RD,279643,MERIT COMMERCIAL BUILDING 292 LAI CHI KOK RD,TOW,TOW,1,1,821009.7,834681.3,22.32811981,114.16147276,2025/07/30 11:44:47+00
12711053.4290228,2545469.4045519,1528,Statutory Notices issued on prescribed inspection/repair for buildings,就樓宇訂明檢驗／訂明修葺所發出的法定通知,582370,MIAMI MANSION 13/15 CLEVELAND ST,582370,MIAMI MANSION 13/15 CLEVELAND ST,TOW,TOW,1,1,815951.2,837140,22.28243969,114.18533535,2025/07/30 11:44:47+00
12711251.3724453,2549465.46686369,1529,Statutory Notices issued on prescribed inspection/repair for buildings,就樓宇訂明檢驗／訂明修葺所發出的法定通知,199501,MING FAT BUILDING 46/50A CHI KIANG ST,199501,MING FAT BUILDING 46/50A CHI KIANG ST,TOW,TOW,2,2,819629,837323,22.31565235,114.18711358,2025/07/30 11:44:47+00
12710034.8226929,2544816.61837394,1530,Statutory Notices issued on prescribed inspection/repair for buildings,就樓宇訂明檢驗／訂明修葺所發出的法定通知,677997,MING FUNG BUILDING 128/150 WAN CHAI RD,677997,MING FUNG BUILDING 128/150 WAN CHAI RD,TOW,TOW,2,2,815350.3,836197,22.27701263,114.17618574,2025/07/30 11:44:47+00
12711676.1904949,2545880.02654596,1531,Statutory Notices issued on prescribed inspection/repair for buildings,就樓宇訂明檢驗／訂明修葺所發出的法定通知,825812,MING HING BUILDING 9/11 GORDON RD,825812,MING HING BUILDING 9/11 GORDON RD,TOW,TOW,5,5,816329.2,837716.5,22.28585276,114.19092974,2025/07/30 11:44:47+00
12707325.1842536,2545505.70362127,1532,Statutory Notices issued on prescribed inspection/repair for buildings,就樓宇訂明檢驗／訂明修葺所發出的法定通知,414677,MING HING HOUSE 52/56 STAUNTON ST,414677,MING HING HOUSE 52/56 STAUNTON ST,TOW,TOW,1,1,815984.8,833688.5,22.2827415,114.15184434,2025/07/30 11:44:47+00
12708609.4746671,2550898.0513383,1533,Statutory Notices issued on prescribed inspection/repair for buildings,就樓宇訂明檢驗／訂明修葺所發出的法定通知,287581,MING KEI BUILDING 2P/2Q SHEK KIP MEI ST,287581,MING KEI BUILDING 2P/2Q SHEK KIP MEI ST,POD,POD,1,1,820947.3,834877.9,22.3275567,114.16338167,2025/07/30 11:44:47+00
12705489.2396728,2555634.11632673,1534,Statutory Notices issued on prescribed inspection/repair for buildings,就樓宇訂明檢驗／訂明修葺所發出的法定通知,1273445,MING TAK BUILDING 4/16 PING FU PATH KWAI CHUNG,1273445,MING TAK BUILDING 4/16 PING FU PATH KWAI CHUNG,TOW,TOW,1,1,825305.2,831991.4,22.36690629,114.13535152,2025/07/30 11:44:47+00
12708481.2832911,2551323.51020408,1535,Statutory Notices issued on prescribed inspection/repair for buildings,就樓宇訂明檢驗／訂明修葺所發出的法定通知,285505,218 CHEUNG SHA WAN RD,285505,218 CHEUNG SHA WAN RD,TOW,TOW,5,5,821338.8,834759.3,22.33109264,114.16222926,2025/07/30 11:44:47+00
12708531.2378011,2550970.53101593,1536,Statutory Notices issued on prescribed inspection/repair for buildings,就樓宇訂明檢驗／訂明修葺所發出的法定通知,218480,219 KI LUNG ST,218480,219 KI LUNG ST,TOW,TOW,1,1,821014,834805.5,22.32815944,114.1626788,2025/07/30 11:44:47+00
12708054.8166962,2551094.15322197,1537,Statutory Notices issued on prescribed inspection/repair for buildings,就樓宇訂明檢驗／訂明修葺所發出的法定通知,1273165,219B YEE KUK ST,1273165,219B YEE KUK ST,TOW,TOW,1,1,821127.8,834364.6,22.32918623,114.15839897,2025/07/30 11:44:47+00
12706932.7063389,2545761.37768422,1538,Statutory Notices issued on prescribed inspection/repair for buildings,就樓宇訂明檢驗／訂明修葺所發出的法定通知,625186,22 UPPER STATION ST,625186,22 UPPER STATION ST,TOW,TOW,1,1,816220.2,833325.2,22.28486622,114.14831883,2025/07/30 11:44:47+00
12709401.1856916,2548085.26326817,1539,Statutory Notices issued on prescribed inspection/repair for buildings,就樓宇訂明檢驗／訂明修葺所發出的法定通知,31501,22/22C BOWRING ST,31501,22/22C BOWRING ST,TOW,TOW,18,18,818358.8,835610.5,22.30418199,114.17049337,2025/07/30 11:44:47+00
12709610.4398341,2548390.49346389,1540,Statutory Notices issued on prescribed inspection/repair for buildings,就樓宇訂明檢驗／訂明修葺所發出的法定通知,50425,22/24 CHEONG LOK ST,50425,22/24 CHEONG LOK ST,TOW,TOW,1,1,818639.7,835804.2,22.3067182,114.17237351,2025/07/30 11:44:47+00
12709008.8382373,2550881.88970281,1541,Statutory Notices issued on prescribed inspection/repair for buildings,就樓宇訂明檢驗／訂明修葺所發出的法定通知,283531,22/24 CHEUNG SHA WAN RD,283531,22/24 CHEUNG SHA WAN RD,TOW,TOW,1,1,820932.4,835247.5,22.32742243,114.16696924,2025/07/30 11:44:47+00
12706434.4579228,2546043.20684672,1542,Statutory Notices issued on prescribed inspection/repair for buildings,就樓宇訂明檢驗／訂明修葺所發出的法定通知,353591,22/24 EASTERN ST,353591,22/24 EASTERN ST,TOW,TOW,2,2,816479.7,832864,22.28720868,114.14384242,2025/07/30 11:44:47+00
12708799.5128558,2551238.8778547,1543,Statutory Notices issued on prescribed inspection/repair for buildings,就樓宇訂明檢驗／訂明修葺所發出的法定通知,294768,22/24 FUK WING ST,294768,22/24 FUK WING ST,TOW,TOW,6,6,821260.9,835053.8,22.33038905,114.16508858,2025/07/30 11:44:47+00
12706290.6314914,2545784.71042389,1544,Statutory Notices issued on prescribed inspection/repair for buildings,就樓宇訂明檢驗／訂明修葺所發出的法定通知,417684,22/24 HIGH ST,417684,22/24 HIGH ST,TOW,TOW,2,2,816241.8,832730.8,22.28506042,114.14255118,2025/07/30 11:44:47+00
12704849.5368053,2572098.21896739,1545,Statutory Notices issued on prescribed inspection/repair for buildings,就樓宇訂明檢驗／訂明修葺所發出的法定通知,1756289,22/24 LUNG SUM AVE SHEUNG SHUI,1756289,22/24 LUNG SUM AVE SHEUNG SHUI,TOW,TOW,1,1,840443.6,831404.3,22.50361144,114.12960505,2025/07/30 11:44:47+00
12711009.9430387,2548337.66781569,1546,Statutory Notices issued on prescribed inspection/repair for buildings,就樓宇訂明檢驗／訂明修葺所發出的法定通知,1352411,22/24 WHAMPOA ST,1352411,22/24 WHAMPOA ST,TOW,TOW,34,34,818591.1,837099.6,22.30627927,114.18494472,2025/07/30 11:44:47+00
12711372.3161583,2550040.31432755,1547,Statutory Notices issued on prescribed inspection/repair for buildings,就樓宇訂明檢驗／訂明修葺所發出的法定通知,1981606,22/24A PAK TAI ST,1981606,22/24A PAK TAI ST,TOW,TOW,5,5,820158,837434.9,22.32042955,114.18820009,2025/07/30 11:44:47+00
12703291.1526073,2555912.30376754,1548,Statutory Notices issued on prescribed inspection/repair for buildings,就樓宇訂明檢驗／訂明修葺所發出的法定通知,2048819,22/28 YI PEI SQUARE TSUEN WAN,2048819,22/28 YI PEI SQUARE TSUEN WAN,TOW,TOW,1,1,825561.8,829957.8,22.36921773,114.11560609,2025/07/30 11:44:47+00
12706287.6418118,2546108.68694899,1549,Statutory Notices issued on prescribed inspection/repair for buildings,就樓宇訂明檢驗／訂明修葺所發出的法定通知,1426288,220/222 DES VOEUX RD W,1426288,220/222 DES VOEUX RD W,TOW,TOW,24,24,816540,832728.1,22.28775292,114.14252436,2025/07/30 11:44:47+00
12706221.7382159,2546152.99910547,1550,Statutory Notices issued on prescribed inspection/repair for buildings,就樓宇訂明檢驗／訂明修葺所發出的法定通知,1406781,221/223 DES VOEUX RD W,1406781,221/223 DES VOEUX RD W,TOW,TOW,1,1,816580.8,832667.1,22.28812117,114.14193148,2025/07/30 11:44:47+00
12708575.229396,2550816.32426348,1551,Statutory Notices issued on prescribed inspection/repair for buildings,就樓宇訂明檢驗／訂明修葺所發出的法定通知,185637,222/224 LAI CHI KOK RD,185637,222/224 LAI CHI KOK RD,TOW,TOW,1,1,820872.1,834846.2,22.32687811,114.1630739,2025/07/30 11:44:47+00
12708048.5428413,2551149.36045221,1552,Statutory Notices issued on prescribed inspection/repair for buildings,就樓宇訂明檢驗／訂明修葺所發出的法定通知,1274295,222/224 YEE KUK ST,1274295,222/224 YEE KUK ST,TOW,TOW,1,1,821178.6,834358.8,22.32964509,114.15834219,2025/07/30 11:44:47+00
12711264.5445639,2549331.48051365,1553,Statutory Notices issued on prescribed inspection/repair for buildings,就樓宇訂明檢驗／訂明修葺所發出的法定通知,211141,222/228 MA TAU WAI RD,211141,222/228 MA TAU WAI RD,TOW,TOW,36,36,819505.7,837335.2,22.31453892,114.18723225,2025/07/30 11:44:47+00
12706277.4876953,2546108.90191738,1554,Statutory Notices issued on prescribed inspection/repair for buildings,就樓宇訂明檢驗／訂明修葺所發出的法定通知,1426353,224/226 DES VOEUX RD W,1426353,224/226 DES VOEUX RD W,TOW,TOW,31,31,816540.2,832718.7,22.28775517,114.14243259,2025/07/30 11:44:47+00
12709364.2156293,2548591.07151778,1555,Statutory Notices issued on prescribed inspection/repair for buildings,就樓宇訂明檢驗／訂明修葺所發出的法定通知,218481,224/226 SHANGHAI ST,218481,224/226 SHANGHAI ST,TOW,TOW,2,2,818824.3,835576.3,22.30838545,114.17016108,2025/07/30 11:44:47+00
12706214.5006735,2546153.21471351,1556,Statutory Notices issued on prescribed inspection/repair for buildings,就樓宇訂明檢驗／訂明修葺所發出的法定通知,1406814,225 DES VOEUX RD W,1406814,225 DES VOEUX RD W,TOW,TOW,1,1,816581,832660.4,22.28812313,114.14186719,2025/07/30 11:44:47+00
12709288.722653,2550296.15406075,1557,Statutory Notices issued on prescribed inspection/repair for buildings,就樓宇訂明檢驗／訂明修葺所發出的法定通知,190120,226 SAI YEUNG CHOI ST S,190120,226 SAI YEUNG CHOI ST S,TOW,TOW,1,1,820393.4,835506.5,22.32255565,114.16948299,2025/07/30 11:44:47+00
12706961.9656637,2545836.89033021,1558,Statutory Notices issued on prescribed inspection/repair for buildings,就樓宇訂明檢驗／訂明修葺所發出的法定通知,1517111,227 HOLLYWOOD RD,1517111,227 HOLLYWOOD RD,TOW,TOW,5,5,816289.7,833352.3,22.2854939,114.14858192,2025/07/30 11:44:47+00
12706256.4236539,2546107.81062753,1559,Statutory Notices issued on prescribed inspection/repair for buildings,就樓宇訂明檢驗／訂明修葺所發出的法定通知,1426441,228 DES VOEUX RD W,1426441,228 DES VOEUX RD W,TOW,TOW,2,2,816539.2,832699.2,22.28774637,114.14224307,2025/07/30 11:44:47+00
12709290.6672737,2550301.47908093,1560,Statutory Notices issued on prescribed inspection/repair for buildings,就樓宇訂明檢驗／訂明修葺所發出的法定通知,190141,228 SAI YEUNG CHOI ST S,190141,228 SAI YEUNG CHOI ST S,TOW,TOW,1,1,820398.3,835508.3,22.32259931,114.16950058,2025/07/30 11:44:47+00
12708109.069632,2551010.58739841,1561,Statutory Notices issued on prescribed inspection/repair for buildings,就樓宇訂明檢驗／訂明修葺所發出的法定通知,1287613,228/230 HAI TAN ST,1287613,228/230 HAI TAN ST,TOW,TOW,2,2,821050.9,834414.8,22.32849234,114.15888622,2025/07/30 11:44:47+00
12709980.9223766,2545012.16597249,1562,Statutory Notices issued on prescribed inspection/repair for buildings,就樓宇訂明檢驗／訂明修葺所發出的法定通知,646425,229/231 LOCKHART RD,646425,229/231 LOCKHART RD,TOW,TOW,1,1,815530.3,836147.1,22.27863899,114.17570087,2025/07/30 11:44:47+00
12706446.778118,2546016.70021707,1563,Statutory Notices issued on prescribed inspection/repair for buildings,就樓宇訂明檢驗／訂明修葺所發出的法定通知,352855,229/231 QUEEN'S RD W,352855,229/231 QUEEN'S RD W,TOW,TOW,2,2,816455.3,832875.4,22.28698816,114.14395354,2025/07/30 11:44:47+00
12708915.271919,2550780.27185849,1564,Statutory Notices issued on prescribed inspection/repair for buildings,就樓宇訂明檢驗／訂明修葺所發出的法定通知,265435,23 BOUNDARY ST,265435,23 BOUNDARY ST,TOW,TOW,1,1,820838.9,835160.9,22.32657789,114.16612847,2025/07/30 11:44:47+00
12706408.5348112,2546033.74903167,1565,Statutory Notices issued on prescribed inspection/repair for buildings,就樓宇訂明檢驗／訂明修葺所發出的法定通知,352456,23 EASTERN ST,352456,23 EASTERN ST,TOW,TOW,6,6,816471,832840,22.28713032,114.14361024,2025/07/30 11:44:47+00
12706195.8531704,2571574.56489208,1566,Statutory Notices issued on prescribed inspection/repair for buildings,就樓宇訂明檢驗／訂明修葺所發出的法定通知,1511533,23 WO TAI ST FANLING,1511533,23 WO TAI ST FANLING,TOW,TOW,6,6,839962,832648.6,22.49926593,114.14169932,2025/07/30 11:44:47+00
12703162.9428949,2555963.88703506,1567,Statutory Notices issued on prescribed inspection/repair for buildings,就樓宇訂明檢驗／訂明修葺所發出的法定通知,1428265,23/29 WO TIK ST TSUEN WAN,1428265,23/29 WO TIK ST TSUEN WAN,TOW,TOW,3,3,825609.3,829839.2,22.36964544,114.11445386,2025/07/30 11:44:47+00
12708453.3015213,2551276.88446145,1568,Statutory Notices issued on prescribed inspection/repair for buildings,就樓宇訂明檢驗／訂明修葺所發出的法定通知,282002,231 CHEUNG SHA WAN RD,282002,231 CHEUNG SHA WAN RD,TOW,TOW,1,1,821295.9,834733.4,22.33070515,114.16197814,2025/07/30 11:44:47+00
12706919.3569607,2546095.45592677,1569,Statutory Notices issued on prescribed inspection/repair for buildings,就樓宇訂明檢驗／訂明修葺所發出的法定通知,548318,233 WING LOK ST,548318,233 WING LOK ST,TOW,TOW,1,1,816527.7,833312.9,22.2876429,114.14819909,2025/07/30 11:44:47+00
12706431.7632606,2546016.15370052,1570,Statutory Notices issued on prescribed inspection/repair for buildings,就樓宇訂明檢驗／訂明修葺所發出的法定通知,353081,235/237 QUEEN'S RD W,353081,235/237 QUEEN'S RD W,TOW,TOW,1,1,816454.8,832861.5,22.28698389,114.1438189,2025/07/30 11:44:47+00
12708092.9682318,2551022.75723187,1571,Statutory Notices issued on prescribed inspection/repair for buildings,就樓宇訂明檢驗／訂明修葺所發出的法定通知,1288162,236/238 HAI TAN ST,1288162,236/238 HAI TAN ST,TOW,TOW,1,1,821062.1,834399.9,22.32859333,114.15874104,2025/07/30 11:44:47+00
12708047.142875,2551996.19515633,1572,Statutory Notices issued on prescribed inspection/repair for buildings,就樓宇訂明檢驗／訂明修葺所發出的法定通知,734921,237/239 CASTLE PEAK RD,734921,237/239 CASTLE PEAK RD,TOW,TOW,1,1,821957.8,834357.6,22.33668207,114.15832962,2025/07/30 11:44:47+00
12708353.5665505,2551278.39577731,1573,Statutory Notices issued on prescribed inspection/repair for buildings,就樓宇訂明檢驗／訂明修葺所發出的法定通知,268923,239 APLIU ST,268923,239 APLIU ST,TOW,TOW,6,6,821297.3,834641.1,22.33071754,114.16108292,2025/07/30 11:44:47+00
12708168.5044862,2550962.55947626,1574,Statutory Notices issued on prescribed inspection/repair for buildings,就樓宇訂明檢驗／訂明修葺所發出的法定通知,1236211,24 KWEILIN ST,1236211,24 KWEILIN ST,TOW,TOW,2,2,821006.7,834469.8,22.32809252,114.15942013,2025/07/30 11:44:47+00
12704657.6705839,2572243.85577039,1575,Statutory Notices issued on prescribed inspection/repair for buildings,就樓宇訂明檢驗／訂明修葺所發出的法定通知,1523187,24 SAN HONG ST SHEUNG SHUI,1523187,24 SAN HONG ST SHEUNG SHUI,TOW,TOW,1,1,840577.5,831227,22.50482025,114.12788135,2025/07/30 11:44:47+00
12710619.5032331,2544883.85715624,1576,Statutory Notices issued on prescribed inspection/repair for buildings,就樓宇訂明檢驗／訂明修葺所發出的法定通知,462426,24/25 CANAL RD E,462426,24/25 CANAL RD E,TOW,TOW,10,10,815412.2,836738.3,22.27757241,114.18143767,2025/07/30 11:44:47+00
12693592.4376495,2565123.56674702,1577,Statutory Notices issued on prescribed inspection/repair for buildings,就樓宇訂明檢驗／訂明修葺所發出的法定通知,5249144,24/26 FOOK TAK ST YUEN LONG,5249144,24/26 FOOK TAK ST YUEN LONG,TOW,TOW,1,1,834039.2,820992.9,22.44571626,114.02848109,2025/07/30 11:44:47+00
12706894.3391616,2545867.51499247,1578,Statutory Notices issued on prescribed inspection/repair for buildings,就樓宇訂明檢驗／訂明修葺所發出的法定通知,825564,24/26 POSSESSION ST,825564,24/26 POSSESSION ST,TOW,TOW,8,8,816317.9,833289.7,22.28574891,114.14797417,2025/07/30 11:44:47+00
12709032.3090675,2550513.59342945,1579,Statutory Notices issued on prescribed inspection/repair for buildings,就樓宇訂明檢驗／訂明修葺所發出的法定通知,1132695,24/26 TAI NAN ST,1132695,24/26 TAI NAN ST,TOW,TOW,1,1,820593.5,835269.2,22.32436216,114.16717956,2025/07/30 11:44:47+00
12706102.4207722,2545953.71613099,1580,Statutory Notices issued on prescribed inspection/repair for buildings,就樓宇訂明檢驗／訂明修葺所發出的法定通知,325227,24/28 WESTERN ST,325227,24/28 WESTERN ST,TOW,TOW,1,1,816397.4,832556.6,22.28646532,114.14086023,2025/07/30 11:44:47+00
12709694.2621956,2544533.29021409,1581,Statutory Notices issued on prescribed inspection/repair for buildings,就樓宇訂明檢驗／訂明修葺所發出的法定通知,1983662,240 QUEEN'S RD E,1983662,240 QUEEN'S RD E,TOW,TOW,6,6,815089.5,835881.7,22.27465786,114.1731263,2025/07/30 11:44:47+00
12706801.7616606,2545887.81334998,1582,Statutory Notices issued on prescribed inspection/repair for buildings,就樓宇訂明檢驗／訂明修葺所發出的法定通知,1524932,242/244 HOLLYWOOD RD,1524932,242/244 HOLLYWOOD RD,TOW,TOW,4,4,816336.6,833204,22.28591729,114.14714244,2025/07/30 11:44:47+00
12708362.4227314,2551320.34652983,1583,Statutory Notices issued on prescribed inspection/repair for buildings,就樓宇訂明檢驗／訂明修葺所發出的法定通知,271818,244/246 APLIU ST,271818,244/246 APLIU ST,TOW,TOW,2,2,821335.9,834649.3,22.33106621,114.16116191,2025/07/30 11:44:47+00
12709234.4311343,2549191.862921,1584,Statutory Notices issued on prescribed inspection/repair for buildings,就樓宇訂明檢驗／訂明修葺所發出的法定通知,288660,246/248 RECLAMATION ST,288660,246/248 RECLAMATION ST,TOW,TOW,1,1,819377.2,835456.2,22.31337838,114.16899547,2025/07/30 11:44:47+00
12709800.6548104,2544486.7966453,1585,Statutory Notices issued on prescribed inspection/repair for buildings,就樓宇訂明檢驗／訂明修葺所發出的法定通知,478405,247/249 QUEEN'S RD E,478405,247/249 QUEEN'S RD E,TOW,TOW,1,1,815046.7,835980.2,22.27427097,114.17408218,2025/07/30 11:44:47+00
12706402.9463803,2545902.7226415,1586,Statutory Notices issued on prescribed inspection/repair for buildings,就樓宇訂明檢驗／訂明修葺所發出的法定通知,352967,25 EASTERN ST,352967,25 EASTERN ST,TOW,TOW,1,1,816350.4,832834.8,22.28604099,114.14356016,2025/07/30 11:44:47+00
12709178.7430279,2548073.19137884,1587,Statutory Notices issued on prescribed inspection/repair for buildings,就樓宇訂明檢驗／訂明修葺所發出的法定通知,130019,25 KWUN CHUNG ST,130019,25 KWUN CHUNG ST,TOW,TOW,1,1,818347.7,835404.6,22.30408149,114.16849477,2025/07/30 11:44:47+00
12711659.4952963,2551104.74878153,1588,Statutory Notices issued on prescribed inspection/repair for buildings,就樓宇訂明檢驗／訂明修葺所發出的法定通知,1191193,25 SOUTH WALL RD,1191193,25 SOUTH WALL RD,TOW,TOW,1,1,821137.5,837700.6,22.32927445,114.19078036,2025/07/30 11:44:47+00
12706200.8284349,2571580.00645899,1589,Statutory Notices issued on prescribed inspection/repair for buildings,就樓宇訂明檢驗／訂明修葺所發出的法定通知,1511554,25 WO TAI ST FANLING,1511554,25 WO TAI ST FANLING,TOW,TOW,6,6,839967,832653.2,22.49931109,114.14174395,2025/07/30 11:44:47+00
12703325.3152857,2555892.64163554,1590,Statutory Notices issued on prescribed inspection/repair for buildings,就樓宇訂明檢驗／訂明修葺所發出的法定通知,2048922,25 YI PEI SQUARE TSUEN WAN,2048922,25 YI PEI SQUARE TSUEN WAN,TOW,TOW,6,6,825543.7,829989.4,22.36905373,114.11591333,2025/07/30 11:44:47+00
12711732.6734741,2550249.04003211,1591,Statutory Notices issued on prescribed inspection/repair for buildings,就樓宇訂明檢驗／訂明修葺所發出的法定通知,255286,25/27 FUNG YI ST,255286,25/27 FUNG YI ST,TOW,TOW,1,1,820350.1,837768.4,22.3221641,114.19143745,2025/07/30 11:44:47+00
12711967.7748618,2550139.25749444,1592,Statutory Notices issued on prescribed inspection/repair for buildings,就樓宇訂明檢驗／訂明修葺所發出的法定通知,241676,25/27 HOK LING ST,241676,25/27 HOK LING ST,TOW,TOW,9,9,820249.1,837986,22.32125154,114.19354916,2025/07/30 11:44:47+00
12709015.9905652,2550558.90919958,1593,Statutory Notices issued on prescribed inspection/repair for buildings,就樓宇訂明檢驗／訂明修葺所發出的法定通知,246168,25/27 KI LUNG ST,246168,25/27 KI LUNG ST,TOW,TOW,17,17,820635.2,835254.1,22.32473908,114.16703356,2025/07/30 11:44:47+00
12710834.0282782,2545089.82720765,1594,Statutory Notices issued on prescribed inspection/repair for buildings,就樓宇訂明檢驗／訂明修葺所發出的法定通知,437142,25/27 LEE GARDEN RD,437142,25/27 LEE GARDEN RD,TOW,TOW,2,2,815601.8,836936.9,22.27928411,114.18336435,2025/07/30 11:44:47+00
12706306.4093421,2571616.04646318,1595,Statutory Notices issued on prescribed inspection/repair for buildings,就樓宇訂明檢驗／訂明修葺所發出的法定通知,1565967,25/27 LUEN CHEONG ST FANLING,1565967,25/27 LUEN CHEONG ST FANLING,TOW,TOW,2,2,840000.1,832750.8,22.49960971,114.14269259,2025/07/30 11:44:47+00
12711758.7119556,2550236.75758694,1596,Statutory Notices issued on prescribed inspection/repair for buildings,就樓宇訂明檢驗／訂明修葺所發出的法定通知,253900,25/27 LUK MING ST,253900,25/27 LUK MING ST,TOW,TOW,9,9,820338.8,837792.5,22.32206198,114.19167175,2025/07/30 11:44:47+00
12704686.9429557,2572389.34781059,1597,Statutory Notices issued on prescribed inspection/repair for buildings,就樓宇訂明檢驗／訂明修葺所發出的法定通知,1970877,25/27 SAN SHING AVE SHEUNG SHUI,1970877,25/27 SAN SHING AVE SHEUNG SHUI,TOW,TOW,1,1,840711.2,831254.1,22.50602793,114.1281446,2025/07/30 11:44:47+00
12711889.3360556,2550175.9968655,1598,Statutory Notices issued on prescribed inspection/repair for buildings,就樓宇訂明檢驗／訂明修葺所發出的法定通知,249813,25/27 SHIM LUEN ST,249813,25/27 SHIM LUEN ST,TOW,TOW,14,14,820282.9,837913.4,22.32155639,114.19284477,2025/07/30 11:44:47+00
12709537.0992852,2544697.32571244,1599,Statutory Notices issued on prescribed inspection/repair for buildings,就樓宇訂明檢驗／訂明修葺所發出的法定通知,425697,25/27 SWATOW ST,425697,25/27 SWATOW ST,TOW,TOW,8,8,815240.5,835736.2,22.27602163,114.17171401,2025/07/30 11:44:47+00
12708413.6618168,2551112.34254698,1600,Statutory Notices issued on prescribed inspection/repair for buildings,就樓宇訂明檢驗／訂明修葺所發出的法定通知,344563,250/252 KI LUNG ST,344563,250/252 KI LUNG ST,TOW,TOW,28,28,821144.5,834696.7,22.32933783,114.16162248,2025/07/30 11:44:47+00
12709279.5353774,2550360.05281802,1601,Statutory Notices issued on prescribed inspection/repair for buildings,就樓宇訂明檢驗／訂明修葺所發出的法定通知,190851,250/252 SAI YEUNG CHOI ST S,190851,250/252 SAI YEUNG CHOI ST S,TOW,TOW,3,3,820452.2,835498,22.32308601,114.16940066,2025/07/30 11:44:47+00
12706341.1394955,2545988.32051606,1602,Statutory Notices issued on prescribed inspection/repair for buildings,就樓宇訂明檢驗／訂明修葺所發出的法定通知,366890,256/258 QUEEN'S RD W,366890,256/258 QUEEN'S RD W,TOW,TOW,1,1,816429.2,832777.6,22.28675232,114.14300424,2025/07/30 11:44:47+00
12708455.1658841,2550996.49729643,1603,Statutory Notices issued on prescribed inspection/repair for buildings,就樓宇訂明檢驗／訂明修葺所發出的法定通知,1135712,256/258 TAI NAN ST,1135712,256/258 TAI NAN ST,TOW,TOW,2,2,821037.9,834735.1,22.32837462,114.16199526,2025/07/30 11:44:47+00
12709822.1491266,2544487.01429415,1604,Statutory Notices issued on prescribed inspection/repair for buildings,就樓宇訂明檢驗／訂明修葺所發出的法定通知,1981731,257 QUEEN'S RD E,1981731,257 QUEEN'S RD E,TOW,TOW,1,1,815046.9,836000.1,22.2742735,114.17427519,2025/07/30 11:44:47+00
12708381.3476853,2551170.91630176,1605,Statutory Notices issued on prescribed inspection/repair for buildings,就樓宇訂明檢驗／訂明修葺所發出的法定通知,293636,257/259 YU CHAU ST,293636,257/259 YU CHAU ST,TOW,TOW,2,2,821198.4,834666.8,22.32982405,114.16133153,2025/07/30 11:44:47+00
12707745.6192075,2545302.93581683,1606,Statutory Notices issued on prescribed inspection/repair for buildings,就樓宇訂明檢驗／訂明修葺所發出的法定通知,387379,26 D'AGUILAR ST,387379,26 D'AGUILAR ST,TOW,TOW,1,1,815798.1,834077.7,22.2810556,114.15562078,2025/07/30 11:44:47+00
12709023.0109999,2550603.24854033,1607,Statutory Notices issued on prescribed inspection/repair for buildings,就樓宇訂明檢驗／訂明修葺所發出的法定通知,246424,26 KI LUNG ST,246424,26 KI LUNG ST,TOW,TOW,1,1,820676,835260.6,22.32510682,114.16709571,2025/07/30 11:44:47+00
12708979.0218218,2550790.81776511,1608,Statutory Notices issued on prescribed inspection/repair for buildings,就樓宇訂明檢驗／訂明修葺所發出的法定通知,286987,26 POPLAR ST,286987,26 POPLAR ST,TOW,TOW,1,1,820848.6,835219.9,22.32666545,114.16670077,2025/07/30 11:44:47+00
12709621.3515019,2548391.47172261,1609,Statutory Notices issued on prescribed inspection/repair for buildings,就樓宇訂明檢驗／訂明修葺所發出的法定通知,50406,26/28 CHEONG LOK ST,50406,26/28 CHEONG LOK ST,TOW,TOW,4,4,818640.6,835814.3,22.30672612,114.17247072,2025/07/30 11:44:47+00
12707601.0610378,2545516.39409214,1610,Statutory Notices issued on prescribed inspection/repair for buildings,就樓宇訂明檢驗／訂明修葺所發出的法定通知,39231,26/28 COCHRANE ST,39231,26/28 COCHRANE ST,TOW,TOW,1,1,815994.6,833943.9,22.28282963,114.15432264,2025/07/30 11:44:47+00
12704662.1737139,2572369.53572161,1611,Statutory Notices issued on prescribed inspection/repair for buildings,就樓宇訂明檢驗／訂明修葺所發出的法定通知,1972579,26/28 SAN SHING AVE SHEUNG SHUI,1972579,26/28 SAN SHING AVE SHEUNG SHUI,TOW,TOW,5,5,840693,831231.2,22.50586299,114.12792168,2025/07/30 11:44:47+00
12709766.5193647,2544674.19241733,1612,Statutory Notices issued on prescribed inspection/repair for buildings,就樓宇訂明檢驗／訂明修葺所發出的法定通知,478228,26/28 STONE NULLAH LANE,478228,26/28 STONE NULLAH LANE,TOW,TOW,2,2,815219.2,835948.6,22.27582955,114.17377552,2025/07/30 11:44:47+00
12706332.2818764,2545987.77529648,1613,Statutory Notices issued on prescribed inspection/repair for buildings,就樓宇訂明檢驗／訂明修葺所發出的法定通知,366944,260/262 QUEEN'S RD W,366944,260/262 QUEEN'S RD W,TOW,TOW,8,8,816428.7,832769.4,22.28674801,114.14292488,2025/07/30 11:44:47+00
12708382.5631947,2550907.37555987,1614,Statutory Notices issued on prescribed inspection/repair for buildings,就樓宇訂明檢驗／訂明修葺所發出的法定通知,176168,261/263 LAI CHI KOK RD,176168,261/263 LAI CHI KOK RD,TOW,TOW,17,17,820955.9,834667.9,22.32763469,114.16134329,2025/07/30 11:44:47+00
12706321.3716359,2545988.20740847,1615,Statutory Notices issued on prescribed inspection/repair for buildings,就樓宇訂明檢驗／訂明修葺所發出的法定通知,367002,264/268 QUEEN'S RD W,367002,264/268 QUEEN'S RD W,TOW,TOW,2,2,816429.1,832759.3,22.28675143,114.14282675,2025/07/30 11:44:47+00
12711602.2002748,2549586.27685909,1616,Statutory Notices issued on prescribed inspection/repair for buildings,就樓宇訂明檢驗／訂明修葺所發出的法定通知,277263,269/271 TO KWA WAN RD,277263,269/271 TO KWA WAN RD,TOW,TOW,16,16,819740.2,837647.7,22.31665622,114.1902656,2025/07/30 11:44:47+00
12708858.9539806,2551090.32033546,1617,Statutory Notices issued on prescribed inspection/repair for buildings,就樓宇訂明檢驗／訂明修葺所發出的法定通知,7047,26A/26C FUK WA ST,7047,26A/26C FUK WA ST,TOW,TOW,1,1,821124.2,835108.8,22.32915472,114.16562194,2025/07/30 11:44:47+00
12707464.7394137,2545533.21256259,1618,Statutory Notices issued on prescribed inspection/repair for buildings,就樓宇訂明檢驗／訂明修葺所發出的法定通知,394163,26A/28 PEEL ST,394163,26A/28 PEEL ST,TOW,TOW,2,2,816010.1,833817.7,22.28296943,114.15309755,2025/07/30 11:44:47+00
12709040.4438325,2550022.5063436,1619,Statutory Notices issued on prescribed inspection/repair for buildings,就樓宇訂明檢驗／訂明修葺所發出的法定通知,59544,27 MONG KOK RD,59544,27 MONG KOK RD,TOW,TOW,1,1,820141.6,835276.7,22.3202816,114.1672529,2025/07/30 11:44:47+00
12709461.5657245,2548382.23023685,1620,Statutory Notices issued on prescribed inspection/repair for buildings,就樓宇訂明檢驗／訂明修葺所發出的法定通知,132436,27 NING PO ST,132436,27 NING PO ST,TOW,TOW,1,1,818632.1,835666.4,22.30664935,114.17103615,2025/07/30 11:44:47+00
12706204.6139149,2571584.35966683,1621,Statutory Notices issued on prescribed inspection/repair for buildings,就樓宇訂明檢驗／訂明修葺所發出的法定通知,1511562,27 WO TAI ST FANLING,1511562,27 WO TAI ST FANLING,TOW,TOW,6,6,839971,832656.7,22.49934666,114.14177796,2025/07/30 11:44:47+00
12706404.4603104,2545895.22654308,1622,Statutory Notices issued on prescribed inspection/repair for buildings,就樓宇訂明檢驗／訂明修葺所發出的法定通知,353000,27/29 EASTERN ST,353000,27/29 EASTERN ST,TOW,TOW,1,1,816343.5,832836.2,22.28597891,114.14357351,2025/07/30 11:44:47+00
12715961.6909216,2544948.24007468,1623,Statutory Notices issued on prescribed inspection/repair for buildings,就樓宇訂明檢驗／訂明修葺所發出的法定通知,500002,27/29 KAM WA ST,500002,27/29 KAM WA ST,TOW,TOW,1,1,815472.4,841684.1,22.2781072,114.2294273,2025/07/30 11:44:47+00
12707367.435884,2545403.5879118,1624,Statutory Notices issued on prescribed inspection/repair for buildings,就樓宇訂明檢驗／訂明修葺所發出的法定通知,392743,27/31 ELGIN ST,392743,27/31 ELGIN ST,TOW,TOW,1,1,815890.8,833727.6,22.28189257,114.15222434,2025/07/30 11:44:47+00
12703315.9183234,2555876.76651863,1625,Statutory Notices issued on prescribed inspection/repair for buildings,就樓宇訂明檢驗／訂明修葺所發出的法定通知,2060322,27/33 YI PEI SQUARE TSUEN WAN,2060322,27/33 YI PEI SQUARE TSUEN WAN,TOW,TOW,21,21,825529.1,829980.7,22.3689221,114.11582867,2025/07/30 11:44:47+00
12703474.016775,2556225.45844918,1626,Statutory Notices issued on prescribed inspection/repair for buildings,就樓宇訂明檢驗／訂明修葺所發出的法定通知,934778,27/37 TSUEN WAN MARKET ST TSUEN WAN,934778,27/37 TSUEN WAN MARKET ST TSUEN WAN,TOW,TOW,1,1,825849.8,830127.1,22.37181873,114.11724831,2025/07/30 11:44:47+00
12710865.9468986,2548697.88492422,1627,Statutory Notices issued on prescribed inspection/repair for buildings,就樓宇訂明檢驗／訂明修葺所發出的法定通知,1681796,271/273 CHATHAM RD N,1681796,271/273 CHATHAM RD N,TOW,TOW,4,4,818922.6,836966.3,22.3092726,114.1836516,2025/07/30 11:44:47+00
12708363.8684198,2550923.45764556,1628,Statutory Notices issued on prescribed inspection/repair for buildings,就樓宇訂明檢驗／訂明修葺所發出的法定通知,176277,271/273 LAI CHI KOK RD,176277,271/273 LAI CHI KOK RD,TOW,TOW,4,4,820970.7,834650.6,22.32776816,114.16117463,2025/07/30 11:44:47+00
12707964.2522771,2552065.8504939,1629,Statutory Notices issued on prescribed inspection/repair for buildings,就樓宇訂明檢驗／訂明修葺所發出的法定通知,736074,273 CASTLE PEAK RD,736074,273 CASTLE PEAK RD,TOW,TOW,7,7,822021.9,834280.9,22.33726061,114.15758554,2025/07/30 11:44:47+00
12715607.7691973,2545077.5311987,1630,Statutory Notices issued on prescribed inspection/repair for buildings,就樓宇訂明檢驗／訂明修葺所發出的法定通知,1436820,273 SHAU KEI WAN RD,1436820,273 SHAU KEI WAN RD,TOW,TOW,1,1,815591.3,841356.4,22.27918206,114.22624812,2025/07/30 11:44:47+00
12708353.6025811,2550931.38991382,1631,Statutory Notices issued on prescribed inspection/repair for buildings,就樓宇訂明檢驗／訂明修葺所發出的法定通知,176803,275/279 LAI CHI KOK RD,176803,275/279 LAI CHI KOK RD,TOW,TOW,1,1,820978,834641.1,22.32783351,114.16108251,2025/07/30 11:44:47+00
12707942.6311573,2552136.81796646,1632,Statutory Notices issued on prescribed inspection/repair for buildings,就樓宇訂明檢驗／訂明修葺所發出的法定通知,766883,276/278 CASTLE PEAK RD,766883,276/278 CASTLE PEAK RD,TOW,TOW,1,1,822087.2,834260.9,22.33785039,114.15739072,2025/07/30 11:44:47+00
12708323.7442259,2551270.13307924,1633,Statutory Notices issued on prescribed inspection/repair for buildings,就樓宇訂明檢驗／訂明修葺所發出的法定通知,299317,276/278 YU CHAU ST,299317,276/278 YU CHAU ST,TOW,TOW,1,1,821289.7,834613.5,22.33064888,114.16081455,2025/07/30 11:44:47+00
12703482.337804,2555954.66820144,1634,Statutory Notices issued on prescribed inspection/repair for buildings,就樓宇訂明檢驗／訂明修葺所發出的法定通知,1847906,277/279 SHA TSUI RD TSUEN WAN TSUEN WAN,1847906,277/279 SHA TSUI RD TSUEN WAN TSUEN WAN,TOW,TOW,1,1,825600.7,830134.7,22.36956974,114.11732366,2025/07/30 11:44:47+00
12709045.8461156,2550023.59338953,1635,Statutory Notices issued on prescribed inspection/repair for buildings,就樓宇訂明檢驗／訂明修葺所發出的法定通知,1068916,27A MONG KOK RD,1068916,27A MONG KOK RD,TOW,TOW,1,1,820142.6,835281.7,22.32028996,114.16730161,2025/07/30 11:44:47+00
12707649.5146809,2545093.0304154,1636,Statutory Notices issued on prescribed inspection/repair for buildings,就樓宇訂明檢驗／訂明修葺所發出的法定通知,305801,28 ARBUTHNOT RD,305801,28 ARBUTHNOT RD,TOW,TOW,1,1,815604.9,833988.7,22.27931038,114.15475781,2025/07/30 11:44:47+00
12707702.5049243,2552246.88196307,1637,Statutory Notices issued on prescribed inspection/repair for buildings,就樓宇訂明檢驗／訂明修葺所發出的法定通知,1392408,28/30 HING WAH ST,1392408,28/30 HING WAH ST,TOW,TOW,2,2,822188.5,834038.7,22.33876438,114.15523408,2025/07/30 11:44:47+00
12709015.2311005,2550607.05161955,1638,Statutory Notices issued on prescribed inspection/repair for buildings,就樓宇訂明檢驗／訂明修葺所發出的法定通知,226319,28/30 KI LUNG ST,226319,28/30 KI LUNG ST,TOW,TOW,18,18,820679.5,835253.4,22.32513875,114.16702667,2025/07/30 11:44:47+00
12708355.2709619,2550472.56634474,1639,Statutory Notices issued on prescribed inspection/repair for buildings,就樓宇訂明檢驗／訂明修葺所發出的法定通知,58894,28/30 LOK KWAN ST,58894,28/30 LOK KWAN ST,TOW,TOW,2,2,820555.8,834642.6,22.32402141,114.16109743,2025/07/30 11:44:47+00
12707195.8485835,2545726.22522707,1640,Statutory Notices issued on prescribed inspection/repair for buildings,就樓宇訂明檢驗／訂明修葺所發出的法定通知,347016,280/282 QUEEN'S RD C,347016,280/282 QUEEN'S RD C,TOW,TOW,2,2,816187.8,833568.8,22.28457392,114.15068261,2025/07/30 11:44:47+00
12707943.286542,2552082.04158979,1641,Statutory Notices issued on prescribed inspection/repair for buildings,就樓宇訂明檢驗／訂明修葺所發出的法定通知,739119,281/283 CASTLE PEAK RD,739119,281/283 CASTLE PEAK RD,TOW,TOW,3,3,822036.8,834261.5,22.33739519,114.15739654,2025/07/30 11:44:47+00
12711277.3050535,2549496.86975366,1642,Statutory Notices issued on prescribed inspection/repair for buildings,就樓宇訂明檢驗／訂明修葺所發出的法定通知,211778,284/286 MA TAU WAI RD,211778,284/286 MA TAU WAI RD,TOW,TOW,4,4,819657.9,837347,22.31591339,114.18734714,2025/07/30 11:44:47+00
12709340.5419275,2548886.8484709,1643,Statutory Notices issued on prescribed inspection/repair for buildings,就樓宇訂明檢驗／訂明修葺所發出的法定通知,218952,286/288 SHANGHAI ST,218952,286/288 SHANGHAI ST,TOW,TOW,1,1,819096.5,835554.4,22.31084327,114.16994864,2025/07/30 11:44:47+00
12711280.1151777,2549511.10491834,1644,Statutory Notices issued on prescribed inspection/repair for buildings,就樓宇訂明檢驗／訂明修葺所發出的法定通知,211882,288 MA TAU WAI RD,211882,288 MA TAU WAI RD,TOW,TOW,3,3,819671,837349.6,22.31603106,114.18737172,2025/07/30 11:44:47+00
12706209.5891852,2571589.80123426,1645,Statutory Notices issued on prescribed inspection/repair for buildings,就樓宇訂明檢驗／訂明修葺所發出的法定通知,1511581,29 WO TAI ST FANLING,1511581,29 WO TAI ST FANLING,TOW,TOW,6,6,839976,832661.3,22.49939182,114.1418232,2025/07/30 11:44:47+00
12707177.5059121,2545606.93256406,1646,Statutory Notices issued on prescribed inspection/repair for buildings,就樓宇訂明檢驗／訂明修葺所發出的法定通知,596257,29/31 BRIDGES ST,596257,29/31 BRIDGES ST,TOW,TOW,2,2,816078,833551.8,22.28358226,114.15051723,2025/07/30 11:44:47+00
12706296.9952018,2571624.74895192,1647,Statutory Notices issued on prescribed inspection/repair for buildings,就樓宇訂明檢驗／訂明修葺所發出的法定通知,1566164,29/31 LUEN CHEONG ST FANLING,1566164,29/31 LUEN CHEONG ST FANLING,TOW,TOW,2,2,840008.1,832742.1,22.49968181,114.14260773,2025/07/30 11:44:47+00
12707276.2013146,2545163.15226037,1648,Statutory Notices issued on prescribed inspection/repair for buildings,就樓宇訂明檢驗／訂明修葺所發出的法定通知,487031,29/31 MOSQUE JUNCTION,487031,29/31 MOSQUE JUNCTION,TOW,TOW,2,2,815669.5,833643.1,22.27989334,114.15140473,2025/07/30 11:44:47+00
12704691.3828908,2572376.61813973,1649,Statutory Notices issued on prescribed inspection/repair for buildings,就樓宇訂明檢驗／訂明修葺所發出的法定通知,1970930,29/31 SAN SHING AVE SHEUNG SHUI,1970930,29/31 SAN SHING AVE SHEUNG SHUI,TOW,TOW,5,5,840699.5,831258.2,22.50592233,114.12818407,2025/07/30 11:44:47+00
12704163.1730444,2555932.2050431,1650,Statutory Notices issued on prescribed inspection/repair for buildings,就樓宇訂明檢驗／訂明修葺所發出的法定通知,1571922,29/31 TAI HA ST KWAI CHUNG,1571922,29/31 TAI HA ST KWAI CHUNG,TOW,TOW,1,1,825579.8,830764.6,22.36938253,114.12343944,2025/07/30 11:44:47+00
12709339.2450062,2548896.62808069,1651,Statutory Notices issued on prescribed inspection/repair for buildings,就樓宇訂明檢驗／訂明修葺所發出的法定通知,219017,290/292 SHANGHAI ST,219017,290/292 SHANGHAI ST,TOW,TOW,3,3,819105.5,835553.2,22.3109247,114.16993654,2025/07/30 11:44:47+00
12709153.926423,2549433.63963572,1652,Statutory Notices issued on prescribed inspection/repair for buildings,就樓宇訂明檢驗／訂明修葺所發出的法定通知,287143,291 RECLAMATION ST,287143,291 RECLAMATION ST,TOW,TOW,1,1,819599.7,835381.7,22.31538763,114.16827178,2025/07/30 11:44:47+00
12708392.7138814,2550969.10457577,1653,Statutory Notices issued on prescribed inspection/repair for buildings,就樓宇訂明檢驗／訂明修葺所發出的法定通知,279654,294 LAI CHI KOK RD,279654,294 LAI CHI KOK RD,TOW,TOW,1,1,821012.7,834677.3,22.32814719,114.16143363,2025/07/30 11:44:47+00
12707904.2539313,2552257.34351539,1654,Statutory Notices issued on prescribed inspection/repair for buildings,就樓宇訂明檢驗／訂明修葺所發出的法定通知,1798471,296 SHUN NING RD,1798471,296 SHUN NING RD,TOW,TOW,1,1,822198.1,834225.4,22.33885189,114.15704596,2025/07/30 11:44:47+00
12708382.7722877,2550976.05883022,1655,Statutory Notices issued on prescribed inspection/repair for buildings,就樓宇訂明檢驗／訂明修葺所發出的法定通知,279668,298/300 LAI CHI KOK RD,279668,298/300 LAI CHI KOK RD,TOW,TOW,29,29,821019.1,834668.1,22.32820503,114.16134505,2025/07/30 11:44:47+00
12709302.5107615,2548911.40453047,1656,Statutory Notices issued on prescribed inspection/repair for buildings,就樓宇訂明檢驗／訂明修葺所發出的法定通知,216381,299/301 SHANGHAI ST,216381,299/301 SHANGHAI ST,TOW,TOW,3,3,819119.1,835519.2,22.31104776,114.16960683,2025/07/30 11:44:47+00
12708285.6027423,2551252.19708135,1657,Statutory Notices issued on prescribed inspection/repair for buildings,就樓宇訂明檢驗／訂明修葺所發出的法定通知,294429,299/301 YU CHAU ST,294429,299/301 YU CHAU ST,TOW,TOW,3,3,821273.2,834578.2,22.33050007,114.16047184,2025/07/30 11:44:47+00
12711511.8888666,2551047.92385057,1658,Statutory Notices issued on prescribed inspection/repair for buildings,就樓宇訂明檢驗／訂明修葺所發出的法定通知,1189813,29A/29B NGA TSIN WAI RD,1189813,29A/29B NGA TSIN WAI RD,TOW,TOW,9,9,821085.2,837564,22.32880215,114.18945445,2025/07/30 11:44:47+00
12706378.2099325,2545901.41341678,1659,Statutory Notices issued on prescribed inspection/repair for buildings,就樓宇訂明檢驗／訂明修葺所發出的法定通知,647705,2B/4 SECOND ST,647705,2B/4 SECOND ST,TOW,TOW,2,2,816349.2,832811.9,22.2860305,114.14333728,2025/07/30 11:44:47+00
12712602.8919807,2546565.68761825,1660,Statutory Notices issued on prescribed inspection/repair for buildings,就樓宇訂明檢驗／訂明修葺所發出的法定通知,603361,2K/2J MARBLE RD,603361,2K/2J MARBLE RD,TOW,TOW,2,2,816960.4,838574.3,22.29155176,114.19925458,2025/07/30 11:44:47+00
12708609.4746671,2550898.0513383,1661,Statutory Notices issued on prescribed inspection/repair for buildings,就樓宇訂明檢驗／訂明修葺所發出的法定通知,287590,2P/2Q SHEK KIP MEI ST,287590,2P/2Q SHEK KIP MEI ST,TOW,TOW,1,1,820947.3,834877.9,22.3275567,114.16338168,2025/07/30 11:44:47+00
12707085.1269156,2545130.41843991,1662,Statutory Notices issued on prescribed inspection/repair for buildings,就樓宇訂明檢驗／訂明修葺所發出的法定通知,1735876,3 21/25 CONDUIT RD,1735876,3 21/25 CONDUIT RD,POD,POD,1,1,815639.4,833466.2,22.27962133,114.14968822,2025/07/30 11:44:47+00
12707316.4918991,2545814.35538843,1663,Statutory Notices issued on prescribed inspection/repair for buildings,就樓宇訂明檢驗／訂明修葺所發出的法定通知,46962,3 BURD ST,46962,3 BURD ST,TOW,TOW,1,1,816268.9,833680.5,22.28530675,114.15176625,2025/07/30 11:44:47+00
12703565.8764626,2556261.58640626,1664,Statutory Notices issued on prescribed inspection/repair for buildings,就樓宇訂明檢驗／訂明修葺所發出的法定通知,5285152,3 CHUNG ON ST TSUEN WAN,5285152,3 CHUNG ON ST TSUEN WAN,TOW,TOW,1,1,825883,830212.1,22.37211877,114.11807434,2025/07/30 11:44:47+00
12711013.550202,2545092.64304342,1665,Statutory Notices issued on prescribed inspection/repair for buildings,就樓宇訂明檢驗／訂明修葺所發出的法定通知,540749,3 FUK HING LANE,540749,3 FUK HING LANE,TOW,TOW,1,1,815604.4,837103.1,22.27930753,114.18497775,2025/07/30 11:44:47+00
12709272.455512,2544939.24948123,1666,Statutory Notices issued on prescribed inspection/repair for buildings,就樓宇訂明檢驗／訂明修葺所發出的法定通知,834156,3 HENNESSY RD,834156,3 HENNESSY RD,TOW,TOW,1,1,815463.2,835491.2,22.27803251,114.16933706,2025/07/30 11:44:47+00
12709457.8592086,2549249.03092654,1667,Statutory Notices issued on prescribed inspection/repair for buildings,就樓宇訂明檢驗／訂明修葺所發出的法定通知,75527,3 TUNG FONG ST,75527,3 TUNG FONG ST,TOW,TOW,36,36,819429.8,835663,22.31385323,114.17100248,2025/07/30 11:44:47+00
12709245.1301229,2549135.79247973,1668,Statutory Notices issued on prescribed inspection/repair for buildings,就樓宇訂明檢驗／訂明修葺所發出的法定通知,115139,3 WATERLOO RD,115139,3 WATERLOO RD,TOW,TOW,1,1,819325.6,835466.1,22.31291192,114.16909179,2025/07/30 11:44:47+00
12711144.714317,2550910.47524567,1669,Statutory Notices issued on prescribed inspection/repair for buildings,就樓宇訂明檢驗／訂明修葺所發出的法定通知,270100,3/3A GRAMPIAN RD,270100,3/3A GRAMPIAN RD,TOW,TOW,2,2,820958.7,837224.2,22.32765972,114.18615594,2025/07/30 11:44:47+00
12710738.5614399,2548484.04522165,1670,Statutory Notices issued on prescribed inspection/repair for buildings,就樓宇訂明檢驗／訂明修葺所發出的法定通知,1663688,3/4 WA FUNG ST,1663688,3/4 WA FUNG ST,TOW,TOW,3,3,818725.8,836848.4,22.30749569,114.18250759,2025/07/30 11:44:47+00
12709018.9587708,2549769.4139797,1671,Statutory Notices issued on prescribed inspection/repair for buildings,就樓宇訂明檢驗／訂明修葺所發出的法定通知,5246619,3/5 NAM TAU ST,5246619,3/5 NAM TAU ST,TOW,TOW,12,12,819908.7,835256.8,22.31817783,114.16705993,2025/07/30 11:44:47+00
12711115.6607584,2543883.42073066,1672,Statutory Notices issued on prescribed inspection/repair for buildings,就樓宇訂明檢驗／訂明修葺所發出的法定通知,437194,3/5 YUEN YUEN ST,437194,3/5 YUEN YUEN ST,TOW,TOW,14,14,814491.3,837197.7,22.26925562,114.18589503,2025/07/30 11:44:47+00
12709810.8621009,2547567.85460258,1673,Statutory Notices issued on prescribed inspection/repair for buildings,就樓宇訂明檢驗／訂明修葺所發出的法定通知,111427,30/30A GRANVILLE RD,111427,30/30A GRANVILLE RD,TOW,TOW,2,2,817882.6,835989.7,22.29988155,114.17417374,2025/07/30 11:44:47+00
12706303.1350546,2545903.67803347,1674,Statutory Notices issued on prescribed inspection/repair for buildings,就樓宇訂明檢驗／訂明修葺所發出的法定通知,649679,30/32 SECOND ST,649679,30/32 SECOND ST,TOW,TOW,2,2,816351.3,832742.4,22.28604891,114.14266313,2025/07/30 11:44:47+00
12710931.5078397,2543891.46953659,1675,Statutory Notices issued on prescribed inspection/repair for buildings,就樓宇訂明檢驗／訂明修葺所發出的法定通知,442235,30/32 YIK YAM ST,442235,30/32 YIK YAM ST,TOW,TOW,11,11,814498.7,837027.2,22.269322,114.18424006,2025/07/30 11:44:47+00
12709392.8327152,2548897.71708657,1676,Statutory Notices issued on prescribed inspection/repair for buildings,就樓宇訂明檢驗／訂明修葺所發出的法定通知,1109,30/34 TEMPLE ST,1109,30/34 TEMPLE ST,TOW,TOW,1,1,819106.5,835602.8,22.31093404,114.17041873,2025/07/30 11:44:47+00
12709147.3341305,2549462.76188834,1677,Statutory Notices issued on prescribed inspection/repair for buildings,就樓宇訂明檢驗／訂明修葺所發出的法定通知,287290,301/303A RECLAMATION ST,287290,301/303A RECLAMATION ST,TOW,TOW,1,1,819626.5,835375.6,22.31562988,114.16821323,2025/07/30 11:44:47+00
12707144.5305813,2545775.97472528,1678,Statutory Notices issued on prescribed inspection/repair for buildings,就樓宇訂明檢驗／訂明修葺所發出的法定通知,348457,304/306 QUEEN'S RD C,348457,304/306 QUEEN'S RD C,TOW,TOW,2,2,816233.6,833521.3,22.28498769,114.15022174,2025/07/30 11:44:47+00
12708282.1731246,2550991.80619984,1679,Statutory Notices issued on prescribed inspection/repair for buildings,就樓宇訂明檢驗／訂明修葺所發出的法定通知,278464,305 LAI CHI KOK RD,278464,305 LAI CHI KOK RD,TOW,TOW,2,2,821033.6,834575,22.32833606,114.16044099,2025/07/30 11:44:47+00
12709145.3887734,2549472.86777535,1680,Statutory Notices issued on prescribed inspection/repair for buildings,就樓宇訂明檢驗／訂明修葺所發出的法定通知,287327,305/307 RECLAMATION ST,287327,305/307 RECLAMATION ST,TOW,TOW,1,1,819635.8,835373.8,22.31571369,114.16819563,2025/07/30 11:44:47+00
12706215.0774534,2545993.83252596,1681,Statutory Notices issued on prescribed inspection/repair for buildings,就樓宇訂明檢驗／訂明修葺所發出的法定通知,365014,308/310 QUEEN'S RD W,365014,308/310 QUEEN'S RD W,TOW,TOW,1,1,816434.3,832660.9,22.28679828,114.14187248,2025/07/30 11:44:47+00
12709143.4434078,2549483.08233486,1682,Statutory Notices issued on prescribed inspection/repair for buildings,就樓宇訂明檢驗／訂明修葺所發出的法定通知,287423,309/311A RECLAMATION ST,287423,309/311A RECLAMATION ST,TOW,TOW,1,1,819645.2,835372,22.31579835,114.16817803,2025/07/30 11:44:47+00
12707411.931723,2545449.87619478,1683,Statutory Notices issued on prescribed inspection/repair for buildings,就樓宇訂明檢驗／訂明修葺所發出的法定通知,390019,31 STAUNTON ST,390019,31 STAUNTON ST,TOW,TOW,5,5,815933.4,833768.8,22.2822771,114.15262402,2025/07/30 11:44:47+00
12708701.3893998,2551355.26432814,1684,Statutory Notices issued on prescribed inspection/repair for buildings,就樓宇訂明檢驗／訂明修葺所發出的法定通知,188432,31 UN CHAU ST,188432,31 UN CHAU ST,TOW,TOW,5,5,821368,834963,22.3313561,114.16420699,2025/07/30 11:44:47+00
12706213.3746949,2571594.04563465,1685,Statutory Notices issued on prescribed inspection/repair for buildings,就樓宇訂明檢驗／訂明修葺所發出的法定通知,1511589,31 WO TAI ST FANLING,1511589,31 WO TAI ST FANLING,TOW,TOW,6,6,839979.9,832664.8,22.49942739,114.14185629,2025/07/30 11:44:47+00
12708075.7758417,2551121.65108732,1686,Statutory Notices issued on prescribed inspection/repair for buildings,就樓宇訂明檢驗／訂明修葺所發出的法定通知,1273970,31/33 YEN CHOW ST,1273970,31/33 YEN CHOW ST,TOW,TOW,1,1,821153.1,834384,22.32941506,114.15858701,2025/07/30 11:44:47+00
12706260.1078734,2545582.30227284,1687,Statutory Notices issued on prescribed inspection/repair for buildings,就樓宇訂明檢驗／訂明修葺所發出的法定通知,45924,31/33A LYTTELTON RD,45924,31/33A LYTTELTON RD,TOW,TOW,1,1,816055.5,832702.5,22.2833781,114.1422769,2025/07/30 11:44:47+00
12710235.5132236,2544942.09434964,1688,Statutory Notices issued on prescribed inspection/repair for buildings,就樓宇訂明檢驗／訂明修葺所發出的法定通知,1883067,310/312 HENNESSY RD,1883067,310/312 HENNESSY RD,TOW,TOW,1,1,815465.8,836382.8,22.27805638,114.17798819,2025/07/30 11:44:47+00
12709167.7233344,2550020.66659273,1689,Statutory Notices issued on prescribed inspection/repair for buildings,就樓宇訂明檢驗／訂明修葺所發出的法定通知,102310,311 PORTLAND ST,102310,311 PORTLAND ST,TOW,TOW,11,11,820139.9,835394.5,22.32026597,114.16839614,2025/07/30 11:44:47+00
12708304.2070495,2551075.48958435,1690,Statutory Notices issued on prescribed inspection/repair for buildings,就樓宇訂明檢驗／訂明修葺所發出的法定通知,1134041,311/313 TAI NAN ST,1134041,311/313 TAI NAN ST,TOW,TOW,1,1,821110.6,834595.4,22.32903144,114.16063859,2025/07/30 11:44:47+00
12707865.3592011,2552202.01806704,1691,Statutory Notices issued on prescribed inspection/repair for buildings,就樓宇訂明檢驗／訂明修葺所發出的法定通知,772330,312 CASTLE PEAK RD,772330,312 CASTLE PEAK RD,TOW,TOW,6,6,822147.2,834189.4,22.33839214,114.15669687,2025/07/30 11:44:47+00
12709196.6062155,2549383.43819549,1692,Statutory Notices issued on prescribed inspection/repair for buildings,就樓宇訂明檢驗／訂明修葺所發出的法定通知,211623,312/314 RECLAMATION ST,211623,312/314 RECLAMATION ST,TOW,TOW,1,1,819553.5,835421.2,22.31497038,114.16865548,2025/07/30 11:44:47+00
12708336.845574,2551015.50354611,1693,Statutory Notices issued on prescribed inspection/repair for buildings,就樓宇訂明檢驗／訂明修葺所發出的法定通知,279824,314 LAI CHI KOK RD,279824,314 LAI CHI KOK RD,TOW,TOW,1,1,821055.4,834625.6,22.32853318,114.16093235,2025/07/30 11:44:47+00
12709487.9287122,2548325.61959556,1694,Statutory Notices issued on prescribed inspection/repair for buildings,就樓宇訂明檢驗／訂明修葺所發出的法定通知,1176330,315 NATHAN RD,1176330,315 NATHAN RD,TOW,TOW,1,1,818580,835690.8,22.30617948,114.17127271,2025/07/30 11:44:47+00
12707948.8210624,2551053.27735383,1695,Statutory Notices issued on prescribed inspection/repair for buildings,就樓宇訂明檢驗／訂明修葺所發出的法定通知,1277569,318 TUNG CHAU ST,1277569,318 TUNG CHAU ST,TOW,TOW,1,1,821090.2,834266.5,22.3288464,114.15744664,2025/07/30 11:44:47+00
12708254.07671,2551015.2772116,1696,Statutory Notices issued on prescribed inspection/repair for buildings,就樓宇訂明檢驗／訂明修葺所發出的法定通知,279409,319/319A LAI CHI KOK RD,279409,319/319A LAI CHI KOK RD,TOW,TOW,1,1,821055.2,834549,22.32853096,114.16018856,2025/07/30 11:44:47+00
12706247.901665,2546056.31087278,1697,Statutory Notices issued on prescribed inspection/repair for buildings,就樓宇訂明檢驗／訂明修葺所發出的法定通知,35693,32 CENTRE ST,35693,32 CENTRE ST,TOW,TOW,6,6,816491.8,832691.3,22.2873179,114.14216679,2025/07/30 11:44:47+00
12707403.6179454,2545427.3861559,1698,Statutory Notices issued on prescribed inspection/repair for buildings,就樓宇訂明檢驗／訂明修葺所發出的法定通知,390851,32 STAUNTON ST,390851,32 STAUNTON ST,TOW,TOW,1,1,815912.7,833761.1,22.28209027,114.15254916,2025/07/30 11:44:47+00
12711365.5194431,2550177.89198908,1699,Statutory Notices issued on prescribed inspection/repair for buildings,就樓宇訂明檢驗／訂明修葺所發出的法定通知,1379296,32/32A TAM KUNG RD,1379296,32/32A TAM KUNG RD,TOW,TOW,1,1,820284.6,837428.6,22.32157212,114.18813922,2025/07/30 11:44:47+00
12709007.5589089,2550616.07105222,1700,Statutory Notices issued on prescribed inspection/repair for buildings,就樓宇訂明檢驗／訂明修葺所發出的法定通知,226340,32/34A KI LUNG ST,226340,32/34A KI LUNG ST,TOW,TOW,1,1,820687.8,835246.3,22.32521408,114.16695688,2025/07/30 11:44:47+00
12709970.609047,2551470.0879919,1701,Statutory Notices issued on prescribed inspection/repair for buildings,就樓宇訂明檢驗／訂明修葺所發出的法定通知,1842504,32/34A TAT CHEE AVE,1842504,32/34A TAT CHEE AVE,TOW,TOW,1,1,821473.6,836137.6,22.33230988,114.17560853,2025/07/30 11:44:47+00
12708752.1524455,2550295.79313625,1702,Statutory Notices issued on prescribed inspection/repair for buildings,就樓宇訂明檢驗／訂明修葺所發出的法定通知,5042688,32/38A BEDFORD RD,5042688,32/38A BEDFORD RD,TOW,TOW,1,1,820393.1,835009.9,22.32255245,114.16466276,2025/07/30 11:44:47+00
12709140.3818629,2550118.14245345,1703,Statutory Notices issued on prescribed inspection/repair for buildings,就樓宇訂明檢驗／訂明修葺所發出的法定通知,102389,321/325 PORTLAND ST,102389,321/325 PORTLAND ST,TOW,TOW,18,18,820229.6,835369.2,22.32107594,114.16815089,2025/07/30 11:44:47+00
12710257.2253161,2545072.67742983,1704,Statutory Notices issued on prescribed inspection/repair for buildings,就樓宇訂明檢驗／訂明修葺所發出的法定通知,652849,323 LOCKHART RD,652849,323 LOCKHART RD,TOW,TOW,1,1,815586,836402.9,22.27914189,114.17818306,2025/07/30 11:44:47+00
12707845.2648848,2552164.51940122,1705,Statutory Notices issued on prescribed inspection/repair for buildings,就樓宇訂明檢驗／訂明修葺所發出的法定通知,743873,325/327 CASTLE PEAK RD,743873,325/327 CASTLE PEAK RD,TOW,TOW,1,1,822112.7,834170.8,22.33808038,114.15651602,2025/07/30 11:44:47+00
12703620.8254333,2555874.71385007,1706,Statutory Notices issued on prescribed inspection/repair for buildings,就樓宇訂明檢驗／訂明修葺所發出的法定通知,1853552,325/331 SHA TSUI RD TSUEN WAN TSUEN WAN,1853552,325/331 SHA TSUI RD TSUEN WAN TSUEN WAN,TOW,TOW,1,1,825527.1,830262.8,22.36890517,114.11856788,2025/07/30 11:44:47+00
12709181.22449,2550106.84300864,1707,Statutory Notices issued on prescribed inspection/repair for buildings,就樓宇訂明檢驗／訂明修葺所發出的法定通知,107842,326/330 PORTLAND ST,107842,326/330 PORTLAND ST,TOW,TOW,1,1,820219.2,835407,22.32098194,114.16851743,2025/07/30 11:44:47+00
12709185.4745992,2549442.00872324,1708,Statutory Notices issued on prescribed inspection/repair for buildings,就樓宇訂明檢驗／訂明修葺所發出的法定通知,289047,326/332 RECLAMATION ST,289047,326/332 RECLAMATION ST,TOW,TOW,1,1,819607.4,835410.9,22.31545754,114.16855592,2025/07/30 11:44:47+00
12707837.5917838,2552170.38728593,1709,Statutory Notices issued on prescribed inspection/repair for buildings,就樓宇訂明檢驗／訂明修葺所發出的法定通知,744008,329/331 CASTLE PEAK RD,744008,329/331 CASTLE PEAK RD,TOW,TOW,1,1,822118.1,834163.7,22.33812906,114.15644714,2025/07/30 11:44:47+00
12703167.2766797,2555938.66861111,1710,Statutory Notices issued on prescribed inspection/repair for buildings,就樓宇訂明檢驗／訂明修葺所發出的法定通知,1001245,33 HO PUI ST TSUEN WAN,1001245,33 HO PUI ST TSUEN WAN,TOW,TOW,1,1,825586.1,829843.2,22.36943663,114.11449283,2025/07/30 11:44:47+00
12709000.8627323,2550570.64495647,1711,Statutory Notices issued on prescribed inspection/repair for buildings,就樓宇訂明檢驗／訂明修葺所發出的法定通知,224079,33 KI LUNG ST,224079,33 KI LUNG ST,TOW,TOW,1,1,820646,835240.1,22.32483584,114.16689753,2025/07/30 11:44:47+00
12704990.3970405,2545423.01962421,1712,Statutory Notices issued on prescribed inspection/repair for buildings,就樓宇訂明檢驗／訂明修葺所發出的法定通知,382643,33 SANDS ST,382643,33 SANDS ST,TOW,TOW,1,1,815909.2,831527,22.28205336,114.1308707,2025/07/30 11:44:47+00
12706218.4581565,2571599.48722796,1713,Statutory Notices issued on prescribed inspection/repair for buildings,就樓宇訂明檢驗／訂明修葺所發出的法定通知,1511597,33 WO TAI ST FANLING,1511597,33 WO TAI ST FANLING,TOW,TOW,6,6,839984.9,832669.5,22.49947283,114.14190214,2025/07/30 11:44:47+00
12709178.1863176,2548374.28473396,1714,Statutory Notices issued on prescribed inspection/repair for buildings,就樓宇訂明檢驗／訂明修葺所發出的法定通知,12928,33/35 BATTERY ST,12928,33/35 BATTERY ST,TOW,TOW,1,1,818624.8,835404.1,22.30658348,114.16849007,2025/07/30 11:44:47+00
12706287.4728411,2571633.56022304,1715,Statutory Notices issued on prescribed inspection/repair for buildings,就樓宇訂明檢驗／訂明修葺所發出的法定通知,1566240,33/35 LUEN CHEONG ST FANLING,1566240,33/35 LUEN CHEONG ST FANLING,TOW,TOW,2,2,840016.2,832733.3,22.4997552,114.14252253,2025/07/30 11:44:47+00
12708788.6707652,2565514.15308282,1716,Statutory Notices issued on prescribed inspection/repair for buildings,就樓宇訂明檢驗／訂明修葺所發出的法定通知,1648615,33/35 TSING YUEN ST TAI PO,1648615,33/35 TSING YUEN ST TAI PO,TOW,TOW,1,1,834390.8,835044.8,22.44895916,114.16499148,2025/07/30 11:44:47+00
12709548.4898734,2549752.81379019,1717,Statutory Notices issued on prescribed inspection/repair for buildings,就樓宇訂明檢驗／訂明修葺所發出的法定通知,63799,33/37 SAI YEE ST,63799,33/37 SAI YEE ST,TOW,TOW,5,5,819893.4,835746.9,22.31803958,114.17181635,2025/07/30 11:44:47+00
12711276.9932251,2549674.43231388,1718,Statutory Notices issued on prescribed inspection/repair for buildings,就樓宇訂明檢驗／訂明修葺所發出的法定通知,1782038,330/332 MA TAU WAI RD,1782038,330/332 MA TAU WAI RD,TOW,TOW,17,17,819821.3,837346.7,22.31738848,114.18734361,2025/07/30 11:44:47+00
12703634.2299929,2555869.28369327,1719,Statutory Notices issued on prescribed inspection/repair for buildings,就樓宇訂明檢驗／訂明修葺所發出的法定通知,1852820,333/335 SHA TSUI RD TSUEN WAN TSUEN WAN,1852820,333/335 SHA TSUI RD TSUEN WAN TSUEN WAN,TOW,TOW,1,1,825522.1,830275.2,22.36885979,114.11868837,2025/07/30 11:44:47+00
12709314.7137681,2549028.87034687,1720,Statutory Notices issued on prescribed inspection/repair for buildings,就樓宇訂明檢驗／訂明修葺所發出的法定通知,220262,336/338 SHANGHAI ST,220262,336/338 SHANGHAI ST,TOW,TOW,2,2,819227.2,835530.5,22.3120239,114.1697163,2025/07/30 11:44:47+00
12703649.5814787,2555860.15823304,1721,Statutory Notices issued on prescribed inspection/repair for buildings,就樓宇訂明檢驗／訂明修葺所發出的法定通知,1852860,337/339 SHA TSUI RD TSUEN WAN TSUEN WAN,1852860,337/339 SHA TSUI RD TSUEN WAN TSUEN WAN,TOW,TOW,1,1,825513.7,830289.4,22.3687838,114.11882559,2025/07/30 11:44:47+00
12711277.1027985,2549696.49191808,1722,Statutory Notices issued on prescribed inspection/repair for buildings,就樓宇訂明檢驗／訂明修葺所發出的法定通知,1782368,338/342 MA TAU WAI RD,1782368,338/342 MA TAU WAI RD,TOW,TOW,1,1,819841.6,837346.8,22.31757173,114.18734486,2025/07/30 11:44:47+00
12709280.8968514,2549032.67194515,1723,Statutory Notices issued on prescribed inspection/repair for buildings,就樓宇訂明檢驗／訂明修葺所發出的法定通知,214118,339/345 SHANGHAI ST,214118,339/345 SHANGHAI ST,TOW,TOW,2,2,819230.7,835499.2,22.31205532,114.16941251,2025/07/30 11:44:47+00
12709330.6980396,2549154.05232683,1724,Statutory Notices issued on prescribed inspection/repair for buildings,就樓宇訂明檢驗／訂明修葺所發出的法定通知,99254,33C PORTLAND ST,99254,33C PORTLAND ST,TOW,TOW,4,4,819342.4,835545.3,22.31306385,114.16986029,2025/07/30 11:44:47+00
12708392.9467198,2550804.24359864,1725,Statutory Notices issued on prescribed inspection/repair for buildings,就樓宇訂明檢驗／訂明修葺所發出的法定通知,291982,34 NAM CHEONG ST,291982,34 NAM CHEONG ST,TOW,TOW,1,1,820861,834677.5,22.32677732,114.16143625,2025/07/30 11:44:47+00
12707020.5293737,2545745.20630747,1726,Statutory Notices issued on prescribed inspection/repair for buildings,就樓宇訂明檢驗／訂明修葺所發出的法定通知,456510,34 TUNG ST,456510,34 TUNG ST,TOW,TOW,1,1,816205.3,833406.5,22.28473224,114.14910799,2025/07/30 11:44:47+00
12707354.7774633,2545528.8491664,1727,Statutory Notices issued on prescribed inspection/repair for buildings,就樓宇訂明檢驗／訂明修葺所發出的法定通知,332286,34/36A ABERDEEN ST,332286,34/36A ABERDEEN ST,TOW,TOW,1,1,816006.1,833715.9,22.28293312,114.15211065,2025/07/30 11:44:47+00
12715611.6291897,2544989.75005213,1728,Statutory Notices issued on prescribed inspection/repair for buildings,就樓宇訂明檢驗／訂明修葺所發出的法定通知,1449918,348/350 SHAU KEI WAN RD,1449918,348/350 SHAU KEI WAN RD,TOW,TOW,1,1,815510.5,841360,22.27845258,114.22628313,2025/07/30 11:44:47+00
12708998.485485,2550572.70959865,1729,Statutory Notices issued on prescribed inspection/repair for buildings,就樓宇訂明檢驗／訂明修葺所發出的法定通知,5283070,35 KI LUNG ST,5283070,35 KI LUNG ST,TOW,TOW,1,1,820647.9,835237.9,22.32485317,114.16687582,2025/07/30 11:44:47+00
12706222.2436455,2571603.84043679,1730,Statutory Notices issued on prescribed inspection/repair for buildings,就樓宇訂明檢驗／訂明修葺所發出的法定通知,1511608,35 WO TAI ST FANLING,1511608,35 WO TAI ST FANLING,TOW,TOW,6,6,839988.9,832673,22.49950868,114.14193614,2025/07/30 11:44:47+00
12708858.9715678,2550852.31942284,1731,Statutory Notices issued on prescribed inspection/repair for buildings,就樓宇訂明檢驗／訂明修葺所發出的法定通知,19851,35/37 APLIU ST,19851,35/37 APLIU ST,POD,POD,1,1,820905.2,835108.8,22.32717703,114.16562301,2025/07/30 11:44:47+00
12708858.9715678,2550852.31942284,1732,Statutory Notices issued on prescribed inspection/repair for buildings,就樓宇訂明檢驗／訂明修葺所發出的法定通知,19859,35/37 APLIU ST,19859,35/37 APLIU ST,TOW,TOW,1,1,820905.2,835108.8,22.32717703,114.16562301,2025/07/30 11:44:47+00
12709837.4371783,2547607.51401909,1733,Statutory Notices issued on prescribed inspection/repair for buildings,就樓宇訂明檢驗／訂明修葺所發出的法定通知,108050,35/37 GRANVILLE RD,108050,35/37 GRANVILLE RD,TOW,TOW,4,4,817919.1,836014.3,22.30021117,114.1744118,2025/07/30 11:44:47+00
12704993.0999431,2545414.87238285,1734,Statutory Notices issued on prescribed inspection/repair for buildings,就樓宇訂明檢驗／訂明修葺所發出的法定通知,382732,35/37 SANDS ST,382732,35/37 SANDS ST,TOW,TOW,1,1,815901.7,831529.5,22.2819864,114.13089499,2025/07/30 11:44:47+00
12709171.0785279,2549917.10442281,1735,Statutory Notices issued on prescribed inspection/repair for buildings,就樓宇訂明檢驗／訂明修葺所發出的法定通知,268062,35/37A ARGYLE ST,268062,35/37A ARGYLE ST,TOW,TOW,1,1,820044.6,835397.6,22.31940565,114.16842673,2025/07/30 11:44:47+00
12708909.7974913,2565476.20191563,1736,Statutory Notices issued on prescribed inspection/repair for buildings,就樓宇訂明檢驗／訂明修葺所發出的法定通知,1553144,35/39 WAI YAN ST TAI PO,1553144,35/39 WAI YAN ST TAI PO,TOW,TOW,1,1,834355.9,835156.8,22.44864331,114.16607899,2025/07/30 11:44:47+00
12711251.7214531,2549832.43802302,1737,Statutory Notices issued on prescribed inspection/repair for buildings,就樓宇訂明檢驗／訂明修葺所發出的法定通知,1256069,35/41 MAIDSTONE RD,1256069,35/41 MAIDSTONE RD,TOW,TOW,19,19,819966.7,837323.3,22.31870208,114.18711668,2025/07/30 11:44:47+00
12711209.7553108,2550807.33802215,1738,Statutory Notices issued on prescribed inspection/repair for buildings,就樓宇訂明檢驗／訂明修葺所發出的法定通知,303904,351 PRINCE EDWARD RD W,303904,351 PRINCE EDWARD RD W,TOW,TOW,1,1,820863.8,837284.4,22.3268029,114.18674035,2025/07/30 11:44:47+00
12693552.0994579,2565124.17918422,1739,Statutory Notices issued on prescribed inspection/repair for buildings,就樓宇訂明檢驗／訂明修葺所發出的法定通知,1891305,36 FOOK TAK ST YUEN LONG,1891305,36 FOOK TAK ST YUEN LONG,TOW,TOW,1,1,834039.8,820955.6,22.44572082,114.02811834,2025/07/30 11:44:47+00
12711186.2646144,2548437.9503361,1740,Statutory Notices issued on prescribed inspection/repair for buildings,就樓宇訂明檢驗／訂明修葺所發出的法定通知,1433656,36 WUHU ST,1433656,36 WUHU ST,TOW,TOW,9,9,818683.4,837262.8,22.30711311,114.18652913,2025/07/30 11:44:47+00
12709231.9842099,2548456.97787073,1741,Statutory Notices issued on prescribed inspection/repair for buildings,就樓宇訂明檢驗／訂明修葺所發出的法定通知,14120,36/38 BATTERY ST,14120,36/38 BATTERY ST,TOW,TOW,2,2,818700.9,835453.9,22.30727096,114.16897378,2025/07/30 11:44:47+00
12709455.5702503,2549769.98005258,1742,Statutory Notices issued on prescribed inspection/repair for buildings,就樓宇訂明檢驗／訂明修葺所發出的法定通知,188450,36/38 TUNG CHOI ST,188450,36/38 TUNG CHOI ST,TOW,TOW,18,18,819909.2,835660.9,22.31818227,114.17098228,2025/07/30 11:44:47+00
12707761.1838335,2552235.04372801,1743,Statutory Notices issued on prescribed inspection/repair for buildings,就樓宇訂明檢驗／訂明修葺所發出的法定通知,744847,361/363 CASTLE PEAK RD,744847,361/363 CASTLE PEAK RD,TOW,TOW,3,3,822177.6,834093,22.33866604,114.15576098,2025/07/30 11:44:47+00
12709254.4196518,2549175.99888471,1744,Statutory Notices issued on prescribed inspection/repair for buildings,就樓宇訂明檢驗／訂明修葺所發出的法定通知,214499,363/365 SHANGHAI ST,214499,363/365 SHANGHAI ST,TOW,TOW,1,1,819362.6,835474.7,22.31324609,114.16917465,2025/07/30 11:44:47+00
12712449.0969077,2553032.26181241,1745,Statutory Notices issued on prescribed inspection/repair for buildings,就樓宇訂明檢驗／訂明修葺所發出的法定通知,1037065,37 NGAN FUNG ST,1037065,37 NGAN FUNG ST,TOW,TOW,1,1,822911.1,838431.1,22.34528997,114.19787316,2025/07/30 11:44:47+00
12706227.3270878,2571609.39083859,1746,Statutory Notices issued on prescribed inspection/repair for buildings,就樓宇訂明檢驗／訂明修葺所發出的法定通知,1511618,37 WO TAI ST FANLING,1511618,37 WO TAI ST FANLING,TOW,TOW,6,6,839994,832677.7,22.49955497,114.14198199,2025/07/30 11:44:47+00
12711027.3771058,2545109.48131956,1747,Statutory Notices issued on prescribed inspection/repair for buildings,就樓宇訂明檢驗／訂明修葺所發出的法定通知,632149,37/39 JARDINE'S BAZAAR,632149,37/39 JARDINE'S BAZAAR,TOW,TOW,1,1,815619.9,837115.9,22.27944766,114.18510216,2025/07/30 11:44:47+00
12710935.8267378,2543862.5734375,1748,Statutory Notices issued on prescribed inspection/repair for buildings,就樓宇訂明檢驗／訂明修葺所發出的法定通知,441389,37/39 YIK YAM ST,441389,37/39 YIK YAM ST,TOW,TOW,1,1,814472.1,837031.2,22.26908243,114.18427887,2025/07/30 11:44:47+00
12708259.4598435,2551193.83422123,1749,Statutory Notices issued on prescribed inspection/repair for buildings,就樓宇訂明檢驗／訂明修葺所發出的法定通知,218951,371 KI LUNG ST,218951,371 KI LUNG ST,TOW,TOW,1,1,821219.5,834554,22.3300147,114.16023709,2025/07/30 11:44:47+00
12709251.3936341,2549192.84178224,1750,Statutory Notices issued on prescribed inspection/repair for buildings,就樓宇訂明檢驗／訂明修葺所發出的法定通知,214939,371 SHANGHAI ST,214939,371 SHANGHAI ST,TOW,TOW,2,2,819378.1,835471.9,22.31338684,114.16914759,2025/07/30 11:44:47+00
12706009.2981176,2545989.0030102,1751,Statutory Notices issued on prescribed inspection/repair for buildings,就樓宇訂明檢驗／訂明修葺所發出的法定通知,367754,372/374 QUEEN'S RD W,367754,372/374 QUEEN'S RD W,TOW,TOW,1,1,816429.9,832470.4,22.28675873,114.14002359,2025/07/30 11:44:47+00
12711380.1564919,2550848.40515668,1752,Statutory Notices issued on prescribed inspection/repair for buildings,就樓宇訂明檢驗／訂明修葺所發出的法定通知,304413,373 PRINCE EDWARD RD W,304413,373 PRINCE EDWARD RD W,TOW,TOW,1,1,820901.6,837442.1,22.32714399,114.18827071,2025/07/30 11:44:47+00
12707014.446969,2545927.40045478,1753,Statutory Notices issued on prescribed inspection/repair for buildings,就樓宇訂明檢驗／訂明修葺所發出的法定通知,345375,377 QUEEN'S RD C,345375,377 QUEEN'S RD C,TOW,TOW,1,1,816373,833400.9,22.28624655,114.14905337,2025/07/30 11:44:47+00
12708271.4028339,2544698.42976642,1754,Statutory Notices issued on prescribed inspection/repair for buildings,就樓宇訂明檢驗／訂明修葺所發出的法定通知,616809,38/38A KENNEDY RD,616809,38/38A KENNEDY RD,TOW,TOW,1,1,815241.6,834564.4,22.27603084,114.16034442,2025/07/30 11:44:47+00
12707345.2724558,2545525.15378505,1755,Statutory Notices issued on prescribed inspection/repair for buildings,就樓宇訂明檢驗／訂明修葺所發出的法定通知,332358,38/40 ABERDEEN ST,332358,38/40 ABERDEEN ST,TOW,TOW,1,1,816002.7,833707.1,22.28290242,114.15202525,2025/07/30 11:44:47+00
12711063.670641,2545114.47667478,1756,Statutory Notices issued on prescribed inspection/repair for buildings,就樓宇訂明檢驗／訂明修葺所發出的法定通知,635429,38/40 JARDINE'S BAZAAR,635429,38/40 JARDINE'S BAZAAR,TOW,TOW,1,1,815624.5,837149.5,22.27948884,114.18542771,2025/07/30 11:44:47+00
12711577.3761859,2551126.49164659,1757,Statutory Notices issued on prescribed inspection/repair for buildings,就樓宇訂明檢驗／訂明修葺所發出的法定通知,1229049,38/40 NAM KOK RD,1229049,38/40 NAM KOK RD,TOW,TOW,1,1,821157.5,837624.6,22.32945483,114.19004237,2025/07/30 11:44:47+00
12708687.1884328,2550613.4387104,1758,Statutory Notices issued on prescribed inspection/repair for buildings,就樓宇訂明檢驗／訂明修葺所發出的法定通知,5215900,38/40 SYCAMORE ST,5215900,38/40 SYCAMORE ST,TOW,TOW,2,2,820685.4,834949.8,22.32519211,114.16407985,2025/07/30 11:44:47+00
12705919.3149588,2545994.95617006,1759,Statutory Notices issued on prescribed inspection/repair for buildings,就樓宇訂明檢驗／訂明修葺所發出的法定通知,357035,381/383 QUEEN'S RD W,357035,381/383 QUEEN'S RD W,TOW,TOW,2,2,816435.4,832387.1,22.28680821,114.13921514,2025/07/30 11:44:47+00
12709102.1577808,2549701.39280072,1760,Statutory Notices issued on prescribed inspection/repair for buildings,就樓宇訂明檢驗／訂明修葺所發出的法定通知,293212,387/389 RECLAMATION ST,293212,387/389 RECLAMATION ST,TOW,TOW,17,17,819846.1,835333.8,22.31761275,114.16780728,2025/07/30 11:44:47+00
12711445.3183691,2550928.27668968,1761,Statutory Notices issued on prescribed inspection/repair for buildings,就樓宇訂明檢驗／訂明修葺所發出的法定通知,299956,388/394 PRINCE EDWARD RD W,299956,388/394 PRINCE EDWARD RD W,TOW,TOW,2,2,820975.1,837502.4,22.32780827,114.18885568,2025/07/30 11:44:47+00
12708380.586027,2551222.53810628,1762,Statutory Notices issued on prescribed inspection/repair for buildings,就樓宇訂明檢驗／訂明修葺所發出的法定通知,195710,38C/38D KWEILIN ST,195710,38C/38D KWEILIN ST,TOW,TOW,4,4,821245.9,834666.1,22.33025337,114.16132481,2025/07/30 11:44:47+00
12708422.8306578,2551270.25204855,1763,Statutory Notices issued on prescribed inspection/repair for buildings,就樓宇訂明檢驗／訂明修葺所發出的法定通知,195827,38E/38H KWEILIN ST,195827,38E/38H KWEILIN ST,TOW,TOW,1,1,821289.8,834705.2,22.33064981,114.16170489,2025/07/30 11:44:47+00
12708852.7041449,2550857.53537603,1764,Statutory Notices issued on prescribed inspection/repair for buildings,就樓宇訂明檢驗／訂明修葺所發出的法定通知,19945,39 APLIU ST,19945,39 APLIU ST,TOW,TOW,1,1,820910,835103,22.3272202,114.16556658,2025/07/30 11:44:47+00
12711885.219803,2544943.52118174,1765,Statutory Notices issued on prescribed inspection/repair for buildings,就樓宇訂明檢驗／訂明修葺所發出的法定通知,620606,39 SUN CHUN ST,620606,39 SUN CHUN ST,TOW,TOW,1,1,815467.2,837910.1,22.27806787,114.19280803,2025/07/30 11:44:47+00
12706231.3288773,2571614.07052283,1766,Statutory Notices issued on prescribed inspection/repair for buildings,就樓宇訂明檢驗／訂明修葺所發出的法定通知,1511626,39 WO TAI ST FANLING,1511626,39 WO TAI ST FANLING,TOW,TOW,6,6,839998.3,832681.4,22.49959336,114.14201812,2025/07/30 11:44:47+00
12708679.3444954,2551373.84651806,1767,Statutory Notices issued on prescribed inspection/repair for buildings,就樓宇訂明檢驗／訂明修葺所發出的法定通知,188685,39/41 UN CHAU ST,188685,39/41 UN CHAU ST,TOW,TOW,17,17,821385.1,834942.6,22.33151017,114.1640086,2025/07/30 11:44:47+00
12715184.7046279,2549499.07271442,1768,Statutory Notices issued on prescribed inspection/repair for buildings,就樓宇訂明檢驗／訂明修葺所發出的法定通知,898462,39/49 HANG ON ST,898462,39/49 HANG ON ST,TOW,TOW,1,1,819660.6,840963.5,22.31593158,114.2224473,2025/07/30 11:44:47+00
12708878.7223752,2551165.41775539,1769,Statutory Notices issued on prescribed inspection/repair for buildings,就樓宇訂明檢驗／訂明修葺所發出的法定通知,204938,4 FUK WING ST,204938,4 FUK WING ST,TOW,TOW,1,1,821193.3,835127.1,22.32977897,114.16579965,2025/07/30 11:44:47+00
12707560.412979,2545737.04035302,1770,Statutory Notices issued on prescribed inspection/repair for buildings,就樓宇訂明檢驗／訂明修葺所發出的法定通知,1807349,4 GILMAN'S BAZAAR,1807349,4 GILMAN'S BAZAAR,TOW,TOW,1,1,816197.7,833906.3,22.2846639,114.15395747,2025/07/30 11:44:47+00
12715762.2013298,2549186.36419254,1771,Statutory Notices issued on prescribed inspection/repair for buildings,就樓宇訂明檢驗／訂明修葺所發出的法定通知,1208274,4 TIN HEUNG ST,1208274,4 TIN HEUNG ST,TOW,TOW,79,79,819373,841498.1,22.31333289,114.22763559,2025/07/30 11:44:47+00
12707714.731756,2541441.85983118,1772,Statutory Notices issued on prescribed inspection/repair for buildings,就樓宇訂明檢驗／訂明修葺所發出的法定通知,646780,4/5 SAI ON ST,646780,4/5 SAI ON ST,TOW,TOW,4,4,812243.7,834048.6,22.24895693,114.15534341,2025/07/30 11:44:47+00
12706956.8851714,2545855.9020104,1773,Statutory Notices issued on prescribed inspection/repair for buildings,就樓宇訂明檢驗／訂明修葺所發出的法定通知,408969,4/5 WA LANE,408969,4/5 WA LANE,TOW,TOW,2,2,816307.2,833347.6,22.28565164,114.14853548,2025/07/30 11:44:47+00
12709293.9077527,2548075.6965058,1774,Statutory Notices issued on prescribed inspection/repair for buildings,就樓宇訂明檢驗／訂明修葺所發出的法定通知,30996,40/44 BOWRING ST,30996,40/44 BOWRING ST,TOW,TOW,1,1,818350,835511.2,22.30410237,114.16952986,2025/07/30 11:44:47+00
12711762.1491507,2551131.25613985,1775,Statutory Notices issued on prescribed inspection/repair for buildings,就樓宇訂明檢驗／訂明修葺所發出的法定通知,1217851,40/46 TAK KU LING RD,1217851,40/46 TAK KU LING RD,TOW,TOW,1,1,821161.9,837795.6,22.32949448,114.19170234,2025/07/30 11:44:47+00
12709088.9721697,2549769.85306744,1776,Statutory Notices issued on prescribed inspection/repair for buildings,就樓宇訂明檢驗／訂明修葺所發出的法定通知,293404,409 RECLAMATION ST,293404,409 RECLAMATION ST,TOW,TOW,1,1,819909.1,835321.6,22.31818184,114.16768835,2025/07/30 11:44:47+00
12706243.9829477,2571629.95946811,1777,Statutory Notices issued on prescribed inspection/repair for buildings,就樓宇訂明檢驗／訂明修葺所發出的法定通知,1511643,41 WO TAI ST FANLING,1511643,41 WO TAI ST FANLING,TOW,TOW,1,1,840012.9,832693.1,22.49972545,114.14213137,2025/07/30 11:44:47+00
12706972.3459149,2545781.2668585,1778,Statutory Notices issued on prescribed inspection/repair for buildings,就樓宇訂明檢驗／訂明修葺所發出的法定通知,333094,41/43 SAI ST,333094,41/43 SAI ST,TOW,TOW,1,1,816238.5,833361.9,22.28503137,114.14867509,2025/07/30 11:44:47+00
12709408.9476645,2548485.56386111,1779,Statutory Notices issued on prescribed inspection/repair for buildings,就樓宇訂明檢驗／訂明修葺所發出的法定通知,158103,41/43 WOOSUNG ST,158103,41/43 WOOSUNG ST,TOW,TOW,1,1,818727.2,835617.7,22.30750865,114.17056298,2025/07/30 11:44:47+00
12711579.1984045,2550957.93397384,1780,Statutory Notices issued on prescribed inspection/repair for buildings,就樓宇訂明檢驗／訂明修葺所發出的法定通知,300515,424/426 PRINCE EDWARD RD W,300515,424/426 PRINCE EDWARD RD W,TOW,TOW,2,2,821002.4,837626.3,22.32805443,114.19005908,2025/07/30 11:44:47+00
12705580.4772396,2545901.54245898,1781,Statutory Notices issued on prescribed inspection/repair for buildings,就樓宇訂明檢驗／訂明修葺所發出的法定通知,1776815,425S/425T QUEEN'S RD W,1776815,425S/425T QUEEN'S RD W,TOW,TOW,6,6,816349.5,832073.4,22.28603184,114.13617155,2025/07/30 11:44:47+00
12705546.9885505,2545910.00759337,1782,Statutory Notices issued on prescribed inspection/repair for buildings,就樓宇訂明檢驗／訂明修葺所發出的法定通知,1777039,425Y/425Z QUEEN'S RD W,1777039,425Y/425Z QUEEN'S RD W,TOW,TOW,6,6,816357.3,832042.4,22.28610196,114.13587061,2025/07/30 11:44:47+00
12711590.7601533,2550958.80235892,1783,Statutory Notices issued on prescribed inspection/repair for buildings,就樓宇訂明檢驗／訂明修葺所發出的法定通知,1060817,428/430 PRINCE EDWARD RD W,1060817,428/430 PRINCE EDWARD RD W,TOW,TOW,1,1,821003.2,837637,22.32806177,114.19016241,2025/07/30 11:44:47+00
12709254.8415908,2549378.87729061,1784,Statutory Notices issued on prescribed inspection/repair for buildings,就樓宇訂明檢驗／訂明修葺所發出的法定通知,223499,428/430 SHANGHAI ST,223499,428/430 SHANGHAI ST,TOW,TOW,2,2,819549.3,835475.1,22.31493259,114.16917898,2025/07/30 11:44:47+00
12711661.66136,2551158.86984433,1785,Statutory Notices issued on prescribed inspection/repair for buildings,就樓宇訂明檢驗／訂明修葺所發出的法定通知,1191980,43/47 SOUTH WALL RD,1191980,43/47 SOUTH WALL RD,TOW,TOW,1,1,821187.3,837702.6,22.32972456,114.19079981,2025/07/30 11:44:47+00
12711251.7201123,2549812.66028138,1786,Statutory Notices issued on prescribed inspection/repair for buildings,就樓宇訂明檢驗／訂明修葺所發出的法定通知,1256557,43/49 MAIDSTONE RD,1256557,43/49 MAIDSTONE RD,TOW,TOW,19,19,819948.5,837323.3,22.31853708,114.18711748,2025/07/30 11:44:47+00
12711275.1752285,2549945.6698436,1787,Statutory Notices issued on prescribed inspection/repair for buildings,就樓宇訂明檢驗／訂明修葺所發出的法定通知,1792026,438/440 MA TAU WAI RD,1792026,438/440 MA TAU WAI RD,TOW,TOW,1,1,820070.9,837345,22.31964274,114.1873274,2025/07/30 11:44:47+00
12703207.5906398,2555942.81625003,1788,Statutory Notices issued on prescribed inspection/repair for buildings,就樓宇訂明檢驗／訂明修葺所發出的法定通知,942961,44/46 SAN TSUEN ST TSUEN WAN,942961,44/46 SAN TSUEN ST TSUEN WAN,TOW,TOW,5,5,825589.9,829880.5,22.36947083,114.11485563,2025/07/30 11:44:47+00
12709237.8169577,2548481.31808361,1789,Statutory Notices issued on prescribed inspection/repair for buildings,就樓宇訂明檢驗／訂明修葺所發出的法定通知,14135,44/48 BATTERY ST,14135,44/48 BATTERY ST,TOW,TOW,6,6,818723.3,835459.3,22.30747303,114.16902623,2025/07/30 11:44:47+00
12707460.8619495,2545461.6172515,1790,Statutory Notices issued on prescribed inspection/repair for buildings,就樓宇訂明檢驗／訂明修葺所發出的法定通知,311881,44/50 HOLLYWOOD RD,311881,44/50 HOLLYWOOD RD,TOW,TOW,4,4,815944.2,833814.1,22.28237424,114.15306339,2025/07/30 11:44:47+00
12711768.3191991,2551242.65005488,1791,Statutory Notices issued on prescribed inspection/repair for buildings,就樓宇訂明檢驗／訂明修葺所發出的法定通知,1173322,45 CARPENTER RD,1173322,45 CARPENTER RD,TOW,TOW,4,4,821264.4,837801.3,22.33042011,114.19175721,2025/07/30 11:44:47+00
12703251.9270175,2555889.78520957,1792,Statutory Notices issued on prescribed inspection/repair for buildings,就樓宇訂明檢驗／訂明修葺所發出的法定通知,1984639,45 HO PUI ST TSUEN WAN,1984639,45 HO PUI ST TSUEN WAN,TOW,TOW,1,1,825541.1,829921.5,22.36903066,114.11525328,2025/07/30 11:44:47+00
12708646.1689779,2551401.88279518,1793,Statutory Notices issued on prescribed inspection/repair for buildings,就樓宇訂明檢驗／訂明修葺所發出的法定通知,188945,45 UN CHAU ST,188945,45 UN CHAU ST,TOW,TOW,7,7,821410.9,834911.9,22.33174361,114.1637111,2025/07/30 11:44:47+00
12715917.2995489,2544955.86021127,1794,Statutory Notices issued on prescribed inspection/repair for buildings,就樓宇訂明檢驗／訂明修葺所發出的法定通知,500508,45/47 KAM WA ST,500508,45/47 KAM WA ST,TOW,TOW,1,1,815479.4,841643,22.2781709,114.22902868,2025/07/30 11:44:47+00
12706964.4621567,2545772.13935082,1795,Statutory Notices issued on prescribed inspection/repair for buildings,就樓宇訂明檢驗／訂明修葺所發出的法定通知,333149,45/47 SAI ST,333149,45/47 SAI ST,TOW,TOW,2,2,816230.1,833354.6,22.28495573,114.14860415,2025/07/30 11:44:47+00
12703368.3003332,2556244.548932,1796,Statutory Notices issued on prescribed inspection/repair for buildings,就樓宇訂明檢驗／訂明修葺所發出的法定通知,935370,45/47 TAI HO RD TSUEN WAN,935370,45/47 TAI HO RD TSUEN WAN,TOW,TOW,1,1,825867.4,830029.3,22.37197697,114.11629873,2025/07/30 11:44:47+00
12707472.4147884,2552424.43833477,1797,Statutory Notices issued on prescribed inspection/repair for buildings,就樓宇訂明檢驗／訂明修葺所發出的法定通知,910232,456/462 CASTLE PEAK RD,910232,456/462 CASTLE PEAK RD,TOW,TOW,2,2,822351.9,833825.8,22.34024032,114.15316678,2025/07/30 11:44:47+00
12709196.5604769,2548226.50918722,1798,Statutory Notices issued on prescribed inspection/repair for buildings,就樓宇訂明檢驗／訂明修葺所發出的法定通知,147216,46 JORDAN RD,147216,46 JORDAN RD,POD,POD,1,1,818488.8,835421.1,22.30535571,114.16865525,2025/07/30 11:44:47+00
12707447.3340847,2545624.68631867,1799,Statutory Notices issued on prescribed inspection/repair for buildings,就樓宇訂明檢驗／訂明修葺所發出的法定通知,414253,46/48 GAGE ST,414253,46/48 GAGE ST,TOW,TOW,2,2,816094.3,833801.6,22.28372968,114.15294126,2025/07/30 11:44:47+00
12709441.4011599,2550154.45324263,1800,Statutory Notices issued on prescribed inspection/repair for buildings,就樓宇訂明檢驗／訂明修葺所發出的法定通知,56788,46/48 MONG KOK RD,56788,46/48 MONG KOK RD,TOW,TOW,16,16,820263,835647.8,22.32137741,114.17085428,2025/07/30 11:44:47+00
12711700.4519606,2551149.41125318,1801,Statutory Notices issued on prescribed inspection/repair for buildings,就樓宇訂明檢驗／訂明修葺所發出的法定通知,1198695,46/48 SOUTH WALL RD,1198695,46/48 SOUTH WALL RD,TOW,TOW,2,2,821178.6,837738.5,22.32964579,114.19114773,2025/07/30 11:44:47+00
12709358.7876399,2549180.78513529,1802,Statutory Notices issued on prescribed inspection/repair for buildings,就樓宇訂明檢驗／訂明修葺所發出的法定通知,103459,46/52 PORTLAND ST,103459,46/52 PORTLAND ST,TOW,TOW,32,32,819367,835571.3,22.31328624,114.17011293,2025/07/30 11:44:47+00
12709237.1176878,2549473.41613633,1803,Statutory Notices issued on prescribed inspection/repair for buildings,就樓宇訂明檢驗／訂明修葺所發出的法定通知,224695,460 SHANGHAI ST,224695,460 SHANGHAI ST,TOW,TOW,1,1,819636.3,835458.7,22.315718,114.16901959,2025/07/30 11:44:47+00
12712836.8752644,2546573.69100762,1804,Statutory Notices issued on prescribed inspection/repair for buildings,就樓宇訂明檢驗／訂明修葺所發出的法定通知,797401,461/475 KING'S RD,797401,461/475 KING'S RD,TOW,TOW,1,1,816967.8,838790.9,22.29161839,114.20135645,2025/07/30 11:44:47+00
12709498.0647982,2548862.07981445,1805,Statutory Notices issued on prescribed inspection/repair for buildings,就樓宇訂明檢驗／訂明修葺所發出的法定通知,155056,462 NATHAN RD,155056,462 NATHAN RD,TOW,TOW,1,1,819073.7,835700.2,22.31063757,114.17136353,2025/07/30 11:44:47+00
12709235.8209135,2549478.30607052,1806,Statutory Notices issued on prescribed inspection/repair for buildings,就樓宇訂明檢驗／訂明修葺所發出的法定通知,224827,462 SHANGHAI ST,224827,462 SHANGHAI ST,TOW,TOW,1,1,819640.8,835457.5,22.31575845,114.16900824,2025/07/30 11:44:47+00
12709047.144834,2549989.25372696,1807,Statutory Notices issued on prescribed inspection/repair for buildings,就樓宇訂明檢驗／訂明修葺所發出的法定通知,294430,465/465A RECLAMATION ST,294430,465/465A RECLAMATION ST,TOW,TOW,1,1,820111,835282.9,22.32000527,114.16731292,2025/07/30 11:44:47+00
12709045.7397886,2549996.20851725,1808,Statutory Notices issued on prescribed inspection/repair for buildings,就樓宇訂明檢驗／訂明修葺所發出的法定通知,294607,467/469 RECLAMATION ST,294607,467/469 RECLAMATION ST,TOW,TOW,16,16,820117.4,835281.6,22.32006266,114.16730055,2025/07/30 11:44:47+00
12706262.4329835,2545808.06227805,1809,Statutory Notices issued on prescribed inspection/repair for buildings,就樓宇訂明檢驗／訂明修葺所發出的法定通知,415476,47/49 HIGH ST,415476,47/49 HIGH ST,TOW,TOW,3,3,816263.3,832704.7,22.28525422,114.14229705,2025/07/30 11:44:47+00
12711724.3303227,2551132.45529778,1810,Statutory Notices issued on prescribed inspection/repair for buildings,就樓宇訂明檢驗／訂明修葺所發出的法定通知,1213621,47/49 TAK KU LING RD,1213621,47/49 TAK KU LING RD,TOW,TOW,1,1,821163,837760.6,22.32950496,114.19136248,2025/07/30 11:44:47+00
12710684.4301718,2545188.47740252,1811,Statutory Notices issued on prescribed inspection/repair for buildings,就樓宇訂明檢驗／訂明修葺所發出的法定通知,438486,470/472 LOCKHART RD,438486,470/472 LOCKHART RD,TOW,TOW,2,2,815692.6,836798.4,22.28010442,114.18202071,2025/07/30 11:44:47+00
12711764.3114495,2551143.64513442,1812,Statutory Notices issued on prescribed inspection/repair for buildings,就樓宇訂明檢驗／訂明修葺所發出的法定通知,1217949,48 TAK KU LING RD,1217949,48 TAK KU LING RD,TOW,TOW,1,1,821173.3,837797.6,22.32959777,114.19172163,2025/07/30 11:44:47+00
12707513.4655204,2545469.0130928,1813,Statutory Notices issued on prescribed inspection/repair for buildings,就樓宇訂明檢驗／訂明修葺所發出的法定通知,368381,48/50 LYNDHURST TERRACE,368381,48/50 LYNDHURST TERRACE,TOW,TOW,2,2,815951,833862.8,22.28243614,114.15353541,2025/07/30 11:44:47+00
12709283.8414809,2548467.19456938,1814,Statutory Notices issued on prescribed inspection/repair for buildings,就樓宇訂明檢驗／訂明修葺所發出的法定通知,291386,48/50 RECLAMATION ST,291386,48/50 RECLAMATION ST,TOW,TOW,11,11,818710.3,835501.9,22.30735624,114.16943894,2025/07/30 11:44:47+00
12703220.3471433,2555936.73388976,1815,Statutory Notices issued on prescribed inspection/repair for buildings,就樓宇訂明檢驗／訂明修葺所發出的法定通知,2336312,48/50 SAN TSUEN ST TSUEN WAN,2336312,48/50 SAN TSUEN ST TSUEN WAN,TOW,TOW,2,2,825584.3,829892.3,22.36942053,114.1149699,2025/07/30 11:44:47+00
12711246.929577,2549271.60698135,1816,Statutory Notices issued on prescribed inspection/repair for buildings,就樓宇訂明檢驗／訂明修葺所發出的法定通知,101536,489 CHATHAM RD N,101536,489 CHATHAM RD N,TOW,TOW,2,2,819450.6,837318.9,22.31404067,114.18707445,2025/07/30 11:44:47+00
12711663.3912308,2551169.73742753,1817,Statutory Notices issued on prescribed inspection/repair for buildings,就樓宇訂明檢驗／訂明修葺所發出的法定通知,1192042,49 SOUTH WALL RD,1192042,49 SOUTH WALL RD,TOW,TOW,1,1,821197.3,837704.2,22.3298143,114.19081469,2025/07/30 11:44:47+00
12706168.0339637,2545762.84472248,1818,Statutory Notices issued on prescribed inspection/repair for buildings,就樓宇訂明檢驗／訂明修葺所發出的法定通知,54420,49/49A BONHAM RD,54420,49/49A BONHAM RD,POD,POD,1,1,816221.7,832617.3,22.28487833,114.14144973,2025/07/30 11:44:47+00
12709197.6283099,2548459.36656218,1819,Statutory Notices issued on prescribed inspection/repair for buildings,就樓宇訂明檢驗／訂明修葺所發出的法定通知,13425,49/51 BATTERY ST,13425,49/51 BATTERY ST,TOW,TOW,2,2,818703.1,835422.1,22.30729109,114.16866519,2025/07/30 11:44:47+00
12706957.6588273,2545761.81697364,1820,Statutory Notices issued on prescribed inspection/repair for buildings,就樓宇訂明檢驗／訂明修葺所發出的法定通知,333198,49/51 SAI ST,333198,49/51 SAI ST,TOW,TOW,2,2,816220.6,833348.3,22.28486993,114.14854322,2025/07/30 11:44:47+00
12703361.8195619,2556233.45791769,1821,Statutory Notices issued on prescribed inspection/repair for buildings,就樓宇訂明檢驗／訂明修葺所發出的法定通知,2031618,49/51 TAI HO RD TSUEN WAN,2031618,49/51 TAI HO RD TSUEN WAN,TOW,TOW,1,1,825857.2,830023.3,22.3718853,114.11624042,2025/07/30 11:44:47+00
12709075.559362,2550018.48775268,1822,Statutory Notices issued on prescribed inspection/repair for buildings,就樓宇訂明檢驗／訂明修葺所發出的法定通知,295271,490/492 RECLAMATION ST,295271,490/492 RECLAMATION ST,TOW,TOW,8,8,820137.9,835309.2,22.32024792,114.16756801,2025/07/30 11:44:47+00
12709214.85454,2549590.55805589,1823,Statutory Notices issued on prescribed inspection/repair for buildings,就樓宇訂明檢驗／訂明修葺所發出的法定通知,225880,494/496 SHANGHAI ST,225880,494/496 SHANGHAI ST,TOW,TOW,1,1,819744.1,835438.1,22.31669186,114.16881986,2025/07/30 11:44:47+00
12709177.4720908,2549574.7992471,1824,Statutory Notices issued on prescribed inspection/repair for buildings,就樓宇訂明檢驗／訂明修葺所發出的法定通知,217927,497 SHANGHAI ST,217927,497 SHANGHAI ST,TOW,TOW,5,5,819729.6,835403.5,22.31656032,114.16848372,2025/07/30 11:44:47+00
12709072.6410219,2550035.98347629,1825,Statutory Notices issued on prescribed inspection/repair for buildings,就樓宇訂明檢驗／訂明修葺所發出的法定通知,295332,498 RECLAMATION ST,295332,498 RECLAMATION ST,TOW,TOW,1,1,820154,835306.5,22.32039288,114.16754163,2025/07/30 11:44:47+00
12709213.0172759,2549600.22936214,1826,Statutory Notices issued on prescribed inspection/repair for buildings,就樓宇訂明檢驗／訂明修葺所發出的法定通知,226043,498/500 SHANGHAI ST,226043,498/500 SHANGHAI ST,TOW,TOW,2,2,819753,835436.4,22.31677202,114.16880312,2025/07/30 11:44:47+00
12707166.6772806,2545139.23274021,1827,Statutory Notices issued on prescribed inspection/repair for buildings,就樓宇訂明檢驗／訂明修葺所發出的法定通知,405503,49B/49C ROBINSON RD,405503,49B/49C ROBINSON RD,TOW,TOW,1,1,815647.5,833541.7,22.27969513,114.15042032,2025/07/30 11:44:47+00
12706370.3247116,2545900.10792913,1828,Statutory Notices issued on prescribed inspection/repair for buildings,就樓宇訂明檢驗／訂明修葺所發出的法定通知,647949,4A SECOND ST,647949,4A SECOND ST,TOW,TOW,1,1,816348,832804.6,22.2860192,114.14326632,2025/07/30 11:44:47+00
12710018.2808949,2547830.47712012,1829,Statutory Notices issued on prescribed inspection/repair for buildings,就樓宇訂明檢驗／訂明修葺所發出的法定通知,5204,5 AUSTIN AVE,5204,5 AUSTIN AVE,TOW,TOW,1,1,818124.3,836181.7,22.30206444,114.17603671,2025/07/30 11:44:47+00
12708559.9569124,2550042.02939292,1830,Statutory Notices issued on prescribed inspection/repair for buildings,就樓宇訂明檢驗／訂明修葺所發出的法定通知,14592,5 BEECH ST,14592,5 BEECH ST,TOW,TOW,3,3,820159.6,834832,22.32044362,114.16293679,2025/07/30 11:44:47+00
12709090.4336436,2550620.20591376,1831,Statutory Notices issued on prescribed inspection/repair for buildings,就樓宇訂明檢驗／訂明修葺所發出的法定通知,1071924,5 PLAYING FIELD RD,1071924,5 PLAYING FIELD RD,TOW,TOW,1,1,820691.6,835323,22.32524826,114.16770229,2025/07/30 11:44:47+00
12704601.5899794,2572360.37541165,1832,Statutory Notices issued on prescribed inspection/repair for buildings,就樓宇訂明檢驗／訂明修葺所發出的法定通知,1684946,5 SAN KIN ST SHEUNG SHUI,1684946,5 SAN KIN ST SHEUNG SHUI,TOW,TOW,1,1,840684.6,831175.2,22.50578719,114.12737805,2025/07/30 11:44:47+00
12703357.7177143,2555949.94374844,1833,Statutory Notices issued on prescribed inspection/repair for buildings,就樓宇訂明檢驗／訂明修葺所發出的法定通知,2245859,5 YI PEI SQUARE TSUEN WAN,2245859,5 YI PEI SQUARE TSUEN WAN,TOW,TOW,5,5,825596.4,830019.4,22.36952973,114.11620378,2025/07/30 11:44:47+00
12703345.5127082,2555928.52336126,1834,Statutory Notices issued on prescribed inspection/repair for buildings,就樓宇訂明檢驗／訂明修葺所發出的法定通知,2245835,13 YI PEI SQUARE TSUEN WAN,2245835,13 YI PEI SQUARE TSUEN WAN,TOW,TOW,2,2,825576.7,830008.1,22.36935201,114.1160943,2025/07/30 11:44:47+00
12711832.6177049,2544953.30410843,1835,Statutory Notices issued on prescribed inspection/repair for buildings,就樓宇訂明檢驗／訂明修葺所發出的法定通知,619330,13/14 SUN CHUN ST,619330,13/14 SUN CHUN ST,TOW,TOW,2,2,815476.2,837861.4,22.27814975,114.19233505,2025/07/30 11:44:47+00
12710781.5590222,2548453.50999392,1836,Statutory Notices issued on prescribed inspection/repair for buildings,就樓宇訂明檢驗／訂明修葺所發出的法定通知,1664135,13/14 WA FUNG ST,1664135,13/14 WA FUNG ST,TOW,TOW,2,2,818697.7,836888.2,22.30724226,114.18289305,2025/07/30 11:44:47+00
12706279.658287,2546064.03196509,1837,Statutory Notices issued on prescribed inspection/repair for buildings,就樓宇訂明檢驗／訂明修葺所發出的法定通知,43147,13/15 CENTRE ST,43147,13/15 CENTRE ST,TOW,TOW,1,1,816498.9,832720.7,22.28738209,114.14245239,2025/07/30 11:44:47+00
12709664.0381269,2547926.63254584,1838,Statutory Notices issued on prescribed inspection/repair for buildings,就樓宇訂明檢驗／訂明修葺所發出的法定通知,90380,13/15 HILLWOOD RD,90380,13/15 HILLWOOD RD,TOW,TOW,1,1,818212.8,835853.8,22.30286276,114.17285413,2025/07/30 11:44:47+00
12709239.1378004,2548005.93558352,1839,Statutory Notices issued on prescribed inspection/repair for buildings,就樓宇訂明檢驗／訂明修葺所發出的法定通知,132884,13/15 SHANGHAI ST,132884,13/15 SHANGHAI ST,TOW,TOW,6,6,818285.8,835460.5,22.30352234,114.16903782,2025/07/30 11:44:47+00
12711898.0825842,2550125.46391607,1840,Statutory Notices issued on prescribed inspection/repair for buildings,就樓宇訂明檢驗／訂明修葺所發出的法定通知,245452,13/15 YIN ON ST,245452,13/15 YIN ON ST,TOW,TOW,1,1,820236.4,837921.5,22.32113677,114.1929229,2025/07/30 11:44:47+00
12715111.5610407,2549505.72347385,1841,Statutory Notices issued on prescribed inspection/repair for buildings,就樓宇訂明檢驗／訂明修葺所發出的法定通知,898077,13/17 HANG ON ST,898077,13/17 HANG ON ST,TOW,TOW,1,1,819666.7,840895.8,22.31598622,114.22179067,2025/07/30 11:44:47+00
12708521.7987524,2551379.91831273,1842,Statutory Notices issued on prescribed inspection/repair for buildings,就樓宇訂明檢驗／訂明修葺所發出的法定通知,7955,130 FUK WA ST,7955,130 FUK WA ST,TOW,TOW,1,1,821390.7,834796.8,22.33156085,114.16259352,2025/07/30 11:44:47+00
12709277.7963222,2548366.90111363,1843,Statutory Notices issued on prescribed inspection/repair for buildings,就樓宇訂明檢驗／訂明修葺所發出的法定通知,213392,131/133 SHANGHAI ST,213392,131/133 SHANGHAI ST,TOW,TOW,17,17,818618,835496.3,22.30652196,114.16938456,2025/07/30 11:44:47+00
12709306.1025182,2548353.21138249,1844,Statutory Notices issued on prescribed inspection/repair for buildings,就樓宇訂明檢驗／訂明修葺所發出的法定通知,216712,132/136 SHANGHAI ST,216712,132/136 SHANGHAI ST,TOW,TOW,8,8,818605.4,835522.5,22.30640855,114.16963956,2025/07/30 11:44:47+00
12708731.2581323,2550797.97174503,1845,Statutory Notices issued on prescribed inspection/repair for buildings,就樓宇訂明檢驗／訂明修葺所發出的法定通知,2010712,133/135 KI LUNG ST,2010712,133/135 KI LUNG ST,TOW,TOW,3,3,820855.2,834990.6,22.32672482,114.1644751,2025/07/30 11:44:47+00
12709416.2333484,2544682.32935342,1846,Statutory Notices issued on prescribed inspection/repair for buildings,就樓宇訂明檢驗／訂明修葺所發出的法定通知,817734,134 QUEEN'S RD E,817734,134 QUEEN'S RD E,TOW,TOW,1,1,815226.7,835624.3,22.27589639,114.17062897,2025/07/30 11:44:47+00
12703449.6281293,2556126.84936523,1847,Statutory Notices issued on prescribed inspection/repair for buildings,就樓宇訂明檢驗／訂明修葺所發出的法定通知,957768,134/138 HOI PA ST TSUEN WAN,957768,134/138 HOI PA ST TSUEN WAN,POD,POD,1,1,825759.1,830104.5,22.37099929,114.11702993,2025/07/30 11:44:47+00
12703449.6281293,2556126.84936523,1848,Statutory Notices issued on prescribed inspection/repair for buildings,就樓宇訂明檢驗／訂明修葺所發出的法定通知,958128,134/138 HOI PA ST TSUEN WAN,958128,134/138 HOI PA ST TSUEN WAN,TOW,TOW,1,1,825759.1,830104.5,22.37099929,114.11702993,2025/07/30 11:44:47+00
12711994.35329,2550127.40938404,1849,Statutory Notices issued on prescribed inspection/repair for buildings,就樓宇訂明檢驗／訂明修葺所發出的法定通知,240804,136/138 TO KWA WAN RD,240804,136/138 TO KWA WAN RD,TOW,TOW,1,1,820238.2,838010.6,22.32115336,114.193788,2025/07/30 11:44:47+00
12708503.0116352,2551226.46272046,1850,Statutory Notices issued on prescribed inspection/repair for buildings,就樓宇訂明檢驗／訂明修葺所發出的法定通知,292914,137/139 PEI HO ST,292914,137/139 PEI HO ST,TOW,TOW,2,2,821249.5,834779.4,22.33028592,114.16242502,2025/07/30 11:44:47+00
12709442.0487031,2550173.36203661,1851,Statutory Notices issued on prescribed inspection/repair for buildings,就樓宇訂明檢驗／訂明修葺所發出的法定通知,264435,138/140 FA YUEN ST,264435,138/140 FA YUEN ST,TOW,TOW,1,1,820280.4,835648.4,22.32153488,114.17086051,2025/07/30 11:44:47+00
12708792.7524399,2550634.42143598,1852,Statutory Notices issued on prescribed inspection/repair for buildings,就樓宇訂明檢驗／訂明修葺所發出的法定通知,180626,138/140 LAI CHI KOK RD,180626,138/140 LAI CHI KOK RD,TOW,TOW,2,2,820704.7,835047.5,22.32536635,114.16502802,2025/07/30 11:44:47+00
12709373.5452278,2550197.48417986,1853,Statutory Notices issued on prescribed inspection/repair for buildings,就樓宇訂明檢驗／訂明修葺所發出的法定通知,191034,138/140 TUNG CHOI ST,191034,138/140 TUNG CHOI ST,TOW,TOW,1,1,820302.6,835585,22.3217355,114.17024507,2025/07/30 11:44:47+00
12709310.6392878,2548369.29322305,1854,Statutory Notices issued on prescribed inspection/repair for buildings,就樓宇訂明檢驗／訂明修葺所發出的法定通知,216830,138/144 SHANGHAI ST,216830,138/144 SHANGHAI ST,TOW,TOW,14,14,818620.2,835526.7,22.30654238,114.16967985,2025/07/30 11:44:47+00
12708521.0473029,2551327.3177758,1855,Statutory Notices issued on prescribed inspection/repair for buildings,就樓宇訂明檢驗／訂明修葺所發出的法定通知,4438,139/141 FUK WA ST,4438,139/141 FUK WA ST,TOW,TOW,1,1,821342.3,834796.1,22.33112343,114.1625872,2025/07/30 11:44:47+00
12709359.7903832,2548493.60260851,1856,Statutory Notices issued on prescribed inspection/repair for buildings,就樓宇訂明檢驗／訂明修葺所發出的法定通知,197139,139/141 TEMPLE ST,197139,139/141 TEMPLE ST,TOW,TOW,1,1,818734.6,835572.2,22.30757536,114.17012131,2025/07/30 11:44:47+00
12693799.0783064,2536617.24077706,1857,Statutory Notices issued on prescribed inspection/repair for buildings,就樓宇訂明檢驗／訂明修葺所發出的法定通知,1916548,14 TUNG WAN RD CHEUNG CHAU,1916548,14 TUNG WAN RD CHEUNG CHAU,TOW,TOW,1,1,807808.3,821158.5,22.20883806,114.03033766,2025/07/30 11:44:47+00
12707299.6394621,2545822.17489738,1858,Statutory Notices issued on prescribed inspection/repair for buildings,就樓宇訂明檢驗／訂明修葺所發出的法定通知,324903,14/16 HILLIER ST,324903,14/16 HILLIER ST,TOW,TOW,2,2,816276.1,833664.9,22.28537192,114.15161492,2025/07/30 11:44:47+00
12711820.3096825,2545009.0367465,1859,Statutory Notices issued on prescribed inspection/repair for buildings,就樓宇訂明檢驗／訂明修葺所發出的法定通知,1026302,14/16 ORMSBY ST,1026302,14/16 ORMSBY ST,TOW,TOW,1,1,815527.5,837850,22.27861277,114.19222434,2025/07/30 11:44:47+00
12706342.7788146,2545902.92649541,1860,Statutory Notices issued on prescribed inspection/repair for buildings,就樓宇訂明檢驗／訂明修葺所發出的法定通知,648669,14/16 SECOND ST,648669,14/16 SECOND ST,TOW,TOW,2,2,816350.6,832779.1,22.28604257,114.14301917,2025/07/30 11:44:47+00
12704548.3128667,2572503.12070638,1861,Statutory Notices issued on prescribed inspection/repair for buildings,就樓宇訂明檢驗／訂明修葺所發出的法定通知,1511806,14/18 SAN FUNG AVE SHEUNG SHUI,1511806,14/18 SAN FUNG AVE SHEUNG SHUI,TOW,TOW,1,1,840815.8,831126,22.50697162,114.12689905,2025/07/30 11:44:47+00
12709230.2390172,2565393.34032985,1862,Statutory Notices issued on prescribed inspection/repair for buildings,就樓宇訂明檢驗／訂明修葺所發出的法定通知,1906287,141/145 KWONG FUK RD TAI PO,1906287,141/145 KWONG FUK RD TAI PO,TOW,TOW,1,1,834279.7,835453.1,22.44795532,114.16895736,2025/07/30 11:44:47+00
12706592.7259849,2545964.03891753,1863,Statutory Notices issued on prescribed inspection/repair for buildings,就樓宇訂明檢驗／訂明修葺所發出的法定通知,1987144,142/144 QUEEN'S RD W,1987144,142/144 QUEEN'S RD W,TOW,TOW,1,1,816406.8,833010.5,22.28655071,114.14526485,2025/07/30 11:44:47+00
12711960.1628463,2544769.47599113,1864,Statutory Notices issued on prescribed inspection/repair for buildings,就樓宇訂明檢驗／訂明修葺所發出的法定通知,605407,5 YIK KWAN AVE,605407,5 YIK KWAN AVE,TOW,TOW,7,7,815307,837979.5,22.27662092,114.19348075,2025/07/30 11:44:47+00
12710746.8800154,2548476.43867842,1865,Statutory Notices issued on prescribed inspection/repair for buildings,就樓宇訂明檢驗／訂明修葺所發出的法定通知,1663703,5/6 WA FUNG ST,1663703,5/6 WA FUNG ST,TOW,TOW,11,11,818718.8,836856.1,22.30743219,114.18258159,2025/07/30 11:44:47+00
12708935.922696,2550594.65742602,1866,Statutory Notices issued on prescribed inspection/repair for buildings,就樓宇訂明檢驗／訂明修葺所發出的法定通知,176721,5/7 CEDAR ST,176721,5/7 CEDAR ST,TOW,TOW,2,2,820668.1,835180,22.32503552,114.16631394,2025/07/30 11:44:47+00
12703463.6309814,2556249.479158,1867,Statutory Notices issued on prescribed inspection/repair for buildings,就樓宇訂明檢驗／訂明修葺所發出的法定通知,1003179,5/7 CHUEN LUNG ST TSUEN WAN,1003179,5/7 CHUEN LUNG ST TSUEN WAN,TOW,TOW,2,2,825871.9,830117.5,22.37201838,114.11715511,2025/07/30 11:44:47+00
12711938.487079,2550076.23171438,1868,Statutory Notices issued on prescribed inspection/repair for buildings,就樓宇訂明檢驗／訂明修葺所發出的法定通知,241144,5/7 HOK LING ST,241144,5/7 HOK LING ST,TOW,TOW,1,1,820191.1,837958.9,22.32072741,114.19328671,2025/07/30 11:44:47+00
12710916.8274688,2550833.76289788,1869,Statutory Notices issued on prescribed inspection/repair for buildings,就樓宇訂明檢驗／訂明修葺所發出的法定通知,141617,5/7 PENTLAND ST,141617,5/7 PENTLAND ST,TOW,TOW,11,11,820888.1,837013.3,22.32702298,114.18410866,2025/07/30 11:44:47+00
12706395.2857791,2545862.30542663,1870,Statutory Notices issued on prescribed inspection/repair for buildings,就樓宇訂明檢驗／訂明修葺所發出的法定通知,387010,5/7 THIRD ST,387010,5/7 THIRD ST,TOW,TOW,1,1,816313.2,832827.7,22.28570543,114.14349049,2025/07/30 11:44:47+00
12709039.433559,2550621.50681909,1871,Statutory Notices issued on prescribed inspection/repair for buildings,就樓宇訂明檢驗／訂明修葺所發出的法定通知,290387,5/7 YU CHAU ST,290387,5/7 YU CHAU ST,TOW,TOW,1,1,820692.8,835275.8,22.32525858,114.16724366,2025/07/30 11:44:47+00
12707023.4542372,2541547.75610919,1872,Statutory Notices issued on prescribed inspection/repair for buildings,就樓宇訂明檢驗／訂明修葺所發出的法定通知,692194,5/9 TIN WAN ST,692194,5/9 TIN WAN ST,TOW,TOW,1,1,812341.3,833408.5,22.24983731,114.14913355,2025/07/30 11:44:47+00
12712480.4418352,2553072.79855004,1873,Statutory Notices issued on prescribed inspection/repair for buildings,就樓宇訂明檢驗／訂明修葺所發出的法定通知,1039110,50 NGAN FUNG ST,1039110,50 NGAN FUNG ST,TOW,TOW,6,6,822948.4,838460.1,22.34562728,114.19815504,2025/07/30 11:44:47+00
12709211.6123485,2549606.85800548,1874,Statutory Notices issued on prescribed inspection/repair for buildings,就樓宇訂明檢驗／訂明修葺所發出的法定通知,213449,502 SHANGHAI ST,213449,502 SHANGHAI ST,TOW,TOW,1,1,819759.1,835435.1,22.31682682,114.16879056,2025/07/30 11:44:47+00
12707467.4395159,2552452.58710536,1875,Statutory Notices issued on prescribed inspection/repair for buildings,就樓宇訂明檢驗／訂明修葺所發出的法定通知,1396251,50D/50E WING HONG ST,1396251,50D/50E WING HONG ST,TOW,TOW,8,8,822377.8,833821.2,22.34047428,114.15312212,2025/07/30 11:44:47+00
12711457.8595279,2549665.72522239,1876,Statutory Notices issued on prescribed inspection/repair for buildings,就樓宇訂明檢驗／訂明修葺所發出的法定通知,228385,51 HA HEUNG RD,228385,51 HA HEUNG RD,TOW,TOW,1,1,819813.3,837514.1,22.31731668,114.18896842,2025/07/30 11:44:47+00
12708386.933013,2551499.77811327,1877,Statutory Notices issued on prescribed inspection/repair for buildings,就樓宇訂明檢驗／訂明修葺所發出的法定通知,5282716,51 YEN CHOW ST,5282716,51 YEN CHOW ST,TOW,TOW,1,1,821501,834672,22.33255727,114.16138223,2025/07/30 11:44:47+00
12704091.1071566,2555857.38839378,1878,Statutory Notices issued on prescribed inspection/repair for buildings,就樓宇訂明檢驗／訂明修葺所發出的法定通知,1878801,51/53 TEXACO RD TSUEN WAN TSUEN WAN,1878801,51/53 TEXACO RD TSUEN WAN TSUEN WAN,TOW,TOW,8,8,825511,830697.9,22.36876091,114.12279218,2025/07/30 11:44:47+00
12705281.3287446,2555869.62470286,1879,Statutory Notices issued on prescribed inspection/repair for buildings,就樓宇訂明檢驗／訂明修葺所發出的法定通知,903962,513/529 CASTLE PEAK RD KWAI CHUNG KWAI CHUNG,903962,513/529 CASTLE PEAK RD KWAI CHUNG KWAI CHUNG,TOW,TOW,10,10,825521.9,831799.1,22.36886317,114.13348431,2025/07/30 11:44:47+00
12709146.7508466,2548318.86659895,1880,Statutory Notices issued on prescribed inspection/repair for buildings,就樓宇訂明檢驗／訂明修葺所發出的法定通知,38195,514/516 CANTON RD,38195,514/516 CANTON RD,TOW,TOW,4,4,818573.8,835375,22.30612308,114.16820806,2025/07/30 11:44:47+00
12709204.9117357,2549641.73996054,1881,Statutory Notices issued on prescribed inspection/repair for buildings,就樓宇訂明檢驗／訂明修葺所發出的法定通知,213631,516 SHANGHAI ST,213631,516 SHANGHAI ST,TOW,TOW,1,1,819791.2,835428.9,22.31711697,114.16873052,2025/07/30 11:44:47+00
12703228.8881971,2555930.97590556,1882,Statutory Notices issued on prescribed inspection/repair for buildings,就樓宇訂明檢驗／訂明修葺所發出的法定通知,2336320,52 SAN TSUEN ST TSUEN WAN,2336320,52 SAN TSUEN ST TSUEN WAN,TOW,TOW,2,2,825579,829900.2,22.36937267,114.11504699,2025/07/30 11:44:47+00
12704805.340567,2545494.23058959,1883,Statutory Notices issued on prescribed inspection/repair for buildings,就樓宇訂明檢驗／訂明修葺所發出的法定通知,322551,52/54 BELCHER'S ST,322551,52/54 BELCHER'S ST,TOW,TOW,6,6,815974.8,831355.7,22.28264613,114.12920807,2025/07/30 11:44:47+00
12711261.6422402,2551128.14663981,1884,Statutory Notices issued on prescribed inspection/repair for buildings,就樓宇訂明檢驗／訂明修葺所發出的法定通知,1720956,52/54 JUNCTION RD,1720956,52/54 JUNCTION RD,TOW,TOW,1,1,821159,837332.4,22.32946921,114.1872059,2025/07/30 11:44:47+00
12706965.3323473,2545739.65523889,1885,Statutory Notices issued on prescribed inspection/repair for buildings,就樓宇訂明檢驗／訂明修葺所發出的法定通知,333731,52/54 SAI ST,333731,52/54 SAI ST,TOW,TOW,1,1,816200.2,833355.4,22.28468566,114.14861179,2025/07/30 11:44:47+00
12710934.2677213,2545111.3330505,1886,Statutory Notices issued on prescribed inspection/repair for buildings,就樓宇訂明檢驗／訂明修葺所發出的法定通知,663146,52/54 YUN PING RD,663146,52/54 YUN PING RD,TOW,TOW,1,1,815621.6,837029.7,22.27946321,114.18426512,2025/07/30 11:44:47+00
12708663.4622531,2551351.13130287,1887,Statutory Notices issued on prescribed inspection/repair for buildings,就樓宇訂明檢驗／訂明修葺所發出的法定通知,206147,52/58 FUK WING ST,206147,52/58 FUK WING ST,TOW,TOW,1,1,821364.2,834927.9,22.33132193,114.16386635,2025/07/30 11:44:47+00
12709153.4474692,2548347.55307498,1888,Statutory Notices issued on prescribed inspection/repair for buildings,就樓宇訂明檢驗／訂明修葺所發出的法定通知,26787,526/528 CANTON RD,26787,526/528 CANTON RD,TOW,TOW,1,1,818600.2,835381.2,22.30636152,114.16826755,2025/07/30 11:44:47+00
12709416.3515679,2549725.85909249,1889,Statutory Notices issued on prescribed inspection/repair for buildings,就樓宇訂明檢驗／訂明修葺所發出的法定通知,83849,53 SHANTUNG ST,83849,53 SHANTUNG ST,TOW,TOW,2,2,819868.6,835624.6,22.3178161,114.17062967,2025/07/30 11:44:47+00
12708879.9211829,2551024.89847689,1890,Statutory Notices issued on prescribed inspection/repair for buildings,就樓宇訂明檢驗／訂明修葺所發出的法定通知,2603,53/55 FUK WA ST,2603,53/55 FUK WA ST,TOW,TOW,4,4,821064,835128.2,22.32861121,114.16581096,2025/07/30 11:44:47+00
12708393.6940327,2550893.4662081,1891,Statutory Notices issued on prescribed inspection/repair for buildings,就樓宇訂明檢驗／訂明修葺所發出的法定通知,291571,53/55 NAM CHEONG ST,291571,53/55 NAM CHEONG ST,TOW,TOW,1,1,820943.1,834678.2,22.32751837,114.16144327,2025/07/30 11:44:47+00
12710762.8469402,2545112.53568678,1892,Statutory Notices issued on prescribed inspection/repair for buildings,就樓宇訂明檢驗／訂明修葺所發出的法定通知,485268,53/55 PERCIVAL ST,485268,53/55 PERCIVAL ST,TOW,TOW,2,2,815622.7,836871,22.27947253,114.18272547,2025/07/30 11:44:47+00
12704739.4335881,2572332.78220738,1893,Statutory Notices issued on prescribed inspection/repair for buildings,就樓宇訂明檢驗／訂明修葺所發出的法定通知,1971645,53/55 SAN SHING AVE SHEUNG SHUI,1971645,53/55 SAN SHING AVE SHEUNG SHUI,TOW,TOW,2,2,840659.2,831302.6,22.50555808,114.12861583,2025/07/30 11:44:47+00
12708552.7272437,2551113.11681361,1894,Statutory Notices issued on prescribed inspection/repair for buildings,就樓宇訂明檢驗／訂明修葺所發出的法定通知,267587,143/145 APLIU ST,267587,143/145 APLIU ST,TOW,TOW,6,6,821145.2,834825.4,22.32934358,114.1628716,2025/07/30 11:44:47+00
12709340.5745059,2548168.05809457,1895,Statutory Notices issued on prescribed inspection/repair for buildings,就樓宇訂明檢驗／訂明修葺所發出的法定通知,162244,143/145 WOOSUNG ST,162244,143/145 WOOSUNG ST,TOW,TOW,3,3,818435,835554.4,22.30486999,114.16994865,2025/07/30 11:44:47+00
12708546.5345213,2551477.18846012,1896,Statutory Notices issued on prescribed inspection/repair for buildings,就樓宇訂明檢驗／訂明修葺所發出的法定通知,193811,145/147 KWEILIN ST,193811,145/147 KWEILIN ST,TOW,TOW,1,1,821480.2,834819.7,22.33236883,114.16281579,2025/07/30 11:44:47+00
12709346.9740245,2550005.35322274,1897,Statutory Notices issued on prescribed inspection/repair for buildings,就樓宇訂明檢驗／訂明修葺所發出的法定通知,78910,146/152 SAI YEUNG CHOI ST S,78910,146/152 SAI YEUNG CHOI ST S,TOW,TOW,1,1,820125.8,835560.4,22.32013884,114.17000609,2025/07/30 11:44:47+00
12708335.9979342,2550855.42372802,1898,Statutory Notices issued on prescribed inspection/repair for buildings,就樓宇訂明檢驗／訂明修葺所發出的法定通知,275404,147/151A YEE KUK ST,275404,147/151A YEE KUK ST,TOW,TOW,1,1,820908.1,834624.8,22.32720259,114.16092505,2025/07/30 11:44:47+00
12711506.2231222,2550481.40206036,1899,Statutory Notices issued on prescribed inspection/repair for buildings,就樓宇訂明檢驗／訂明修葺所發出的法定通知,271703,148 TAM KUNG RD,271703,148 TAM KUNG RD,TOW,TOW,1,1,820563.9,837558.8,22.32409439,114.18940336,2025/07/30 11:44:47+00
12709354.9295961,2548473.60887727,1900,Statutory Notices issued on prescribed inspection/repair for buildings,就樓宇訂明檢驗／訂明修葺所發出的法定通知,197390,149 TEMPLE ST,197390,149 TEMPLE ST,TOW,TOW,6,6,818716.2,835567.7,22.30740897,114.17007785,2025/07/30 11:44:47+00
12708131.6689628,2551795.90426855,1901,Statutory Notices issued on prescribed inspection/repair for buildings,就樓宇訂明檢驗／訂明修葺所發出的法定通知,1790469,149/155A PRATAS ST,1790469,149/155A PRATAS ST,TOW,TOW,1,1,821773.5,834435.8,22.33501735,114.15908863,2025/07/30 11:44:47+00
12708332.5672295,2551627.03668125,1902,Statutory Notices issued on prescribed inspection/repair for buildings,就樓宇訂明檢驗／訂明修葺所發出的法定通知,1186243,149A KIU KIANG ST,1186243,149A KIU KIANG ST,TOW,TOW,10,10,821618.1,834621.7,22.33361418,114.16089399,2025/07/30 11:44:47+00
12709390.3113076,2547209.17686784,1903,Statutory Notices issued on prescribed inspection/repair for buildings,就樓宇訂明檢驗／訂明修葺所發出的法定通知,1663,15 ASHLEY RD,1663,15 ASHLEY RD,TOW,TOW,6,6,817552.5,835600.4,22.29690058,114.17039564,2025/07/30 11:44:47+00
12711152.2893945,2551094.35526813,1904,Statutory Notices issued on prescribed inspection/repair for buildings,就樓宇訂明檢驗／訂明修葺所發出的法定通知,1429240,15 GRAMPIAN RD,1429240,15 GRAMPIAN RD,TOW,TOW,1,1,821127.9,837231.2,22.32918842,114.18622369,2025/07/30 11:44:47+00
12711343.8599689,2550971.97230349,1905,Statutory Notices issued on prescribed inspection/repair for buildings,就樓宇訂明檢驗／訂明修葺所發出的法定通知,978923,15 LION ROCK RD,978923,15 LION ROCK RD,TOW,TOW,1,1,821015.3,837408.5,22.32817124,114.18794471,2025/07/30 11:44:47+00
12711287.4872975,2543684.50693156,1906,Statutory Notices issued on prescribed inspection/repair for buildings,就樓宇訂明檢驗／訂明修葺所發出的法定通知,438760,15 TSUN YUEN ST,438760,15 TSUN YUEN ST,TOW,TOW,1,1,814308.2,837356.8,22.2676015,114.18743843,2025/07/30 11:44:47+00
12711129.1629947,2543904.27711164,1907,Statutory Notices issued on prescribed inspection/repair for buildings,就樓宇訂明檢驗／訂明修葺所發出的法定通知,437254,15 YUEN YUEN ST,437254,15 YUEN YUEN ST,TOW,TOW,1,1,814510.5,837210.2,22.26942889,114.18601593,2025/07/30 11:44:47+00
12711740.5957227,2545020.45175361,1908,Statutory Notices issued on prescribed inspection/repair for buildings,就樓宇訂明檢驗／訂明修葺所發出的法定通知,444556,15/16 SCHOOL ST,444556,15/16 SCHOOL ST,TOW,TOW,1,1,815538,837776.2,22.27870709,114.19150896,2025/07/30 11:44:47+00
12710871.0110261,2543616.74620794,1909,Statutory Notices issued on prescribed inspection/repair for buildings,就樓宇訂明檢驗／訂明修葺所發出的法定通知,637608,15/17 VILLAGE TERRACE,637608,15/17 VILLAGE TERRACE,TOW,TOW,2,2,814245.8,836971.2,22.26703827,114.18369721,2025/07/30 11:44:47+00
12708367.0998332,2549973.22225093,1910,Statutory Notices issued on prescribed inspection/repair for buildings,就樓宇訂明檢驗／訂明修葺所發出的法定通知,296237,15/17A KA SHIN ST,296237,15/17A KA SHIN ST,TOW,TOW,1,1,820096.3,834653.5,22.31987131,114.16120449,2025/07/30 11:44:47+00
12709350.802799,2548951.82951267,1911,Statutory Notices issued on prescribed inspection/repair for buildings,就樓宇訂明檢驗／訂明修葺所發出的法定通知,195146,15/19 TEMPLE ST,195146,15/19 TEMPLE ST,TOW,TOW,1,1,819156.3,835563.9,22.31138347,114.17004125,2025/07/30 11:44:47+00
12709131.4659431,2549216.74150728,1912,Statutory Notices issued on prescribed inspection/repair for buildings,就樓宇訂明檢驗／訂明修葺所發出的法定通知,34483,15/27A PITT ST,34483,15/27A PITT ST,TOW,TOW,1,1,819400.1,835360.9,22.31358535,114.16807074,2025/07/30 11:44:47+00
12706491.3727308,2546101.99623103,1913,Statutory Notices issued on prescribed inspection/repair for buildings,就樓宇訂明檢驗／訂明修葺所發出的法定通知,1412872,150 DES VOEUX RD W,1412872,150 DES VOEUX RD W,TOW,TOW,1,1,816533.8,832916.7,22.28769759,114.14435366,2025/07/30 11:44:47+00
12708621.1334701,2551021.72583066,1914,Statutory Notices issued on prescribed inspection/repair for buildings,就樓宇訂明檢驗／訂明修葺所發出的法定通知,296167,152/154 YU CHAU ST,296167,152/154 YU CHAU ST,TOW,TOW,4,4,821061.1,834888.7,22.32858475,114.16348592,2025/07/30 11:44:47+00
12708621.1334701,2551021.72583066,1915,Statutory Notices issued on prescribed inspection/repair for buildings,就樓宇訂明檢驗／訂明修葺所發出的法定通知,296054,152/154 YU CHAU ST,296054,152/154 YU CHAU ST,POD,POD,4,4,821061.1,834888.7,22.32858475,114.16348592,2025/07/30 11:44:47+00
12708326.596566,2550863.13868872,1916,Statutory Notices issued on prescribed inspection/repair for buildings,就樓宇訂明檢驗／訂明修葺所發出的法定通知,276133,153 YEE KUK ST,276133,153 YEE KUK ST,TOW,TOW,1,1,820915.2,834616.1,22.32726665,114.16083981,2025/07/30 11:44:47+00
12708568.283901,2551147.35158111,1917,Statutory Notices issued on prescribed inspection/repair for buildings,就樓宇訂明檢驗／訂明修葺所發出的法定通知,271614,154/156 APLIU ST,271614,154/156 APLIU ST,TOW,TOW,3,3,821176.7,834839.8,22.32962862,114.16301081,2025/07/30 11:44:47+00
12709343.6237747,2550022.95763089,1918,Statutory Notices issued on prescribed inspection/repair for buildings,就樓宇訂明檢驗／訂明修葺所發出的法定通知,78947,154/158 SAI YEUNG CHOI ST S,78947,154/158 SAI YEUNG CHOI ST S,TOW,TOW,1,1,820142,835557.3,22.32028495,114.16997671,2025/07/30 11:44:47+00
12709349.7448408,2548450.68132797,1919,Statutory Notices issued on prescribed inspection/repair for buildings,就樓宇訂明檢驗／訂明修葺所發出的法定通知,197856,155 TEMPLE ST,197856,155 TEMPLE ST,TOW,TOW,1,1,818695.1,835562.9,22.30721824,114.17003103,2025/07/30 11:44:47+00
12714891.8526632,2548928.23318137,1920,Statutory Notices issued on prescribed inspection/repair for buildings,就樓宇訂明檢驗／訂明修葺所發出的法定通知,884920,156 WAI YIP ST,884920,156 WAI YIP ST,TOW,TOW,2,2,819135.2,840692.6,22.31118728,114.21981712,2025/07/30 11:44:47+00
12709385.6123107,2548469.58979753,1921,Statutory Notices issued on prescribed inspection/repair for buildings,就樓宇訂明檢驗／訂明修葺所發出的法定通知,200893,156/158 TEMPLE ST,200893,156/158 TEMPLE ST,TOW,TOW,2,2,818712.5,835596.1,22.30737572,114.17035311,2025/07/30 11:44:47+00
12708380.1069136,2551681.05590564,1922,Statutory Notices issued on prescribed inspection/repair for buildings,就樓宇訂明檢驗／訂明修葺所發出的法定通知,1189433,157 KIU KIANG ST,1189433,157 KIU KIANG ST,TOW,TOW,11,11,821667.8,834665.7,22.33406334,114.16132104,2025/07/30 11:44:47+00
12709347.6924505,2548443.7269842,1923,Statutory Notices issued on prescribed inspection/repair for buildings,就樓宇訂明檢驗／訂明修葺所發出的法定通知,197902,157/159 TEMPLE ST,197902,157/159 TEMPLE ST,TOW,TOW,12,12,818688.7,835561,22.30716039,114.17001314,2025/07/30 11:44:47+00
12711723.4673259,2551147.45284736,1924,Statutory Notices issued on prescribed inspection/repair for buildings,就樓宇訂明檢驗／訂明修葺所發出的法定通知,1213659,53/55 TAK KU LING RD,1213659,53/55 TAK KU LING RD,TOW,TOW,14,14,821176.8,837759.8,22.32962914,114.19135494,2025/07/30 11:44:47+00
12705267.4904085,2555881.90462887,1925,Statutory Notices issued on prescribed inspection/repair for buildings,就樓宇訂明檢驗／訂明修葺所發出的法定通知,905495,531/535 CASTLE PEAK RD KWAI CHUNG KWAI CHUNG,905495,531/535 CASTLE PEAK RD KWAI CHUNG KWAI CHUNG,TOW,TOW,1,1,825533.2,831786.3,22.36896502,114.13336018,2025/07/30 11:44:47+00
12711657.9799746,2551076.8189394,1926,Statutory Notices issued on prescribed inspection/repair for buildings,就樓宇訂明檢驗／訂明修葺所發出的法定通知,1185386,54 NGA TSIN WAI RD,1185386,54 NGA TSIN WAI RD,TOW,TOW,1,1,821111.8,837699.2,22.32904247,114.19076638,2025/07/30 11:44:47+00
12703233.3206495,2555928.58616417,1927,Statutory Notices issued on prescribed inspection/repair for buildings,就樓宇訂明檢驗／訂明修葺所發出的法定通知,2336330,54 SAN TSUEN ST TSUEN WAN,2336330,54 SAN TSUEN ST TSUEN WAN,TOW,TOW,2,2,825576.8,829904.3,22.3693529,114.1150862,2025/07/30 11:44:47+00
12703267.5098948,2555843.69969748,1928,Statutory Notices issued on prescribed inspection/repair for buildings,就樓宇訂明檢驗／訂明修葺所發出的法定通知,1986703,54/56 HO PUI ST TSUEN WAN,1986703,54/56 HO PUI ST TSUEN WAN,TOW,TOW,2,2,825498.7,829935.9,22.36864738,114.11539398,2025/07/30 11:44:47+00
12708569.6546684,2551520.11903607,1929,Statutory Notices issued on prescribed inspection/repair for buildings,就樓宇訂明檢驗／訂明修葺所發出的法定通知,191839,54/56 UN CHAU ST,191839,54/56 UN CHAU ST,TOW,TOW,1,1,821519.7,834841.1,22.33272613,114.16302371,2025/07/30 11:44:47+00
12709168.2449338,2548410.79387781,1930,Statutory Notices issued on prescribed inspection/repair for buildings,就樓宇訂明檢驗／訂明修葺所發出的法定通知,26830,546/548 CANTON RD,26830,546/548 CANTON RD,TOW,TOW,2,2,818658.4,835394.9,22.30688707,114.16840114,2025/07/30 11:44:47+00
12709420.7813874,2549726.61995309,1931,Statutory Notices issued on prescribed inspection/repair for buildings,就樓宇訂明檢驗／訂明修葺所發出的法定通知,229111,55 SHANTUNG ST,229111,55 SHANTUNG ST,TOW,TOW,2,2,819869.3,835628.7,22.31782247,114.17066988,2025/07/30 11:44:47+00
12703282.5234381,2555868.81723533,1932,Statutory Notices issued on prescribed inspection/repair for buildings,就樓宇訂明檢驗／訂明修葺所發出的法定通知,1985751,55/57 HO PUI ST TSUEN WAN,1985751,55/57 HO PUI ST TSUEN WAN,TOW,TOW,11,11,825521.8,829949.8,22.36885656,114.11552859,2025/07/30 11:44:47+00
12709177.6421637,2548446.54355895,1933,Statutory Notices issued on prescribed inspection/repair for buildings,就樓宇訂明檢驗／訂明修葺所發出的法定通知,26866,556/558 CANTON RD,26866,556/558 CANTON RD,TOW,TOW,2,2,818691.3,835403.6,22.3071838,114.16848501,2025/07/30 11:44:47+00
12707385.3593628,2545449.76325149,1934,Statutory Notices issued on prescribed inspection/repair for buildings,就樓宇訂明檢驗／訂明修葺所發出的法定通知,414476,56 PEEL ST,414476,56 PEEL ST,TOW,TOW,1,1,815933.3,833744.2,22.28227634,114.15238524,2025/07/30 11:44:47+00
12709143.6103325,2548449.91009749,1935,Statutory Notices issued on prescribed inspection/repair for buildings,就樓宇訂明檢驗／訂明修葺所發出的法定通知,26628,563/565 CANTON RD,26628,563/565 CANTON RD,TOW,TOW,1,1,818694.4,835372.1,22.30721185,114.16817971,2025/07/30 11:44:47+00
12709145.554479,2548459.0376673,1936,Statutory Notices issued on prescribed inspection/repair for buildings,就樓宇訂明檢驗／訂明修葺所發出的法定通知,26645,567/569 CANTON RD,26645,567/569 CANTON RD,TOW,TOW,1,1,818702.8,835373.9,22.30728791,114.16819722,2025/07/30 11:44:47+00
12710754.5153131,2544736.1060561,1937,Statutory Notices issued on prescribed inspection/repair for buildings,就樓宇訂明檢驗／訂明修葺所發出的法定通知,687382,157/159 WONG NAI CHUNG RD,687382,157/159 WONG NAI CHUNG RD,TOW,TOW,2,2,815276.2,836863.3,22.27634398,114.18265066,2025/07/30 11:44:47+00
12708599.7101319,2551343.95287979,1938,Statutory Notices issued on prescribed inspection/repair for buildings,就樓宇訂明檢驗／訂明修葺所發出的法定通知,293401,159 PEI HO ST,293401,159 PEI HO ST,TOW,TOW,1,1,821357.6,834868.9,22.33126202,114.16329338,2025/07/30 11:44:47+00
12708664.0450512,2550853.49914457,1939,Statutory Notices issued on prescribed inspection/repair for buildings,就樓宇訂明檢驗／訂明修葺所發出的法定通知,2010901,159/161 KI LUNG ST,2010901,159/161 KI LUNG ST,TOW,TOW,1,1,820906.3,834928.4,22.3271871,114.16387144,2025/07/30 11:44:47+00
12706366.6657243,2545838.07151511,1940,Statutory Notices issued on prescribed inspection/repair for buildings,就樓宇訂明檢驗／訂明修葺所發出的法定通知,390097,16 THIRD ST,390097,16 THIRD ST,TOW,TOW,6,6,816290.9,832801.2,22.28550389,114.143234,2025/07/30 11:44:47+00
12711298.4783724,2543321.14290151,1941,Statutory Notices issued on prescribed inspection/repair for buildings,就樓宇訂明檢驗／訂明修葺所發出的法定通知,489236,16/20 BROOM RD,489236,16/20 BROOM RD,TOW,TOW,11,11,813973.7,837367,22.26458103,114.18753738,2025/07/30 11:44:47+00
12709381.5077354,2548450.13943563,1942,Statutory Notices issued on prescribed inspection/repair for buildings,就樓宇訂明檢驗／訂明修葺所發出的法定通知,200942,160/162 TEMPLE ST,200942,160/162 TEMPLE ST,TOW,TOW,12,12,818694.6,835592.3,22.30721379,114.17031673,2025/07/30 11:44:47+00
12708606.0048516,2551034.54831343,1943,Statutory Notices issued on prescribed inspection/repair for buildings,就樓宇訂明檢驗／訂明修葺所發出的法定通知,296295,160/162 YU CHAU ST,296295,160/162 YU CHAU ST,TOW,TOW,1,1,821072.9,834874.7,22.32869084,114.16335002,2025/07/30 11:44:47+00
12709345.5321326,2548434.38211604,1944,Statutory Notices issued on prescribed inspection/repair for buildings,就樓宇訂明檢驗／訂明修葺所發出的法定通知,197903,161/163 TEMPLE ST,197903,161/163 TEMPLE ST,TOW,TOW,12,12,818680.1,835559,22.30708278,114.16999314,2025/07/30 11:44:47+00
12709325.1133847,2548429.60013041,1945,Statutory Notices issued on prescribed inspection/repair for buildings,就樓宇訂明檢驗／訂明修葺所發出的法定通知,217219,162/164 SHANGHAI ST,217219,162/164 SHANGHAI ST,TOW,TOW,2,2,818675.7,835540.1,22.30704345,114.16981025,2025/07/30 11:44:47+00
12709351.8226836,2550306.37219652,1946,Statutory Notices issued on prescribed inspection/repair for buildings,就樓宇訂明檢驗／訂明修葺所發出的法定通知,191599,162/164 TUNG CHOI ST,191599,162/164 TUNG CHOI ST,TOW,TOW,2,2,820402.8,835564.9,22.3226397,114.17004946,2025/07/30 11:44:47+00
12708591.7409898,2551043.45850988,1947,Statutory Notices issued on prescribed inspection/repair for buildings,就樓宇訂明檢驗／訂明修葺所發出的法定通知,296340,164 YU CHAU ST,296340,164 YU CHAU ST,TOW,TOW,3,3,821081.1,834861.5,22.32876503,114.16322248,2025/07/30 11:44:47+00
12706552.3178404,2546003.3596884,1948,Statutory Notices issued on prescribed inspection/repair for buildings,就樓宇訂明檢驗／訂明修葺所發出的法定通知,362725,164/166 QUEEN'S RD W,362725,164/166 QUEEN'S RD W,TOW,TOW,6,6,816443,832973.1,22.28687778,114.14490172,2025/07/30 11:44:47+00
12709379.2393564,2548440.90322376,1949,Statutory Notices issued on prescribed inspection/repair for buildings,就樓宇訂明檢驗／訂明修葺所發出的法定通知,304932,164/166 TEMPLE ST,304932,164/166 TEMPLE ST,TOW,TOW,12,12,818686.1,835590.2,22.30713699,114.17029661,2025/07/30 11:44:47+00
12708621.6923843,2550809.69927382,1950,Statutory Notices issued on prescribed inspection/repair for buildings,就樓宇訂明檢驗／訂明修葺所發出的法定通知,1116752,165/167 TAI NAN ST,1116752,165/167 TAI NAN ST,TOW,TOW,2,2,820866,834889.2,22.32682257,114.16349145,2025/07/30 11:44:47+00
12709330.3251693,2550214.8696423,1951,Statutory Notices issued on prescribed inspection/repair for buildings,就樓宇訂明檢驗／訂明修葺所發出的法定通知,182896,165/167 TUNG CHOI ST,182896,165/167 TUNG CHOI ST,TOW,TOW,1,1,820318.6,835545,22.32187987,114.16985671,2025/07/30 11:44:47+00
12715217.6818577,2545290.37093909,1952,Statutory Notices issued on prescribed inspection/repair for buildings,就樓宇訂明檢驗／訂明修葺所發出的法定通知,1497288,166/168 SHAU KEI WAN RD,1497288,166/168 SHAU KEI WAN RD,TOW,TOW,1,1,815787.1,840995.2,22.28095084,114.22274372,2025/07/30 11:44:47+00
12714872.1694615,2548857.6078711,1953,Statutory Notices issued on prescribed inspection/repair for buildings,就樓宇訂明檢驗／訂明修葺所發出的法定通知,964298,167&169 HOI BUN RD,964298,167&169 HOI BUN RD,TOW,TOW,6,6,819070.2,840674.4,22.31060034,114.21963981,2025/07/30 11:44:47+00
12708730.1439095,2551211.37678625,1954,Statutory Notices issued on prescribed inspection/repair for buildings,就樓宇訂明檢驗／訂明修葺所發出的法定通知,683622,168/170 NAM CHEONG ST,683622,168/170 NAM CHEONG ST,TOW,TOW,2,2,821235.6,834989.6,22.3301607,114.16446494,2025/07/30 11:44:47+00
12706544.8629509,2546010.09407054,1955,Statutory Notices issued on prescribed inspection/repair for buildings,就樓宇訂明檢驗／訂明修葺所發出的法定通知,362922,168/170 QUEEN'S RD W,362922,168/170 QUEEN'S RD W,TOW,TOW,1,1,816449.2,832966.2,22.2869335,114.1448347,2025/07/30 11:44:47+00
12709377.0790167,2548431.66702129,1956,Statutory Notices issued on prescribed inspection/repair for buildings,就樓宇訂明檢驗／訂明修葺所發出的法定通知,304946,168/170 TEMPLE ST,304946,168/170 TEMPLE ST,TOW,TOW,23,23,818677.6,835588.2,22.30706077,114.17027642,2025/07/30 11:44:47+00
12708501.3975825,2551155.27872932,1957,Statutory Notices issued on prescribed inspection/repair for buildings,就樓宇訂明檢驗／訂明修葺所發出的法定通知,268132,169/171 APLIU ST,268132,169/171 APLIU ST,TOW,TOW,2,2,821184,834777.9,22.32969461,114.1624102,2025/07/30 11:44:47+00
12711903.3523012,2544812.17650997,1958,Statutory Notices issued on prescribed inspection/repair for buildings,就樓宇訂明檢驗／訂明修葺所發出的法定通知,563616,16A/16B TAI HANG RD,563616,16A/16B TAI HANG RD,TOW,TOW,1,1,815346.3,837926.9,22.27697627,114.19297078,2025/07/30 11:44:47+00
12706721.2539487,2546049.56877351,1959,Statutory Notices issued on prescribed inspection/repair for buildings,就樓宇訂明檢驗／訂明修葺所發出的法定通知,381382,17 KO SHING ST,381382,17 KO SHING ST,TOW,TOW,3,3,816485.5,833129.5,22.28726153,114.14641944,2025/07/30 11:44:47+00
12712358.3086061,2552937.71485765,1960,Statutory Notices issued on prescribed inspection/repair for buildings,就樓宇訂明檢驗／訂明修葺所發出的法定通知,1058133,17 TSUI FUNG ST,1058133,17 TSUI FUNG ST,TOW,TOW,2,2,822824.1,838347.1,22.34450441,114.19705766,2025/07/30 11:44:47+00
12706183.1988052,2571560.30807821,1961,Statutory Notices issued on prescribed inspection/repair for buildings,就樓宇訂明檢驗／訂明修葺所發出的法定通知,1511507,17 WO TAI ST FANLING,1511507,17 WO TAI ST FANLING,TOW,TOW,6,6,839948.9,832636.9,22.49914767,114.14158577,2025/07/30 11:44:47+00
12710817.6473937,2548548.91242515,1962,Statutory Notices issued on prescribed inspection/repair for buildings,就樓宇訂明檢驗／訂明修葺所發出的法定通知,1765474,17/19 COOKE ST,1765474,17/19 COOKE ST,TOW,TOW,1,1,818785.5,836921.6,22.30803496,114.18321791,2025/07/30 11:44:47+00
12709032.5231288,2550545.65209827,1963,Statutory Notices issued on prescribed inspection/repair for buildings,就樓宇訂明檢驗／訂明修葺所發出的法定通知,246095,17/19 KI LUNG ST,246095,17/19 KI LUNG ST,TOW,TOW,16,16,820623,835269.4,22.32462826,114.16718167,2025/07/30 11:44:47+00
12711411.4062386,2549742.77464082,1964,Statutory Notices issued on prescribed inspection/repair for buildings,就樓宇訂明檢驗／訂明修葺所發出的法定通知,1222375,17/19 KOWLOON CITY RD,1222375,17/19 KOWLOON CITY RD,TOW,TOW,18,18,819884.2,837471.1,22.31795661,114.18855104,2025/07/30 11:44:47+00
12706325.4539892,2571598.53272441,1965,Statutory Notices issued on prescribed inspection/repair for buildings,就樓宇訂明檢驗／訂明修葺所發出的法定通知,1565233,17/19 LUEN CHEONG ST FANLING,1565233,17/19 LUEN CHEONG ST FANLING,TOW,TOW,2,2,839984,832768.4,22.49946492,114.14286331,2025/07/30 11:44:47+00
12707294.4284957,2545328.72243011,1966,Statutory Notices issued on prescribed inspection/repair for buildings,就樓宇訂明檢驗／訂明修葺所發出的法定通知,409490,17/19 PRINCE'S TERRACE,409490,17/19 PRINCE'S TERRACE,TOW,TOW,1,1,815821.9,833660,22.28127003,114.15156836,2025/07/30 11:44:47+00
12706502.6111574,2546082.55116733,1967,Statutory Notices issued on prescribed inspection/repair for buildings,就樓宇訂明檢驗／訂明修葺所發出的法定通知,406263,17/23 TSZ MI ALLEY,406263,17/23 TSZ MI ALLEY,TOW,TOW,4,4,816515.9,832927.1,22.28753637,114.14445485,2025/07/30 11:44:47+00
12711288.7236624,2549010.70042359,1968,Statutory Notices issued on prescribed inspection/repair for buildings,就樓宇訂明檢驗／訂明修葺所發出的法定通知,209548,170/172 MA TAU WAI RD,209548,170/172 MA TAU WAI RD,TOW,TOW,1,1,819210.5,837357.6,22.31187284,114.18744919,2025/07/30 11:44:47+00
12708593.675621,2551158.76502627,1969,Statutory Notices issued on prescribed inspection/repair for buildings,就樓宇訂明檢驗／訂明修葺所發出的法定通知,281290,171 CHEUNG SHA WAN RD,281290,171 CHEUNG SHA WAN RD,TOW,TOW,1,1,821187.2,834863.3,22.32972294,114.1632398,2025/07/30 11:44:47+00
12708589.583971,2550998.35755356,1970,Statutory Notices issued on prescribed inspection/repair for buildings,就樓宇訂明檢驗／訂明修葺所發出的法定通知,292315,171/173 YU CHAU ST,292315,171/173 YU CHAU ST,TOW,TOW,2,2,821039.6,834859.5,22.3283906,114.16320263,2025/07/30 11:44:47+00
12706438.5498554,2546102.6365985,1971,Statutory Notices issued on prescribed inspection/repair for buildings,就樓宇訂明檢驗／訂明修葺所發出的法定通知,1420530,172 DES VOEUX RD W,1420530,172 DES VOEUX RD W,TOW,TOW,3,3,816534.4,832867.8,22.2877027,114.14387968,2025/07/30 11:44:47+00
12708601.797768,2550955.97492062,1972,Statutory Notices issued on prescribed inspection/repair for buildings,就樓宇訂明檢驗／訂明修葺所發出的法定通知,219194,172/176A KI LUNG ST,219194,172/176A KI LUNG ST,TOW,TOW,1,1,821000.6,834870.8,22.32803851,114.16331247,2025/07/30 11:44:47+00
12708587.8401122,2551165.17646454,1973,Statutory Notices issued on prescribed inspection/repair for buildings,就樓宇訂明檢驗／訂明修葺所發出的法定通知,281343,173/175 CHEUNG SHA WAN RD,281343,173/175 CHEUNG SHA WAN RD,TOW,TOW,1,1,821193.1,834857.9,22.32977668,114.16318716,2025/07/30 11:44:47+00
12709307.7164435,2548493.27421841,1974,Statutory Notices issued on prescribed inspection/repair for buildings,就樓宇訂明檢驗／訂明修葺所發出的法定通知,214077,173/175 SHANGHAI ST,214077,173/175 SHANGHAI ST,TOW,TOW,1,1,818734.3,835524,22.30757239,114.16965342,2025/07/30 11:44:47+00
12709171.1423082,2550716.27870331,1975,Statutory Notices issued on prescribed inspection/repair for buildings,就樓宇訂明檢驗／訂明修葺所發出的法定通知,5215974,175/177 SAI YEUNG CHOI ST N,5215974,175/177 SAI YEUNG CHOI ST N,TOW,TOW,22,22,820780,835397.7,22.32604652,114.16842689,2025/07/30 11:44:47+00
12708295.2624182,2550853.35452323,1976,Statutory Notices issued on prescribed inspection/repair for buildings,就樓宇訂明檢驗／訂明修葺所發出的法定通知,207708,176/178 HAI TAN ST,207708,176/178 HAI TAN ST,TOW,TOW,2,2,820906.2,834587.1,22.32718526,114.16055825,2025/07/30 11:44:47+00
12709415.0309197,2550314.63400759,1977,Statutory Notices issued on prescribed inspection/repair for buildings,就樓宇訂明檢驗／訂明修葺所發出的法定通知,261919,176/180 FA YUEN ST,261919,176/180 FA YUEN ST,TOW,TOW,25,25,820410.4,835623.4,22.32270891,114.17061811,2025/07/30 11:44:47+00
12709427.6702728,2550373.53487373,1978,Statutory Notices issued on prescribed inspection/repair for buildings,就樓宇訂明檢驗／訂明修葺所發出的法定通知,67856,177/179 SAI YEE ST,67856,177/179 SAI YEE ST,TOW,TOW,2,2,820464.6,835635.1,22.32319852,114.1707308,2025/07/30 11:44:47+00
12708569.3763966,2551016.069965,1979,Statutory Notices issued on prescribed inspection/repair for buildings,就樓宇訂明檢驗／訂明修葺所發出的法定通知,292462,179 YU CHAU ST,292462,179 YU CHAU ST,TOW,TOW,1,1,821055.9,834840.8,22.32853762,114.16302062,2025/07/30 11:44:47+00
12711631.4295398,2550221.2296731,1980,Statutory Notices issued on prescribed inspection/repair for buildings,就樓宇訂明檢驗／訂明修葺所發出的法定通知,2336359,179/179A KOWLOON CITY RD,2336359,179/179A KOWLOON CITY RD,TOW,TOW,1,1,820324.5,837674.7,22.32193276,114.19052776,2025/07/30 11:44:47+00
12708626.0077961,2550885.77245778,1981,Statutory Notices issued on prescribed inspection/repair for buildings,就樓宇訂明檢驗／訂明修葺所發出的法定通知,2012566,179/181 KI LUNG ST,2012566,179/181 KI LUNG ST,TOW,TOW,3,3,820936,834893.2,22.32745522,114.16352986,2025/07/30 11:44:47+00
12708920.8855415,2550852.54128683,1982,Statutory Notices issued on prescribed inspection/repair for buildings,就樓宇訂明檢驗／訂明修葺所發出的法定通知,20212,18/20 APLIU ST,20212,18/20 APLIU ST,TOW,TOW,1,1,820905.4,835166.1,22.32717888,114.16617868,2025/07/30 11:44:47+00
12706435.6441088,2546052.65921451,1983,Statutory Notices issued on prescribed inspection/repair for buildings,就樓宇訂明檢驗／訂明修葺所發出的法定通知,353536,18/20 EASTERN ST,353536,18/20 EASTERN ST,TOW,TOW,1,1,816488.4,832865.1,22.28728728,114.1438534,2025/07/30 11:44:47+00
12709050.2969679,2549689.0014374,1984,Statutory Notices issued on prescribed inspection/repair for buildings,就樓宇訂明檢驗／訂明修葺所發出的法定通知,223057,18/20 THISTLE ST,223057,18/20 THISTLE ST,TOW,TOW,2,2,819834.7,835285.8,22.3175096,114.16734106,2025/07/30 11:44:47+00
12711000.8672974,2548324.52051305,1985,Statutory Notices issued on prescribed inspection/repair for buildings,就樓宇訂明檢驗／訂明修葺所發出的法定通知,1692881,18/20A WHAMPOA ST,1692881,18/20A WHAMPOA ST,TOW,TOW,3,3,818579,837091.2,22.30616985,114.18486319,2025/07/30 11:44:47+00
12715370.6240144,2545259.5783795,1986,Statutory Notices issued on prescribed inspection/repair for buildings,就樓宇訂明檢驗／訂明修葺所發出的法定通知,1485374,181 SHAU KEI WAN RD,1485374,181 SHAU KEI WAN RD,TOW,TOW,6,6,815758.8,841136.8,22.28069564,114.22411789,2025/07/30 11:44:47+00
12711101.8167569,2550899.71895448,1987,Statutory Notices issued on prescribed inspection/repair for buildings,就樓宇訂明檢驗／訂明修葺所發出的法定通知,240846,181/181C BOUNDARY ST,240846,181/181C BOUNDARY ST,TOW,TOW,1,1,820948.8,837184.5,22.32757031,114.18577024,2025/07/30 11:44:47+00
12709311.3888101,2548512.39864518,1988,Statutory Notices issued on prescribed inspection/repair for buildings,就樓宇訂明檢驗／訂明修葺所發出的法定通知,214175,181/183 SHANGHAI ST,214175,181/183 SHANGHAI ST,TOW,TOW,2,2,818751.9,835527.4,22.3077315,114.16968714,2025/07/30 11:44:47+00
12708641.6792722,2550841.32554874,1989,Statutory Notices issued on prescribed inspection/repair for buildings,就樓宇訂明檢驗／訂明修葺所發出的法定通知,1124654,182 TAI NAN ST,1124654,182 TAI NAN ST,TOW,TOW,1,1,820895.1,834907.7,22.32708539,114.16367059,2025/07/30 11:44:47+00
12706565.3821429,2546033.3484043,1990,Statutory Notices issued on prescribed inspection/repair for buildings,就樓宇訂明檢驗／訂明修葺所發出的法定通知,351166,183 QUEEN'S RD W,351166,183 QUEEN'S RD W,TOW,TOW,1,1,816470.6,832985.2,22.2871273,114.14501895,2025/07/30 11:44:47+00
12708618.1193851,2550892.2922977,1991,Statutory Notices issued on prescribed inspection/repair for buildings,就樓宇訂明檢驗／訂明修葺所發出的法定通知,2012589,183/185 KI LUNG ST,2012589,183/185 KI LUNG ST,TOW,TOW,1,1,820942,834885.9,22.32750942,114.1634587,2025/07/30 11:44:47+00
12708689.2324496,2550720.04835102,1992,Statutory Notices issued on prescribed inspection/repair for buildings,就樓宇訂明檢驗／訂明修葺所發出的法定通知,182792,184/186 LAI CHI KOK RD,182792,184/186 LAI CHI KOK RD,TOW,TOW,18,18,820783.5,834951.7,22.32607743,114.16409767,2025/07/30 11:44:47+00
12709340.1278252,2548488.711998,1993,Statutory Notices issued on prescribed inspection/repair for buildings,就樓宇訂明檢驗／訂明修葺所發出的法定通知,217459,184/186 SHANGHAI ST,217459,184/186 SHANGHAI ST,TOW,TOW,1,1,818730.1,835554,22.30753507,114.16994479,2025/07/30 11:44:47+00
12707728.7670725,2541468.03823366,1994,Statutory Notices issued on prescribed inspection/repair for buildings,就樓宇訂明檢驗／訂明修葺所發出的法定通知,868394,185 ABERDEEN MAIN RD,868394,185 ABERDEEN MAIN RD,TOW,TOW,6,6,812267.8,834061.6,22.24917508,114.15547024,2025/07/30 11:44:47+00
12709247.9505178,2548913.03176195,1995,Statutory Notices issued on prescribed inspection/repair for buildings,就樓宇訂明檢驗／訂明修葺所發出的法定通知,290599,185 RECLAMATION ST,290599,185 RECLAMATION ST,TOW,TOW,1,1,819120.6,835468.7,22.31106072,114.16911702,2025/07/30 11:44:47+00
12709313.7651889,2548521.85223129,1996,Statutory Notices issued on prescribed inspection/repair for buildings,就樓宇訂明檢驗／訂明修葺所發出的法定通知,214191,185/187 SHANGHAI ST,214191,185/187 SHANGHAI ST,TOW,TOW,1,1,818760.6,835529.6,22.3078103,114.169708,2025/07/30 11:44:47+00
12715391.684935,2545252.18422573,1997,Statutory Notices issued on prescribed inspection/repair for buildings,就樓宇訂明檢驗／訂明修葺所發出的法定通知,1485570,187/193 SHAU KEI WAN RD,1485570,187/193 SHAU KEI WAN RD,TOW,TOW,4,4,815752,841156.3,22.28063375,114.22430646,2025/07/30 11:44:47+00
12708627.5234068,2550852.9525709,1998,Statutory Notices issued on prescribed inspection/repair for buildings,就樓宇訂明檢驗／訂明修葺所發出的法定通知,1125059,188/190 TAI NAN ST,1125059,188/190 TAI NAN ST,TOW,TOW,4,4,820905.8,834894.6,22.32718169,114.16354349,2025/07/30 11:44:47+00
12708815.1080548,2550777.33018429,1999,Statutory Notices issued on prescribed inspection/repair for buildings,就樓宇訂明檢驗／訂明修葺所發出的法定通知,265223,19 BOUNDARY ST,265223,19 BOUNDARY ST,TOW,TOW,1,1,820836.2,835068.2,22.32655389,114.16522873,2025/07/30 11:44:47+00
12706787.5055651,2545874.4473323,2000,Statutory Notices issued on prescribed inspection/repair for buildings,就樓宇訂明檢驗／訂明修葺所發出的法定通知,604123,19 NEW ST,604123,19 NEW ST,TOW,TOW,2,2,816324.3,833190.8,22.28580611,114.14701469,2025/07/30 11:44:47+00
12706873.7167427,2545817.86088775,2001,Statutory Notices issued on prescribed inspection/repair for buildings,就樓宇訂明檢驗／訂明修葺所發出的法定通知,303272,19 TAI PING SHAN ST,303272,19 TAI PING SHAN ST,TOW,TOW,1,1,816272.2,833270.6,22.28533628,114.14778837,2025/07/30 11:44:47+00
12706186.8761162,2571564.55245163,2002,Statutory Notices issued on prescribed inspection/repair for buildings,就樓宇訂明檢驗／訂明修葺所發出的法定通知,1511515,19 WO TAI ST FANLING,1511515,19 WO TAI ST FANLING,TOW,TOW,6,6,839952.8,832640.3,22.49918267,114.14161855,2025/07/30 11:44:47+00
12704967.0571537,2545449.62951718,2003,Statutory Notices issued on prescribed inspection/repair for buildings,就樓宇訂明檢驗／訂明修葺所發出的法定通知,382446,19/21 SANDS ST,382446,19/21 SANDS ST,TOW,TOW,11,11,815933.7,831505.4,22.2822746,114.13066068,2025/07/30 11:44:47+00
12710557.8265726,2544863.00054051,2004,Statutory Notices issued on prescribed inspection/repair for buildings,就樓宇訂明檢驗／訂明修葺所發出的法定通知,476770,19/22 CANAL RD W,476770,19/22 CANAL RD W,TOW,TOW,1,1,815393,836681.2,22.27739825,114.18088395,2025/07/30 11:44:47+00
12706327.9255686,2546146.50470606,2005,Statutory Notices issued on prescribed inspection/repair for buildings,就樓宇訂明檢驗／訂明修葺所發出的法定通知,1405481,191/193 DES VOEUX RD W,1405481,191/193 DES VOEUX RD W,TOW,TOW,2,2,816574.8,832765.4,22.28806726,114.1428856,2025/07/30 11:44:47+00
12711325.3170236,2550059.33513648,2006,Statutory Notices issued on prescribed inspection/repair for buildings,就樓宇訂明檢驗／訂明修葺所發出的法定通知,1780948,191/195 MA TAU WAI RD,1780948,191/195 MA TAU WAI RD,TOW,TOW,1,1,820175.5,837391.4,22.32058697,114.1877779,2025/07/30 11:44:47+00
12708822.3709769,2550469.02260244,2007,Statutory Notices issued on prescribed inspection/repair for buildings,就樓宇訂明檢驗／訂明修葺所發出的法定通知,255933,198/198A TONG MI RD,255933,198/198A TONG MI RD,TOW,TOW,11,11,820552.5,835074.9,22.32399202,114.16529355,2025/07/30 11:44:47+00
12709197.8045309,2549200.44549757,2008,Statutory Notices issued on prescribed inspection/repair for buildings,就樓宇訂明檢驗／訂明修葺所發出的法定通知,134152,199/199A RECLAMATION ST,134152,199/199A RECLAMATION ST,TOW,TOW,15,15,819385.1,835422.3,22.31344923,114.16866591,2025/07/30 11:44:47+00
12709322.2006964,2548336.80455885,2009,Statutory Notices issued on prescribed inspection/repair for buildings,就樓宇訂明檢驗／訂明修葺所發出的法定通知,1645937,199/201 TEMPLE ST,1645937,199/201 TEMPLE ST,TOW,TOW,12,12,818590.3,835537.4,22.30627234,114.16978417,2025/07/30 11:44:47+00
12709031.4796298,2549964.36732064,2010,Statutory Notices issued on prescribed inspection/repair for buildings,就樓宇訂明檢驗／訂明修葺所發出的法定通知,224088,1A FIFE ST,224088,1A FIFE ST,TOW,TOW,25,25,820088.1,835268.4,22.319798,114.167172,2025/07/30 11:44:47+00
12706413.7988806,2546166.51468229,2011,Statutory Notices issued on prescribed inspection/repair for buildings,就樓宇訂明檢驗／訂明修葺所發出的法定通知,351289,1A/1B EASTERN ST,351289,1A/1B EASTERN ST,TOW,TOW,11,11,816593.2,832844.9,22.28823422,114.14365736,2025/07/30 11:44:47+00
12708846.3002804,2551243.01121499,2012,Statutory Notices issued on prescribed inspection/repair for buildings,就樓宇訂明檢驗／訂明修葺所發出的法定通知,187534,1A/1E UN CHAU ST,187534,1A/1E UN CHAU ST,TOW,TOW,3,3,821264.7,835097.1,22.33042356,114.16550865,2025/07/30 11:44:47+00
12708692.2445645,2550879.1489872,2013,Statutory Notices issued on prescribed inspection/repair for buildings,就樓宇訂明檢驗／訂明修葺所發出的法定通知,286248,1G/1J WONG CHUK ST,286248,1G/1J WONG CHUK ST,TOW,TOW,1,1,820929.9,834954.5,22.32740013,114.16412454,2025/07/30 11:44:47+00
12711373.3724727,2549718.21852801,2014,Statutory Notices issued on prescribed inspection/repair for buildings,就樓宇訂明檢驗／訂明修葺所發出的法定通知,1023418,1K/1N LOK SHAN RD,1023418,1K/1N LOK SHAN RD,TOW,TOW,4,4,819861.6,837435.9,22.31775254,114.18820941,2025/07/30 11:44:47+00
12708960.759148,2550818.74603681,2015,Statutory Notices issued on prescribed inspection/repair for buildings,就樓宇訂明檢驗／訂明修葺所發出的法定通知,20004,2 APLIU ST,20004,2 APLIU ST,TOW,TOW,1,1,820874.3,835203,22.32689781,114.16653656,2025/07/30 11:44:47+00
12712006.9614422,2545987.00675474,2016,Statutory Notices issued on prescribed inspection/repair for buildings,就樓宇訂明檢驗／訂明修葺所發出的法定通知,241571,2 COMFORT TERRACE,241571,2 COMFORT TERRACE,TOW,TOW,4,4,816427.7,838022.7,22.28674195,114.19390141,2025/07/30 11:44:47+00
12705033.4530273,2545566.54801322,2017,Statutory Notices issued on prescribed inspection/repair for buildings,就樓宇訂明檢驗／訂明修葺所發出的法定通知,381570,2/3 TAI PAK TERRACE,381570,2/3 TAI PAK TERRACE,TOW,TOW,1,1,816041.3,831566.9,22.28324714,114.13125739,2025/07/30 11:44:47+00
12707351.4053827,2545673.23393667,2018,Statutory Notices issued on prescribed inspection/repair for buildings,就樓宇訂明檢驗／訂明修葺所發出的法定通知,909992,2/4 SHIN HING ST,909992,2/4 SHIN HING ST,TOW,TOW,1,1,816139,833712.8,22.28413338,114.15208,2025/07/30 11:44:47+00
12709672.6550395,2544719.27433269,2019,Statutory Notices issued on prescribed inspection/repair for buildings,就樓宇訂明檢驗／訂明修葺所發出的法定通知,442143,2/4 SPRING GARDEN LANE,442143,2/4 SPRING GARDEN LANE,TOW,TOW,3,3,815260.7,835861.7,22.27620404,114.17293158,2025/07/30 11:44:47+00
12707097.8872105,2545656.67659209,2020,Statutory Notices issued on prescribed inspection/repair for buildings,就樓宇訂明檢驗／訂明修葺所發出的法定通知,5209393,2/4 SQUARE ST,5209393,2/4 SQUARE ST,TOW,TOW,9,9,816123.8,833478.1,22.28399564,114.14980259,2025/07/30 11:44:47+00
12714937.1165218,2545508.27911273,2021,Statutory Notices issued on prescribed inspection/repair for buildings,就樓宇訂明檢驗／訂明修葺所發出的法定通知,600542,2/4 TAI FOO ST,600542,2/4 TAI FOO ST,TOW,TOW,9,9,815987.6,840735.4,22.28276217,114.22022325,2025/07/30 11:44:47+00
12709902.2293838,2549820.30511776,2022,Statutory Notices issued on prescribed inspection/repair for buildings,就樓宇訂明檢驗／訂明修葺所發出的法定通知,1289696,2/4 VICTORY AVE,1289696,2/4 VICTORY AVE,TOW,TOW,10,10,819955.5,836074.3,22.31860062,114.17499471,2025/07/30 11:44:47+00
12710745.1524313,2548503.16921239,2023,Statutory Notices issued on prescribed inspection/repair for buildings,就樓宇訂明檢驗／訂明修葺所發出的法定通知,1755184,2/8 BAKER ST,1755184,2/8 BAKER ST,TOW,TOW,6,6,818743.4,836854.5,22.30765513,114.18256673,2025/07/30 11:44:47+00
12710375.904472,2556756.8533584,2024,Statutory Notices issued on prescribed inspection/repair for buildings,就樓宇訂明檢驗／訂明修葺所發出的法定通知,1801795,20-22 CHIK FUK ST TAI WAI,1801795,20-22 CHIK FUK ST TAI WAI,TOW,TOW,1,1,826337.4,836512.6,22.37623337,114.17924989,2025/07/30 11:44:47+00
12711448.1343047,2551010.87038028,2025,Statutory Notices issued on prescribed inspection/repair for buildings,就樓宇訂明檢驗／訂明修葺所發出的法定通知,994673,20/22 HAU WONG RD,994673,20/22 HAU WONG RD,TOW,TOW,1,1,821051.1,837505,22.32849462,114.18888163,2025/07/30 11:44:47+00
12708163.8589558,2550956.03836794,2026,Statutory Notices issued on prescribed inspection/repair for buildings,就樓宇訂明檢驗／訂明修葺所發出的法定通知,1236175,20/22 KWEILIN ST,1236175,20/22 KWEILIN ST,TOW,TOW,1,1,821000.7,834465.5,22.32803917,114.15937828,2025/07/30 11:44:47+00
12706901.1432153,2545874.0349255,2027,Statutory Notices issued on prescribed inspection/repair for buildings,就樓宇訂明檢驗／訂明修葺所發出的法定通知,825455,20/22 POSSESSION ST,825455,20/22 POSSESSION ST,TOW,TOW,2,2,816323.9,833296,22.28580281,114.14803511,2025/07/30 11:44:47+00
12706904.9071329,2545962.79787051,2028,Statutory Notices issued on prescribed inspection/repair for buildings,就樓宇訂明檢驗／訂明修葺所發出的法定通知,687342,20/22 QUEEN'S RD W,687342,20/22 QUEEN'S RD W,TOW,TOW,1,1,816405.6,833299.5,22.28654051,114.14806862,2025/07/30 11:44:47+00
12704651.7180197,2572250.38253979,2029,Statutory Notices issued on prescribed inspection/repair for buildings,就樓宇訂明檢驗／訂明修葺所發出的法定通知,1523133,20/22 SAN HONG ST SHEUNG SHUI,1523133,20/22 SAN HONG ST SHEUNG SHUI,TOW,TOW,1,1,840583.5,831221.5,22.50487414,114.12782817,2025/07/30 11:44:47+00
12712357.3395088,2552963.90899254,2030,Statutory Notices issued on prescribed inspection/repair for buildings,就樓宇訂明檢驗／訂明修葺所發出的法定通知,1059775,20/22 TSUI FUNG ST,1059775,20/22 TSUI FUNG ST,TOW,TOW,2,2,822848.2,838346.2,22.34472277,114.19704931,2025/07/30 11:44:47+00
12707677.4906766,2541328.56866919,2031,Statutory Notices issued on prescribed inspection/repair for buildings,就樓宇訂明檢驗／訂明修葺所發出的法定通知,1006657,20/22 WU PAK ST,1006657,20/22 WU PAK ST,TOW,TOW,1,1,812139.4,834014.1,22.24801506,114.15500931,2025/07/30 11:44:47+00
12715274.9441465,2545334.24399487,2032,Statutory Notices issued on prescribed inspection/repair for buildings,就樓宇訂明檢驗／訂明修葺所發出的法定通知,569593,20/24 HOI NING ST,569593,20/24 HOI NING ST,TOW,TOW,1,1,815827.5,841048.2,22.28131612,114.22325831,2025/07/30 11:44:47+00
12708503.1294752,2551123.43645147,2033,Statutory Notices issued on prescribed inspection/repair for buildings,就樓宇訂明檢驗／訂明修葺所發出的法定通知,297330,200 YU CHAU ST,297330,200 YU CHAU ST,TOW,TOW,2,2,821154.7,834779.5,22.32942962,114.16242635,2025/07/30 11:44:47+00
12708463.2466379,2551235.2617594,2034,Statutory Notices issued on prescribed inspection/repair for buildings,就樓宇訂明檢驗／訂明修葺所發出的法定通知,270708,200/206 APLIU ST,270708,200/206 APLIU ST,TOW,TOW,5,5,821257.6,834742.6,22.33035901,114.16206801,2025/07/30 11:44:47+00
12709352.4510642,2548331.91627631,2035,Statutory Notices issued on prescribed inspection/repair for buildings,就樓宇訂明檢驗／訂明修葺所發出的法定通知,1655153,200/210 TEMPLE ST,1655153,200/210 TEMPLE ST,TOW,TOW,2,2,818585.8,835565.4,22.3062315,114.17005568,2025/07/30 11:44:47+00
12709304.8191299,2550354.94645277,2036,Statutory Notices issued on prescribed inspection/repair for buildings,就樓宇訂明檢驗／訂明修葺所發出的法定通知,185280,201/203 TUNG CHOI ST,185280,201/203 TUNG CHOI ST,TOW,TOW,3,3,820447.5,835521.4,22.32304383,114.16962814,2025/07/30 11:44:47+00
12709193.157037,2549231.84944479,2037,Statutory Notices issued on prescribed inspection/repair for buildings,就樓宇訂明檢驗／訂明修葺所發出的法定通知,1613195,203/205 RECLAMATION ST,1613195,203/205 RECLAMATION ST,TOW,TOW,10,10,819414,835418,22.31371038,114.16862425,2025/07/30 11:44:47+00
12711276.202272,2549174.13236446,2038,Statutory Notices issued on prescribed inspection/repair for buildings,就樓宇訂明檢驗／訂明修葺所發出的法定通知,1792074,204/206 MA TAU WAI RD,1792074,204/206 MA TAU WAI RD,TOW,TOW,1,1,819360.9,837346,22.31323093,114.18733727,2025/07/30 11:44:47+00
12706296.7064578,2546149.53969715,2039,Statutory Notices issued on prescribed inspection/repair for buildings,就樓宇訂明檢驗／訂明修葺所發出的法定通知,1406402,205 DES VOEUX RD W,1406402,205 DES VOEUX RD W,TOW,TOW,7,7,816577.6,832736.5,22.28809317,114.14260562,2025/07/30 11:44:47+00
12708511.5468909,2551237.76603737,2040,Statutory Notices issued on prescribed inspection/repair for buildings,就樓宇訂明檢驗／訂明修葺所發出的法定通知,281738,205/209 CHEUNG SHA WAN RD,281738,205/209 CHEUNG SHA WAN RD,TOW,TOW,1,1,821259.9,834787.3,22.33037953,114.16250113,2025/07/30 11:44:47+00
12709353.4376343,2550436.01844252,2041,Statutory Notices issued on prescribed inspection/repair for buildings,就樓宇訂明檢驗／訂明修葺所發出的法定通知,262097,205A/205B FA YUEN ST,262097,205A/205B FA YUEN ST,TOW,TOW,1,1,820522.1,835566.4,22.32371743,114.17006451,2025/07/30 11:44:47+00
12706899.3971522,2545967.57716779,2042,Statutory Notices issued on prescribed inspection/repair for buildings,就樓宇訂明檢驗／訂明修葺所發出的法定通知,351167,21 FAT HING ST,351167,21 FAT HING ST,TOW,TOW,2,2,816410,833294.4,22.28657996,114.14801911,2025/07/30 11:44:47+00
12711415.6205082,2549749.29441641,2043,Statutory Notices issued on prescribed inspection/repair for buildings,就樓宇訂明檢驗／訂明修葺所發出的法定通知,1222608,21 KOWLOON CITY RD,1222608,21 KOWLOON CITY RD,TOW,TOW,1,1,819890.2,837475,22.31801043,114.18858928,2025/07/30 11:44:47+00
12709025.7496175,2550019.67997438,2044,Statutory Notices issued on prescribed inspection/repair for buildings,就樓宇訂明檢驗／訂明修葺所發出的法定通知,59322,21 MONG KOK RD,59322,21 MONG KOK RD,TOW,TOW,1,1,820139,835263.1,22.32025763,114.16712107,2025/07/30 11:44:47+00
12706791.0708379,2545871.40601305,2045,Statutory Notices issued on prescribed inspection/repair for buildings,就樓宇訂明檢驗／訂明修葺所發出的法定通知,604373,21 NEW ST,604373,21 NEW ST,TOW,TOW,4,4,816321.5,833194.1,22.2857808,114.14704659,2025/07/30 11:44:47+00
12706191.9595349,2571570.10285138,2046,Statutory Notices issued on prescribed inspection/repair for buildings,就樓宇訂明檢驗／訂明修葺所發出的法定通知,1511525,21 WO TAI ST FANLING,1511525,21 WO TAI ST FANLING,TOW,TOW,6,6,839957.9,832645,22.49922896,114.1416644,2025/07/30 11:44:47+00
12709023.7706582,2550551.73725041,2047,Statutory Notices issued on prescribed inspection/repair for buildings,就樓宇訂明檢驗／訂明修葺所發出的法定通知,246118,21/23 KI LUNG ST,246118,21/23 KI LUNG ST,TOW,TOW,4,4,820628.6,835261.3,22.32467948,114.16710319,2025/07/30 11:44:47+00
12706315.8234726,2571607.34397354,2048,Statutory Notices issued on prescribed inspection/repair for buildings,就樓宇訂明檢驗／訂明修葺所發出的法定通知,1565636,21/23 LUEN CHEONG ST FANLING,1565636,21/23 LUEN CHEONG ST FANLING,TOW,TOW,2,2,839992.1,832759.5,22.49953739,114.14277752,2025/07/30 11:44:47+00
12715335.4006108,2545227.21477033,2049,Statutory Notices issued on prescribed inspection/repair for buildings,就樓宇訂明檢驗／訂明修葺所發出的法定通知,1499266,210 SHAU KEI WAN RD,1499266,210 SHAU KEI WAN RD,TOW,TOW,1,1,815729,841104.2,22.28042619,114.22380121,2025/07/30 11:44:47+00
12709314.0997608,2548298.77340609,2050,Statutory Notices issued on prescribed inspection/repair for buildings,就樓宇訂明檢驗／訂明修葺所發出的法定通知,1645972,211/213 TEMPLE ST,1645972,211/213 TEMPLE ST,TOW,TOW,12,12,818555.3,835529.9,22.30595588,114.16971076,2025/07/30 11:44:47+00
12709331.69595,2548597.15506277,2051,Statutory Notices issued on prescribed inspection/repair for buildings,就樓宇訂明檢驗／訂明修葺所發出的法定通知,214946,211/215 SHANGHAI ST,214946,211/215 SHANGHAI ST,TOW,TOW,1,1,818829.9,835546.2,22.30843567,114.16986871,2025/07/30 11:44:47+00
12709331.69595,2548597.15506277,2052,Statutory Notices issued on prescribed inspection/repair for buildings,就樓宇訂明檢驗／訂明修葺所發出的法定通知,214921,211/215 SHANGHAI ST,214921,211/215 SHANGHAI ST,POD,POD,2,2,818829.9,835546.2,22.30843567,114.16986871,2025/07/30 11:44:47+00
12708446.7128665,2551249.38825526,2053,Statutory Notices issued on prescribed inspection/repair for buildings,就樓宇訂明檢驗／訂明修葺所發出的法定通知,270811,212 APLIU ST,270811,212 APLIU ST,TOW,TOW,1,1,821270.6,834727.3,22.33047599,114.16191871,2025/07/30 11:44:47+00
12709358.598713,2548567.27450702,2054,Statutory Notices issued on prescribed inspection/repair for buildings,就樓宇訂明檢驗／訂明修葺所發出的法定通知,218015,214/216 SHANGHAI ST,218015,214/216 SHANGHAI ST,TOW,TOW,12,12,818802.4,835571.1,22.30818762,114.17011074,2025/07/30 11:44:47+00
12708518.7203731,2550792.6277999,2055,Statutory Notices issued on prescribed inspection/repair for buildings,就樓宇訂明檢驗／訂明修葺所發出的法定通知,174327,215 LAI CHI KOK RD,174327,215 LAI CHI KOK RD,TOW,TOW,1,1,820850.3,834793.9,22.32668038,114.16256611,2025/07/30 11:44:47+00
12708473.6369473,2551058.98814396,2056,Statutory Notices issued on prescribed inspection/repair for buildings,就樓宇訂明檢驗／訂明修葺所發出的法定通知,219727,216/238 KI LUNG ST,219727,216/238 KI LUNG ST,TOW,TOW,2,2,821095.4,834752.2,22.32889425,114.16216063,2025/07/30 11:44:47+00
